"","PC1","PC2","PC3","PC4"
"LS-14696_S75_E1-50",9.76252910420445,1.41245065047695,14.6577393623994,3.74670508968297
"LS-15002_S61_E1-50",18.0173286148663,-9.7218609002821,-0.0494107326808286,0.378187391133045
"LS-15002_S64_E1-50",15.7759684400779,-5.38368153173484,-0.764405445338561,1.51852273962851
"LS-15003_S52_E1-50",16.4773713832165,-14.6799677794583,-3.01899151221967,-1.03518670352899
"LS-15011_S20_E1-50",11.8825461285584,-3.75491197643241,6.0753050101385,7.12386255439618
"LS-15020_S02_E1-50",-2.01365069329336,22.3037158203495,1.3034830878681,-1.98011006150926
"LS-15020_S09_E1-50",-0.696474554642976,16.7238297997878,2.75901383425708,-7.20324067375131
"LS-15020_S12_E1-50",-41.1919773686282,-4.36644565495433,4.75542758745531,-1.0237990152081
"LS-15024_S15_E1-50",5.53523368953124,-12.6273146876892,5.4769182515864,5.7194116856461
"LS-15024_S24_E1-50",15.1064800580012,-3.8618543530101,6.24485663214756,3.83948643832577
"LS-15025_S52_E1-50",-3.86158339279206,20.0937145554517,-6.95211793123075,6.86065325110083
"LS-15031_S31_E1-50",-27.8365215197872,-0.173974089346669,1.20183690719763,-3.82359821715422
"LS-15038_S20_E1-50",-38.3216908445436,-1.17459882112403,-1.45872965601179,-1.15349022237422
"LS-15041_S62_E1-50",15.6267601864652,-12.4938320875331,-6.32637944780721,-9.5674229776694
"LS-15042_S35_E1-50",15.627223181416,-12.773895313583,-4.98431232760487,-8.440441626507
"LS-15042_S42_E1-50",13.5767973950531,-5.50315758016943,4.10119638039959,-5.61076171263384
"LS-15044_S65_E1-50",-30.1648760438016,1.53946555271346,1.1587400444602,7.12728944769823
"LS-15044_S69_E1-50",-1.40016674202717,-16.7135909939944,-10.8885527342463,-0.000597947952840128
"LS-15048_S28_E1-50",15.725213390186,-12.0397057174306,1.47133824455741,0.131646339830793
"LS-15049_S49_E1-50",8.8923528895589,-11.2453000340043,8.94233367094086,-10.8851352117947
"LS-15049_S60_E1-50",13.2166076625265,9.10889753470443,-1.21413615781273,3.76327076434202
"LS-15049_S73_E1-50",-1.2645783688078,20.3725205522474,3.7920880774243,2.83949214145306
"LS-15049_S88_E1-50",-47.061573576405,-11.22087221822,-4.32129357965768,-0.526637224329944
"LS-15050_S30_E1-50",13.4587882677783,10.7453638588798,-5.87239375818812,-5.44775721136986
"LS-15050_S33_E1-50",-2.16718744787475,18.6138930036829,-8.87081595715934,13.501647634284
"LS-15050_S34_E1-50",-6.28336577246099,13.1867821539469,4.38254510804433,-4.96396670338909
"LS-15050_S36_E1-50",14.2487491792196,-17.7446346747885,-6.05519644788219,-1.88729071457011
"LS-15050_S62_E1-50",12.3082849150707,0.728717952430287,10.5509683800338,0.767603854017661
"LS-15052_S01_E1-50",11.1226431157262,6.71701069488093,-2.7980198401659,-5.75612352098179
"LS-15052_S02_E1-50",-43.7269294357632,-8.49815648684825,-1.69100667285191,-1.63783126633432
"LS-15052_S05_E1-50",-42.5764199500859,-8.33817247792596,3.6897081169965,-12.736597096306
"LS-15052_S10_E1-50",13.5763331835879,4.14183130876116,-9.73487450463397,11.1492910175249
"LS-15052_S12_E1-50",-9.94752912874931,12.3210742151104,10.607235008893,4.5178061023635
"LS-15052_S14_E1-50",-43.6922637153072,-8.37659347454086,-1.72923301617093,1.67825496412964
"LS-15052_S16_E1-50",12.5028770263066,3.89005663076886,1.08902816253233,10.0175144530095
"LS-15052_S17_E1-50",12.9770914442294,-8.54548598116227,3.8756831522646,2.87788936882063
"LS-15052_S22_E1-50",15.4434630016884,-9.88120415728303,7.39557089498046,1.95003429509
"LS-15052_S28_E1-50",-7.73941793796187,20.9823663227187,7.94116413273823,-2.61742789761265
"LS-15052_S29_E1-50",9.7250410204152,7.77522404088952,7.69234869043275,-5.79008678668601
"LS-15052_S32_E1-50",-8.70333784888109,8.60277928911382,13.572275979564,0.93646957230435
"LS-15069_S55_E1-50",-44.8567118156651,-9.28238550567735,-1.25126284883025,0.722950015212165
"LS-15070_S64_E1-50",10.5826472178932,6.68137292340504,-0.613625287385044,3.81981034653238
"LS-15081_S96_E1-50",-45.4866584060408,-6.62592955851397,-0.664579334500491,-3.4792088281265
"LS-15082_S09_E1-50",-7.95842748326366,8.74357385116762,12.2905845962061,5.41529661803908
"LS-15082_S10_E1-50",5.50815247621143,9.27203020339799,-8.14569033349116,5.52245792623838
"LS-15083_S03_E1-50",12.3557788596518,-15.3219097888384,0.429101937710081,-7.35537084129267
"LS-15083_S04_E1-50",5.37256046749262,13.1435445255104,-8.02232210644963,4.600738812035
"LS-15095_S11_E1-50",-2.68201393006296,18.0020111148117,3.97599300511423,1.77507053619837
"LS-15350_S29_E1-50",13.2984869107391,-10.0479145142101,10.915674775515,-3.09052247910215
"LS-15350_S36_E1-50",-32.1936400533295,-8.29790785724695,15.1567063792183,-7.14485421437094
"LS-15350_S44_E1-50",14.9316447298966,-7.99097612270262,8.64350565196256,3.38869934679087
"LS-15350_S48_E1-50",14.8488163176021,7.80581747138924,-3.37699276933132,-8.52903155402941
"LS-15350_S51_E1-50",-6.177559771266,14.8398254803618,12.1469006608804,0.720773124174892
"LS-15350_S56_E1-50",15.0258730910633,0.153836408094732,6.41584983833146,-13.0041614231999
"LS-15350_S66_E1-50",-11.7151338043329,12.1293361168546,-4.3412345536719,-12.4451746201795
"LS-15350_S67_E1-50",17.0149327870212,2.4822070550345,-3.2799077768857,-13.0755176135045
"LS-15350_S73_E1-50",14.3190975634834,-8.39704604051339,-9.26241004257143,-1.55790800056432
"LS-15350_S74_E1-50",12.8688463801381,9.47868062594383,-17.2970136646268,-4.19641847403435
"LS-15351_S03_E1-50",12.6218022413233,0.51258495586461,4.54846737179768,-1.04617626781803
"LS-15351_S04_E1-50",1.33461801180195,19.8355798659077,8.3703242405576,-0.237321822489732
"LS-15351_S24_E1-50",13.3406622729913,-10.72633839784,9.53309473850342,-1.89993620968765
"LS-15351_S26_E1-50",16.1527626710876,-2.66122402058892,5.92066237780314,-1.73744922944525
"LS-15351_S36_E1-50",5.45058595639819,9.8411572719241,16.8956180223586,-1.6163929324376
"LS-15351_S37_E1-50",13.021960724306,-13.8991886022858,-0.712957168806544,-10.8232345857799
"LS-15351_S38_E1-50",-5.69792542372649,20.2663499551798,9.95289537905264,-1.11220254451781
"LS-15351_S53_E1-50",17.7863493622226,-8.26420521475165,-5.08621525119284,-10.5664280956184
"LS-15351_S56_E1-50",0.33202463979122,13.2248379598814,7.34682423975064,-1.94872297732336
"LS-15351_S58_E1-50",-2.62011364961855,18.0142800298494,6.43348999826117,-10.0576863572772
"LS-15351_S60_E1-50",-25.1550608436586,3.4678418952014,-4.28639047604549,-6.53623073251703
"LS-15351_S65_E1-50",-45.3891181994729,-7.32310558079642,-1.15157674559285,-12.0226075728369
"LS-15351_S67_E1-50",12.7337081057301,-12.5342566800316,-7.20293795602674,-5.84982004001798
"LS-15351_S69_E1-50",12.8496183465423,-1.72733397389095,10.757720360315,-8.17052475319127
"LS-15351_S70_E1-50",-37.8021496587285,-2.88585750329013,3.00822703875565,-2.9521033469788
"LS-15351_S71_E1-50",15.4334431055905,-6.90795950533996,1.0235918122835,-0.696502637655325
"LS-15352_S11_E1-50",15.8887966941657,-18.4093349098397,-7.82442438696973,1.2803868441913
"LS-15352_S16_E1-50",12.7809453141653,-0.800594022006492,3.95479869555068,-0.329399339503803
"LS-15352_S18_E1-50",14.5525864765137,-12.3462824424189,-2.68562745028907,7.82635974752152
"LS-15352_S29_E1-50",11.8535043650065,6.57427263566128,10.0035207933478,-0.255931898900981
"LS-15352_S74_E1-50",13.8301596152036,8.09416109435008,-9.49927642240344,-15.6550317749828
"LS-15352_S76_E1-50",15.4910328761775,-8.29193486385392,0.353746510018773,-9.11945161119315
"LS-15352_S77_E1-50",-37.0661462376582,-4.32952631359663,-4.63457262243386,-3.43103679922988
"LS-15352_S78_E1-50",-44.1639457828904,-7.49660553702308,-3.18109782394357,-3.45562194496963
"LS-15352_S80_E1-50",-2.38459754372212,20.0957005345159,3.30325865602177,0.232177103471775
"LS-15352_S83_E1-50",12.7595518749137,-14.5236131890387,2.56039233336796,2.48959430725412
"LS-15352_S91_E1-50",11.4994453449971,1.09133624011418,2.70223283231965,-2.79289044926635
"LS-15352_S92_E1-50",14.8582975064489,-9.55601908302831,7.73550235508712,4.38952370509233
"LS-15352_S94_E1-50",16.7970639981588,-9.02588776825511,-6.17067201114719,-15.6339871761423
"LS-15353_S23_E1-50",11.8001626887276,-10.7836130717814,-0.206286083336396,-9.17799725100672
"LS-15353_S35_E1-50",8.76496651067415,-11.9649462499515,9.92092390880582,-4.31299806992595
"LS-15353_S67_E1-50",15.0347431088496,8.99679618895119,-9.18947096924395,-7.25016633237127
"LS-15353_S83_E1-50",0.803656995879666,19.185929464011,0.356132693299825,-3.79490351145379
"LS-15353_S87_E1-50",12.7653696117762,-12.5484579817929,-1.19923920301354,0.49439440220724
"LS-15353_S88_E1-50",14.6219458374837,-0.769783867050807,3.99448267078604,-2.54738267283521
"LS-15359_S01_E1-50",8.19127822101901,5.86058196119829,-14.2317417705779,13.9927516612947
"LS-15359_S06_E1-50",9.53183456093369,4.94210337444535,-10.9664841465374,11.1674852855922
"LS-15359_S08_E1-50",14.1002546015641,-5.4338806543757,-5.21877304999768,5.71103658123454
"LS-15359_S10_E1-50",16.5498336889645,-5.50781565378731,-1.77707767327035,-9.60175367787334
"LS-15359_S14_E1-50",14.6115379801064,4.88772488186066,-6.6059318405777,-12.5856685066344
"LS-15359_S15_E1-50",12.815701936218,-10.5807146475528,-2.09781218593035,-0.334165831585105
"LS-15359_S21_E1-50",16.1853013610597,10.8396393885303,-15.5826398305744,-16.7981545204424
"LS-15359_S23_E1-50",13.5304679747754,-2.15113248761548,4.1903464886607,-2.31605119094314
"LS-15359_S25_E1-50",5.68316469732145,16.9151619247548,-4.54659500431669,-1.72411268952878
"LS-15359_S27_E1-50",14.171586187889,-5.84228566649073,-1.00689397079033,-10.2360621181747
"LS-15359_S28_E1-50",12.4467618209306,1.83738141378119,0.478152026114135,-1.90197636216138
"LS-15359_S32_E1-50",14.3471549707592,-6.27014061120838,8.33899994506288,-2.76129153072815
"LS-15359_S35_E1-50",0.847013183722622,16.2513179389897,6.6407432065638,-7.05364702078481
"LS-15359_S36_E1-50",13.5155599463432,-3.37741260020306,8.48661059137031,-5.45873608700674
"LS-15359_S37_E1-50",13.9011480350855,-15.2292338320331,-0.61893835219583,-8.49006702338196
"LS-15360_S01_E1-50",7.70788275737221,10.7907689357228,-14.3787652605634,2.63933631130663
"LS-15360_S02_E1-50",13.1731817991401,-8.55465819082817,-1.13625004067973,-5.46380928089599
"LS-15360_S03_E1-50",13.2694148927096,1.74561461924264,-5.97867309591487,-8.28437208530625
"LS-15360_S06_E1-50",9.93871966580113,-13.1445718902084,1.29845132035064,-10.8889703530044
"LS-15360_S09_E1-50",10.3532339763867,-10.0152561642338,3.57013389103708,4.87963062362555
"LS-15360_S10_E1-50",15.2188794373166,-9.27192503418594,0.716008000354118,-4.12985018409781
"LS-15360_S18_E1-50",14.4746821376448,3.16652958316088,-8.80193209253142,2.347812396383
"LS-15360_S20_E1-50",-8.28270960146565,20.1100924918261,-2.44593992913837,10.104069850967
"LS-15360_S21_E1-50",14.3589140309629,-15.8318593800901,-0.572503372504682,0.200470500115141
"LS-15360_S22_E1-50",12.6598708796235,-4.55091562872742,10.2397227571525,-3.21674414558833
"LS-15360_S23_E1-50",15.0850929135,-16.4031522357961,-0.622155680218716,-3.6457861042006
"LS-15360_S26_E1-50",12.5281077807726,11.6061859178683,-14.1871790113391,2.08775908191775
"LS-15360_S29_E1-50",1.21174906560243,20.1791314965456,8.87844816141102,-1.43958357724497
"LS-15360_S35_E1-50",14.5068491293768,12.509491164721,-11.46494663363,-16.9419907381683
"LS-15360_S36_E1-50",-45.9151914937519,-9.04031929764504,-3.31535187817416,-8.7719947058134
"LS-15360_S37_E1-50",15.9486208234346,3.86854529828146,-7.69148049584697,-14.6354888888154
"LS-15360_S39_E1-50",14.4996690759653,-9.65804929339508,2.31408451044851,-4.19117069239024
"LS-15360_S41_E1-50",12.5861139812443,9.82984994745141,-10.9080119799841,-15.5243453639599
"LS-15360_S44_E1-50",7.47385099888369,17.0715567471348,-12.6294340989665,2.02435237743505
"LS-15360_S45_E1-50",10.8106336225686,8.86332035942083,-12.9868245069785,10.8029963678223
"LS-15361_S66_E1-50",11.1885268546232,11.4118072870159,-4.52614485873583,-0.60192318898497
"LS-15361_S83_E1-50",11.9058151878946,7.88310904524997,-5.97071429779697,8.38042272526486
"LS-15361_S85_E1-50",10.0599313947731,8.3655533659642,0.0777555318343709,4.29479840978877
"LS-15361_S86_E1-50",14.3675110761263,1.78120141077377,8.31525623827783,4.7127947858926
"LS-15361_S91_E1-50",-38.5428715590898,-4.61340673768595,-0.698652955987671,2.25685882286649
"LS-15361_S92_E1-50",7.25243422898934,10.5102176810326,-3.37015889613554,7.10617805550297
"LS-15361_S94_E1-50",11.6350191584963,-7.01992043064416,7.34157246552893,4.53841648069352
"LS-15361_S96_E1-50",-40.1938039927061,-3.39592242009892,-2.52138797842506,-2.37506858872953
"LS-15362_S02_E1-50",11.4849391979256,-3.71541125640526,9.43288165776379,-0.976353552886507
"LS-15362_S06_E1-50",-6.01367567501881,19.4497722452267,3.42772939112393,-1.52461529014121
"LS-15362_S07_E1-50",-4.7739574549809,20.0977043716031,2.62302089184015,-2.67890997317236
"LS-15362_S10_E1-50",-37.6831762042813,-4.0165687637003,-0.636038502094233,-12.4900504469619
"LS-15362_S13_E1-50",19.2422401412188,-11.7103705606817,-1.17796960416153,-0.14181635463155
"LS-15362_S14_E1-50",-43.3138587653504,-7.05594458566901,-1.67990804690624,-7.7092492041894
"LS-15362_S17_E1-50",-1.72031453034152,15.0325203866985,-0.391800764568124,2.42642825161656
"LS-15362_S18_E1-50",13.7338886032869,0.396638448907007,0.251978823990304,0.511552647360784
"LS-15362_S20_E1-50",-4.27940742418821,20.8553221606789,4.04969987024781,2.6341846230221
"LS-15362_S27_E1-50",13.5306289326792,7.49843857573343,-5.13771194371566,-21.1396721939412
"LS-15362_S28_E1-50",4.59036699770298,15.8554219786193,-8.3180722720175,-5.59062503853412
"LS-15362_S30_E1-50",13.2936843419677,-14.3641420770947,-11.3381974093844,-12.779695104467
"LS-15362_S31_E1-50",5.73806085552899,-15.1669318908099,-8.17245709874891,-6.62913746205539
"LS-15362_S90_E1-50",-8.7597347299015,12.6874869545139,4.08890938538054,5.06206789903735
"LS-15363_S03_E1-50",10.867260179399,10.4841548655481,-9.2750182993195,-10.17361905508
"LS-15363_S05_E1-50",10.0121967009471,-6.57997929386636,12.4912013706311,-4.34639011971027
"LS-15363_S12_E1-50",9.8279084092301,10.7000867331557,-1.7779188378159,-12.1456831170689
"LS-15363_S13_E1-50",16.3522243850252,-8.99191005568926,2.70577492399749,-5.61045029610209
"LS-15363_S14_E1-50",-4.59282568645292,20.3123510106802,-2.27244144585431,-6.36406143204944
"LS-15363_S23_E1-50",2.57583658940786,13.9021916251672,4.22446602589215,-6.83271657953552
"LS-15363_S24_E1-50",5.68208672350192,14.4926921717774,1.11586995356908,-0.0754703747487224
"LS-15364_S10_E1-50",-4.57913430299493,18.2715095400767,8.00312963100201,-1.65581691595247
"LS-15364_S11_E1-50",11.9027456555409,-7.31211402462093,10.8806311666758,-1.14183894163337
"LS-15364_S14_E1-50",14.4293171264009,-8.27474641259301,9.27402100541838,-8.60652115441857
"LS-15364_S18_E1-50",13.0029497190022,-15.7847236575858,-9.46367492357813,-13.7502190385948
"LS-15364_S20_E1-50",-4.75515721547556,20.1145021128035,7.10861464360495,-5.07288159216144
"LS-15364_S22_E1-50",14.0724193305201,-10.5248260029409,1.87043058840179,-2.39715796697915
"LS-15364_S26_E1-50",5.90095125523032,9.69141295962841,-16.6268630537068,13.7055584368834
"LS-15364_S27_E1-50",16.8359793871861,-7.93851843562843,0.806524849521387,3.09470615368508
"LS-15364_S29_E1-50",10.8157856749889,7.92701152515505,-12.2847004890648,11.8198628197547
"LS-15364_S30_E1-50",14.7289870130729,-1.9699935292062,2.48908651765389,0.564480483737621
"LS-15364_S31_E1-50",-3.43776260604241,22.1256555895849,2.51500962152223,3.34223099042938
"LS-15364_S36_E1-50",10.9519163765645,-13.450391782013,-14.5258656664577,-3.36026597804643
"LS-15364_S38_E1-50",-0.683442243907486,21.2262630171435,-5.98859297344374,9.29440483982118
"LS-15364_S44_E1-50",-11.9446566025348,6.10810273722878,13.3390619003788,-0.726625010103783
"LS-15364_S47_E1-50",14.8347357069196,-10.417756282048,9.21093158198686,-4.16885959418216
"LS-15364_S50_E1-50",2.28612436815098,-1.88346042601103,19.4045478472485,-7.65633847363401
"LS-15365_S01_E1-50",-41.6730663455542,-8.47750185025487,-0.341735550350319,-4.01274314283499
"LS-15365_S04_E1-50",13.9940994935038,-12.6885607697888,1.69303418689921,-3.5558669108292
"LS-15365_S07_E1-50",-3.09145643758653,21.0738197392363,-1.54621323857534,0.219094559352583
"LS-15365_S19_E1-50",-41.9984673904374,-5.50728949364926,0.954071919938573,-1.44278557445948
"LS-15365_S24_E1-50",11.3625322372219,-17.8973586224955,1.20078769981762,8.23442041657234
"LS-15365_S25_E1-50",11.8713664417319,-3.48073589262018,12.0052216103044,1.97356075567186
"LS-15365_S26_E1-50",-7.73399895197196,18.0580473007756,7.41928362302656,10.7899705103581
"LS-15365_S31_E1-50",12.3111132069049,-17.1896676629596,-5.53109145855906,6.61103886413419
"LS-15365_S34_E1-50",-32.8421696827762,-0.784447791807104,-3.56750100221042,0.596894432001042
"LS-15365_S36_E1-50",-49.0893038298264,-9.32740072582402,-3.32467978951551,-3.10332528490128
"LS-15365_S37_E1-50",13.9427363231112,-14.3859049585404,-10.9245348006372,12.0323426234467
"LS-15365_S44_E1-50",14.4472277499725,12.2388901465687,-10.6073494185113,-3.06813682519136
"LS-15365_S49_E1-50",-5.41369434680179,23.6623628478625,2.35803573319159,-5.92840344775401
"LS-15365_S50_E1-50",-6.95938620021577,20.3115373890498,2.81301495935118,7.03377779555214
"LS-15366_S01_E1-50",8.14599083524931,13.3809996134591,10.275856854347,4.07926469750545
"LS-15366_S07_E1-50",5.14250312912668,12.5154264784455,-6.9737429778767,-2.79053528833191
"LS-15366_S15_E1-50",10.3288249873403,-10.3018537586431,-0.787159550949628,10.1994674730905
"LS-15366_S25_E1-50",-0.969665707928448,6.2044583598212,18.19674484126,4.07720036135698
"LS-15366_S27_E1-50",-3.54181942777734,16.2767184585025,13.1140905257198,0.132301304155683
"LS-15366_S30_E1-50",-5.56127397836808,11.1891654591934,8.35297125069147,-9.18235928817458
"LS-15366_S35_E1-50",0.398789219952158,16.0916492939481,6.43943357466671,1.51188427931475
"LS-15381_S05_E1-50",-27.5798653899165,1.50785614424248,0.750585632627529,-9.72770585851667
"LS-15383_S02_E2-50",-40.8000569623521,-14.4271537839279,-0.208026309101406,4.83867438140642
"LS-15383_S03_E2-50",12.8421003149332,12.1004734836123,-10.9076828260034,-8.10599972341626
"LS-15383_S04_E2-50",13.5830471770765,-6.01032967156791,-1.12979347958932,1.36418822712549
"LS-15383_S17_E2-50",14.1199491959795,-15.9468966133957,-7.74346973206524,-10.1005316800197
"LS-15383_S19_E2-50",14.5727501164644,-13.6183055378644,-1.22649086864516,2.48832322676455
"LS-15383_S22_E2-50",14.4882347375681,-19.0280152597619,-3.08900609738385,1.13030156198149
"LS-15383_S48_E2-50",11.663578054999,0.778457753188406,-1.48017826894612,6.60571210132475
"LS-15385_S56_E2-50",11.9029499884329,-12.7102776415131,-8.22157556757428,3.01639657979439
"LS-15542_S01_E1-50",-1.65910020621837,20.1703189479599,-2.31506710331756,10.4694179924392
"LS-15542_S02_E1-50",15.6497122527846,-6.01160994640408,1.96528277790666,3.00591160752276
"LS-15542_S03_E1-50",10.7173450246442,11.1344562609991,-5.04837413838142,1.13135466313136
"LS-15542_S11_E1-50",-1.38999226725742,20.5765811006728,-0.197019155173219,-0.328618312989952
"LS-15542_S13_E1-50",12.920740878572,-5.64986605231695,2.40485283143091,7.03119105123718
"LS-15542_S15_E1-50",12.2217585585734,4.55549298837034,6.10333749587942,1.30323365530731
"LS-15542_S19_E1-50",-1.38052032772092,17.7190331214482,11.2145664936347,-4.00216902370651
"LS-15542_S22_E1-50",17.4005090078247,-11.4697803422279,3.52654446626614,0.412221601723459
"LS-15542_S24_E1-50",11.1287411759883,14.4774730220658,-8.46805957788465,-7.47127545033798
"LS-15542_S34_E1-50",14.5941121994625,-7.5168634351305,7.46425581403404,8.84758630486747
"LS-15544_S03_E1-50",15.6277764318707,-14.321138188776,2.84052579727784,6.97172094200921
"LS-15544_S09_E1-50",14.8901500710827,-7.2139468863849,10.7361899498648,5.89002488235581
"LS-15544_S20_E1-50",-3.18580721293413,19.1455205455406,-4.42120291108625,-4.02531480187991
"LS-15544_S21_E1-50",8.93150830014923,10.7040540516352,-14.013331841739,-2.77000179369928
"LS-15544_S22_E1-50",3.02446600516587,18.3850635162114,0.621816277009555,-3.1770481895501
"LS-15544_S23_E1-50",-5.24585087836967,16.2823491751405,7.52013963898456,2.7399751231462
"LS-15544_S30_E1-50",-13.9770039482764,17.5323758752844,-2.77397294407553,5.71181485744364
"LS-15544_S32_E1-50",13.9250457067566,8.13905848453983,-9.08476711711315,-12.191765715652
"LS-15553_S17_E1-50",12.5774394732463,-15.5392180174848,-4.76766887670583,1.14675164996332
"LS-15561_S60_E1-50",-45.4943064642344,-12.9877712065813,-1.41166393446169,1.23306196685456
"LS-15576_S04_E1-50",15.1367486330618,-8.8192050021675,3.65976305992357,-6.10815675680223
"LS-15576_S09_E1-50",13.0323085464813,-17.4166173679861,-2.95690560733855,3.0469305953902
"LS-15576_S11_E1-50",-7.91090350908931,10.5085806152065,13.5334755636544,0.708010323163329
"LS-15576_S12_E1-50",16.4207678281171,-14.1032968444841,-2.78203861949007,5.32217956846882
"LS-15576_S13_E1-50",12.6189449118823,-9.43409171627422,1.56284896639458,-13.5232308305473
"LS-15576_S15_E1-50",4.68793586262136,15.5671566407852,-4.52285450023744,-6.95235204842318
"LS-15577_S01_E1-50",16.8199383373653,-11.1509936958724,0.311063009253789,-13.5302547601735
"LS-15577_S03_E1-50",13.2382495244362,-15.0089863902796,4.46764935263643,-5.28978318758303
"LS-15577_S05_E1-50",13.1158004758605,-8.39839038963001,0.0227982898172823,-0.00807908223560572
"LS-15911_S01_E1-50",11.1694434877714,-9.50496408759205,-10.7008409703686,12.0159216726047
"LS-15911_S02_E1-50",-2.91982021759626,16.2713887353288,2.91216640605388,8.24530128503497
"LS-15911_S03_E1-50",7.0415048850613,11.8204610586695,-6.53890734125989,0.313992881422661
"LS-15911_S04_E1-50",-4.34899832809444,14.2069009588529,-3.26374338806016,4.30475329323771
"LS-15911_S05_E1-50",11.3906446815532,-6.29056787069205,5.30245110995755,2.96804876957898
"LS-15911_S08_E1-50",-47.4936247205701,-9.49052425536146,-1.85521191776702,-3.7563919408888
"LS-15911_S93_E1-50",11.260126825701,-7.83427914306367,5.90462273107548,4.60770515364255
"LS-15911_S95_E1-50",-7.83165021360957,15.1765462166646,10.0275079706281,6.43034463355573
"LS-15911_S96_E1-50",12.9303036486384,-2.81371207669534,10.464749502389,8.64217435763792
"LS-15912_S45_E1-50",14.2548221087216,-7.67936332882224,3.2916748758008,7.70645362725878
"LS-15912_S48_E1-50",-10.4779814753284,8.73561250653991,10.7600842157566,2.37712932694252
"LS-15913_S70_E1-50",3.4552932833933,13.1257614822422,-6.03507841391864,-8.01588600630556
"LS-15920_S02_E1-50",10.8647349582784,-10.0690442281688,-3.02017786042885,6.37577713795741
"LS-15920_S05_E1-50",-2.14707576228062,15.9873471059733,-1.28918964480323,3.24406024624909
"LS-15920_S11_E1-50",-43.2911980791143,-7.89446473788418,0.692631674655251,6.99727352741075
"LS-15920_S67_E1-50",10.4820185880159,5.78860946578625,8.13810857170984,-3.58253099660852
"LS-15920_S96_E1-50",10.3098267562945,-13.7278049969344,-4.95837691484606,12.1841012825807
"LS-15921_S36_E1-50",10.7120089221554,4.1886473522906,2.00697730309986,4.69044410083814
"LS-15921_S43_E1-50",8.43811639410876,2.46806366259683,13.7061547550933,5.57144908157714
"LS-15921_S86_E1-50",12.4753397062002,-15.1931469112821,0.870097077066575,9.13763134559308
"LS-15933_S02_E1-50",-1.79382386808714,11.3336998959677,6.93751268106103,6.50535853962876
"LS-15933_S03_E1-50",10.2584841756202,-14.0800100053813,0.824507413293843,5.68817697116384
"SM-D9CXH_S86_E1-50",12.3707630303525,-12.6905497106385,6.89688996081777,5.88784315965205
"SM-D9CY7_S51_E1-50",3.85681476989679,11.3421027977752,5.80144647024797,1.68565342382322
"SM-D9CY7_S53_E1-50",-31.7457075293578,-16.1373453924274,-2.27411931935323,10.1373150277107
"SM-D9CY7_S58_E1-50",-39.5480580569012,-6.48741089285594,0.132248972790144,2.61502428708825
"SM-D9CY7_S60_E1-50",13.9680188367761,1.99544331414011,-1.52195445892139,8.31113335108831
"SM-D9CY7_S61_E1-50",14.7985632948374,-15.64107094161,2.65946279229309,3.06658855847422
"SM-D9CY7_S63_E1-50",0.89667561630808,9.13919030083901,12.479379319422,9.75707184320045
"SM-D9CY7_S65_E1-50",0.999945303077793,3.42675477989875,21.6181222073982,3.19047181370561
"SM-D9CY7_S69_E1-50",6.76886028242687,-13.9965888217432,-5.09900698598893,9.95402253791627
"SM-D9CY7_S70_E1-50",8.75572812810083,1.91779176058983,-11.8555675230303,14.4646766074084
"SM-D9CY7_S71_E1-50",-41.9804642806695,-4.69712516418478,-3.21933027782738,3.09639666793556
"SM-D9CY7_S72_E1-50",11.4490646427943,-14.1121339951293,-5.84471892847476,12.6210089334411
"SM-D9CY7_S75_E1-50",12.6228214257203,-8.83621466955909,7.26065215703321,10.5882016278066
"SM-D9CY7_S77_E1-50",12.3962206122745,-12.4871169668736,9.38317944204549,8.18930122738679
"SM-D9CY7_S78_E1-50",-0.0322423774032326,17.3105726041455,5.81832389110865,4.77024004033669
"SM-D9CY7_S79_E1-50",10.2502303853152,-15.4811713661564,-1.64490986650394,9.75321278428857
"SM-D9CY7_S83_E1-50",12.3043555706253,-9.85900848546739,-2.71581085445401,10.3941795611418
"SM-D9CY7_S84_E1-50",11.3046055599304,-8.02594140359502,1.83872939990086,10.7686234633451
"SM-D9CY7_S85_E1-50",-28.8855146239365,-12.8036988789084,6.11192085238599,6.33754895718317
"SM-D9CY7_S86_E1-50",9.78461365552889,7.26398738875125,1.00055429575275,8.41376568347394
"SM-D9CY7_S89_E1-50",-44.0777704537634,-6.10760668809642,2.9599720575763,6.81740061017888
"SM-D9CY7_S94_E1-50",12.4972654582097,2.12585048881821,9.06805344181718,6.8727909191702
"SM-D9CY7_S95_E1-50",15.0624587021099,-13.6356944339532,5.20039986951031,8.55411401800261
"SM-D9CY7_S96_E1-50",5.7988514241287,-11.9625105233805,6.92877633502549,5.49890963977713
"SM-D9CYA_S49_E1-50",12.8240059390999,-13.363760341003,3.09427474433804,8.51762761916016
"SM-D9CYA_S55_E1-50",8.55347559655749,-15.6174369551663,4.54068805945811,9.01930532971745
"SM-D9CYA_S56_E1-50",6.61446203477454,2.87306390555852,13.6623502348748,5.21845718757602
"SM-D9CYA_S57_E1-50",-41.8675088717417,-7.06837850732332,-1.6507541359272,4.81136494527359
"SM-D9CYA_S58_E1-50",-28.2486670097411,-8.71095362871118,2.14250434701135,5.98762042493654
"SM-D9CYA_S59_E1-50",-43.9858194435306,-8.77486298313382,-2.38988698139186,4.04974774323327
"SM-D9CYA_S65_E1-50",14.1632931241412,-15.3982901797676,-3.25419108823215,11.2657952384159
"SM-D9CYA_S66_E1-50",-44.6355194450895,-9.96550529642451,-2.01502923830847,7.44315010630353
"SM-D9CYA_S67_E1-50",-15.421584058047,-2.69363793440992,8.17824115291969,2.20366216496345
"SM-D9CYA_S70_E1-50",12.0489888997339,-17.2729737992191,0.867268745040069,9.04942657497029
"SM-D9CYA_S75_E1-50",10.4347156816701,-19.3485820109186,-5.54096354685674,13.3881362564117
"SM-D9CYA_S76_E1-50",2.40579484454691,-8.24617640329044,15.2448264223098,2.08252958312584
"SM-D9CYA_S82_E1-50",5.1472556443369,-9.3930558570479,6.8448937702466,2.09138740507519
"SM-D9CYA_S83_E1-50",-38.7124625320244,-7.79674448648221,-5.42825185033631,3.31540195469297
"SM-D9CYA_S87_E1-50",10.1161402774509,10.6682457138963,0.888801818312064,3.264136680728
"SM-D9CYA_S88_E1-50",10.8198456904328,-9.18214149604544,0.820924694097992,4.83981749380758
"SM-D9CYA_S90_E1-50",-1.4670060645338,15.622410488442,10.6885652197517,12.5290109983708
"SM-D9CYA_S91_E1-50",4.33198961486026,-2.80593659713973,19.1718953779486,2.22502821066234
"SM-D9CYA_S95_E1-50",8.71112949885421,11.9828420834511,-11.5128639898155,11.5045582432742
"SM-D9CZ2_S90_E1-50",10.716631543227,-17.4045082263738,-0.309104728798499,9.83339161701519
"SM-D9CZ2_S92_E1-50",9.89155114008399,7.24592737941623,-2.55475672515415,4.88972470993415
"SM-D9CZ6_S01_E1-50",9.74685906397136,-7.17558348044319,1.64887189693001,0.647767039509148
"SM-D9CZ6_S02_E1-50",8.207353879319,-10.4148987846395,5.86614076949287,1.66598536167618
"SM-D9CZE_S69_E1-50",-41.5588918782304,-7.09389969782881,-2.95971204697854,-1.23639454736362
"SM-D9CZE_S84_E1-50",-46.3638108367534,-8.04978352410733,-5.6757440518658,0.00247851021068324
"SM-D9CZF_S52_E1-50",-1.67168194666839,19.8236735239806,-3.37745518437091,-0.249926249037154
"SM-D9CZF_S83_E1-50",11.3606949734741,7.38729294850064,0.172127140147591,1.45956036606801
"SM-D9CZK_S33_E1-50",-3.10210157040077,22.8952813127962,-6.87701007598443,5.06056722076095
"SM-D9CZK_S35_E1-50",-45.8687010512336,-6.50191725218312,-5.01751153744994,-2.41914647359006
"SM-D9CZK_S36_E1-50",-37.784757612984,-8.70372461038033,-0.167805372079365,2.34634858458519
"SM-D9CZK_S40_E1-50",-2.34514930674218,13.2297599379879,-4.61413065546417,5.34060450464093
"SM-D9CZK_S48_E1-50",-32.2191953673084,-2.14618378842566,0.283504692065544,-0.115652211383705
"SM-D9CZK_S49_E1-50",-37.1045612723194,-4.20511755685178,4.47591543119899,-5.60198596476208
"SM-D9CZK_S51_E1-50",-30.2949578510931,-7.66171371343216,-0.789890618428279,5.88679271665169
"SM-D9CZK_S55_E1-50",13.1146934656206,-1.29369528151734,4.87095942744769,-6.93689055305627
"SM-D9CZK_S56_E1-50",0.561846587560447,9.8190567818101,-4.37369588111999,4.9073889207284
"SM-D9CZK_S60_E1-50",-13.272687207804,13.5665689039627,9.25898901219311,2.0095740859755
"SM-D9CZK_S62_E1-50",-6.98505888941711,9.66789926679537,4.71927284710178,4.80417976313606
"SM-D9CZK_S68_E1-50",-41.1089152214721,-9.01281189308056,0.0674246680236966,6.36448576013977
"SM-D9CZK_S70_E1-50",-38.2051303226486,-9.3609398728145,-4.22481870488664,-6.07983525218122
"SM-D9CZK_S73_E1-50",7.62656246733232,-10.7234228994131,11.0623062778257,2.87577102900279
"SM-D9CZK_S81_E1-50",9.11334405266189,-8.1305373138444,15.7407529782811,-7.64880480124522
"SM-D9CZK_S87_E1-50",1.04822931423972,18.557863425964,1.37425299431774,-0.670964759346554
"SM-D9CZK_S94_E1-50",12.3258938262416,-13.9024249618516,-12.4353929390484,-13.0714010558593
"SM-D9CZK_S95_E1-50",6.82840291540182,-6.98265474718048,13.084217485974,-5.48797597838372
"SM-D9CZL_S26_E1-50",14.9246593389852,-6.44379711730329,1.79614035908866,0.693302003764732
"SM-D9CZL_S28_E1-50",18.7498289081257,-10.9849175899189,-4.52341140888209,-5.02537373711652
"SM-D9CZL_S33_E1-50",-40.211077749494,-7.05358721375419,-6.05661693825557,0.566420824980039
"SM-D9CZL_S38_E1-50",17.0444916286784,-2.97592158950972,6.25909415778014,-6.74096505124854
"SM-D9CZL_S44_E1-50",14.4687025229322,-13.3528989899786,0.121496948809608,-9.94844550461773
"SM-D9CZL_S50_E1-50",-40.6268847797247,-10.5119195681344,-0.597423286794023,-5.14422970974785
"SM-D9CZL_S51_E1-50",-1.04713821980212,17.9437831636041,-0.00616835913342528,7.10986106021868
"SM-D9CZL_S53_E1-50",17.1878055290901,-15.3511906664522,-1.61425672706436,3.42656755821255
"SM-D9CZL_S54_E1-50",-43.6568267280605,-9.76491831353633,-3.57952495583597,2.50137654661101
"SM-D9CZL_S58_E1-50",-1.39674211858847,10.7010995591426,3.97970099054943,2.92761104926926
"SM-D9CZL_S59_E1-50",15.8576179239402,-15.920945695771,-0.174718210699477,1.50964493585008
"SM-D9CZL_S64_E1-50",14.098074238199,-6.35814560867499,2.4777377290676,7.30041780595583
"SM-D9CZL_S66_E1-50",6.43076450228365,-12.827431935204,3.25804140506628,3.90487300235908
"SM-D9CZL_S68_E1-50",-32.6734900979478,-6.09553970418208,-5.07041593408092,11.0243966958727
"SM-D9CZL_S74_E1-50",-16.5443879915848,5.6677681853855,-1.40053006590314,11.9409915325319
"SM-D9CZL_S77_E1-50",5.78514832031127,-3.66321969155847,10.3240414264824,2.88226507799445
"SM-D9CZL_S81_E1-50",13.13316344335,-6.61412489024525,3.01370225531786,9.74245017711442
"SM-D9CZL_S84_E1-50",11.81794163973,-16.1716905912186,2.76789544383729,5.92146986507912
"SM-D9CZL_S85_E1-50",-29.2173186794573,-7.59450236138389,2.10212320107281,8.64544676597449
"SM-D9CZL_S89_E1-50",-41.3303148588276,-6.47895866954691,-1.20583168483172,-5.88049425798274
"SM-D9CZL_S90_E1-50",9.5168729418785,8.42150686429866,-6.03825334000407,11.3964220884714
"SM-D9CZL_S95_E1-50",14.2572061532972,-15.4666927695578,-5.16683710571314,-7.88365009292274
"SM-D9CZM_S06_E1-50",-0.473909123770281,22.0013680562545,-5.21012232388908,7.70368390630929
"SM-D9CZM_S07_E1-50",-31.4810953315241,-10.8677931202119,-5.09364275625493,1.77478565762904
"SM-D9CZM_S11_E1-50",5.24371384606355,-12.6501137426503,-15.3700880012898,16.8721851901967
"SM-D9CZM_S14_E1-50",-5.52562069699906,18.476593483577,-4.40534477128562,2.94800837641791
"SM-D9CZM_S29_E1-50",3.93936849038982,-8.8333697441332,10.4561599549414,7.35527464576073
"SM-D9CZM_S57_E1-50",-2.917964871968,13.681653164535,-4.84451681441082,9.40889450629111
"SM-D9CZP_S03_E1-50",-44.3855970530654,-7.42927952003491,-2.30601198999731,-3.33228898855081
"SM-D9CZP_S07_E1-50",-44.0262718379584,-6.83725282058839,-3.02730218885199,1.35587946191793
"SM-D9CZP_S13_E1-50",-34.1988116949882,-4.16669304132623,-7.70674476446329,-4.54045621522573
"SM-D9CZP_S14_E1-50",14.9561096135771,-6.86360231846898,6.97366341080258,3.29296154505556
"SM-D9CZP_S19_E1-50",13.2877784046184,-10.9307724364896,8.00354277597286,8.61823962866061
"SM-D9CZP_S20_E1-50",-45.4064562655045,-8.53756720410795,-3.43194317058775,-0.670974236910628
"SM-D9CZP_S65_E1-50",-12.0437646582672,10.1832128758954,-5.59641033645997,-3.70118943331604
"SM-D9CZP_S66_E1-50",11.9369441531041,-15.1924915856694,4.38705758439686,-4.49909378611851
"SM-D9CZP_S69_E1-50",17.3837365191088,-15.3411261164552,-1.13081071988163,-7.68684573162389
"SM-D9CZP_S71_E1-50",14.7455649497273,4.89419480712259,1.48387467134202,-2.8070158545405
"SM-D9CZP_S77_E1-50",-30.4964188298342,-5.9391493841179,-4.65774249142448,4.06662192645619
"SM-D9D8K_S93_E1-50",13.0904078598558,1.62619269851603,9.64698184481597,-3.58543302821724
"SM-D9E4J_S50_E1-50",-1.94318043576894,17.3972051452703,-3.59186524091443,13.8876620366849
"SM-D9E4J_S61_E1-50",12.8762004528996,-1.85351476827612,3.89807445942112,-2.55891082028084
"SM-D9E4K_S73_E1-50",-35.3815466451215,-16.1849227874282,-1.21307539763328,2.86030128698614
"SM-D9E4K_S74_E1-50",16.4241363069511,-11.2432945882502,2.69692897030802,-7.34484204444089
"SM-D9E4K_S75_E1-50",7.73173515909177,-13.1424401959273,-0.305653559357151,-10.641490498675
"SM-D9E4K_S77_E1-50",14.962693086173,-16.0779095975445,2.53260187642445,-11.4909797831728
"SM-D9E4K_S79_E1-50",13.0824299657439,-15.2053950716346,2.8858920937215,-7.4961355877369
"SM-D9E4M_S62_E1-50",10.1108005952827,-14.4608065051773,-4.56247489391445,4.0998093347413
"SM-D9E4M_S65_E1-50",-1.91242531916859,15.938566622039,-10.0007453698273,3.27453434536951
"SM-D9E4M_S68_E1-50",-2.76813880173356,13.306321100765,-3.63371657414355,2.33245967491377
"SM-D9E4M_S70_E1-50",-2.4929791758394,13.5202880233144,9.78964664489686,8.3249210960057
"SM-D9E4M_S78_E1-50",-2.58188524563783,21.0955408559576,-0.0075836787621153,-6.18338346600348
"SM-D9E4M_S94_E1-50",7.62560409999932,1.11269039013287,16.7865544063361,-10.2980350288634
"SM-D9E5J_S22_E1-50",-15.3442931195172,8.83658757368513,-4.23338319414249,-5.16518032613593
"SM-D9E5J_S23_E1-50",6.05368065422818,11.8058138114663,-0.361481733279088,-13.2912875590479
"SM-D9E5J_S35_E1-50",-7.77226762104429,18.5487385699855,1.11985569997695,1.12137581370875
"SM-D9E5J_S38_E1-50",13.5172257186376,-17.6385617145827,0.183251894639055,2.99624222249117
"SM-D9E5J_S40_E1-50",-3.05661509902233,17.3305169985617,-2.98050148546221,3.13312771727285
"SM-D9E5J_S50_E1-50",1.69854939772172,18.0850509649749,3.09355244382895,-1.75372010686811
"SM-D9E5J_S86_E1-50",9.65611184631239,3.9136067353577,3.32263504012196,-0.657502972246208
"SM-D9E63_S05_E1-50",15.7753310785689,7.33756100366602,7.11062223218159,-8.72115552002623
"SM-D9E66_S94_E1-50",12.9205296880036,-10.6006504220783,5.58333187311753,4.42241802080461
"SM-D9E66_S96_E1-50",14.7013253741564,-8.25321615293082,7.34227299078722,-7.41966100912922
"SM-D9EOS_S06_E1-50",12.7325218147908,-10.4257668417272,-0.323126607959076,9.38105735028712
"SM-D9EOT_S01_E1-50",-7.99415095938071,10.7526624553069,12.6471568414531,-5.79775002117642
"SM-D9EOT_S03_E1-50",10.7939897565401,-3.77455751149498,9.78364995434585,1.31563224420523
"SM-D9EOT_S08_E1-50",12.5650930846987,-8.63700624568919,12.0098114609361,5.44900308300621
"SM-D9EP8_S07_E1-50",-42.8526188075121,-8.30631786558924,-0.236813461865485,-3.61805671603884
"SM-D9EPN_S52_E1-50",14.9138087880863,-11.9374020098418,-9.29370100545593,-16.7493388553703
"SM-D9EPN_S55_E1-50",11.5410313564825,-12.8353337502164,0.840683561455565,7.49851981843918
"SM-D9EPN_S62_E1-50",13.5238941693827,-5.31425380860578,-0.293455669725525,-0.198783515160202
"SM-D9EPX_S31_E1-50",11.3524519634757,-1.83937299859341,12.2752580953783,1.85158208066793
"SM-D9EPX_S32_E1-50",-10.6625902798561,-8.21500494469831,5.32878528121788,-3.28302114003249
"SM-D9EPX_S33_E1-50",-0.953962798470476,21.6505398595069,2.76605417637787,4.78865149150303
"SM-D9EPX_S35_E1-50",6.3275977730599,11.6320380536797,7.04652947962174,9.5243859125097
"SM-D9EPX_S39_E1-50",-43.0261550673606,-5.47727512834847,0.0105439777817526,6.0837998596365
"SM-D9EPX_S40_E1-50",-46.2188952635919,-11.0069455726313,-0.91830649412926,-0.643465365918188
"SM-D9EPX_S41_E1-50",-41.211766381056,-6.56885867866188,-1.90676183308677,0.847732178497569
"SM-D9EPX_S42_E1-50",8.65401112694852,-8.89588808456211,-3.74854464542373,2.44987077927207
"SM-D9EPX_S46_E1-50",11.5769955918255,-14.7089881445011,-8.63853195329767,9.6036697842412
"SM-D9EPX_S49_E1-50",-29.74273955074,-1.05893264213359,-1.86866432525144,1.55770095934187
"SM-D9EPX_S53_E1-50",12.1436596258064,-12.9100202889838,-3.40254856921237,5.83237401151385
"SM-D9EPX_S54_E1-50",13.4653021973893,-17.760267720452,-3.07590344848671,5.76144382529161
"SM-D9EPX_S57_E1-50",-46.0023412482677,-10.1984943797405,1.83897966826055,-4.38530543331661
"SM-D9EPX_S59_E1-50",-39.9986563158675,-7.34191097377668,-2.38023804694538,6.62659855532294
"SM-D9EPX_S60_E1-50",9.94662560928972,0.120503966089921,7.54382417336701,1.81682270878299
"SM-D9EPX_S61_E1-50",9.80500703705899,5.10856254797208,6.64451077588483,2.5979126666408
"SM-D9EPX_S64_E1-50",16.0409330455475,-11.8303588335401,2.5580113428877,6.53789399253315
"SM-D9EPX_S71_E1-50",-9.01050694715976,12.7609496848485,-2.25334325169088,-0.720178593761138
"SM-DAIFD_S58_E1-50",-31.7250984621308,-3.30467268599859,11.6105342071425,-5.94005898404912
"SM-DAIFF_S72_E1-50",-43.0787774336484,-8.32864533346448,5.90706947943226,2.75093050425519
"SM-DAIFU_S65_E1-50",7.6992245159309,-12.1964300923385,-5.1571127208059,2.34295768229044
"SM-DAIFU_S67_E1-50",7.6142233731681,15.3980887129269,-4.83437159865078,-7.84639752404029
"SM-DAIFU_S68_E1-50",10.5296544737406,9.19502749489395,-10.3239283990139,-1.19142260642352
"SM-DAIFU_S69_E1-50",10.7733717190826,4.6662964383587,-10.2467004248707,-2.82116727573164
"SM-DAIFU_S70_E1-50",5.92134142141595,6.36861646741271,-10.5460405687042,10.9539914738502
"SM-DAIFW_S93_E1-50",-32.1072624377011,-8.62577973027972,-9.69028684062873,-0.428662537074067
"SM-DAIFW_S94_E1-50",10.7592232612567,-6.82238602109691,-20.6531155718497,3.04641708714002
"SM-DAIFW_S95_E1-50",-15.1985338705692,2.4606266366767,-10.7414281012041,11.5321678695129
"SM-DAIFW_S96_E1-50",-29.0462449206185,-7.13801666450122,-11.9577050595955,8.7188642779791
"SM-DD45I_S016_E1-50",1.61156581555915,0.293307616701293,20.3934406624456,-2.5516853591716
"SM-DD45K_S130_E1-50",12.5234289643807,-1.08389999384662,-9.59322111097649,15.2615460153929
"SM-DD45K_S136_E1-50",-42.3224176007671,-9.53091741248814,-9.26400669672308,-5.73908721670411
"SM-DD45L_S146_E1-50",15.3360848341456,-9.72574353295968,-4.72742988524679,-10.2239854929024
"SM-DD45L_S159_E1-50",12.5097719071625,-7.31385055604712,8.71323077299079,-0.0749634016759945
"SM-GE635_S023_E1-50",17.1927944775183,-14.3052547638008,-2.75887300436922,-2.95998146305505
"SM-GE635_S024_E1-50",11.7004284227439,-2.36820532092048,-4.32915228448123,6.75397224769961
"SM-GE635_S029_E1-50",10.5003517903435,5.56394455670744,0.0965454708095442,7.1346669545682
"SM-GE635_S035_E1-50",18.4367024568333,-8.13703535728486,-6.4245107207521,1.74145721846163
"SM-GE635_S038_E1-50",15.2019931662402,0.87932463383518,-11.2056427259285,4.20262633667152
"SM-GE635_S042_E1-50",-11.7009359975292,12.5939650019683,-1.78102213310278,-2.7503897162048
"SM-GE635_S044_E1-50",8.72723117165249,10.0394193368732,-16.0918695841109,7.89187415819934
"SM-GE635_S114_E1-50",13.1837166279572,-8.81151645041576,-8.37561150908913,5.04220458375991
"SM-GE635_S121_E1-50",11.452667996869,0.980841245527027,10.2476279158409,6.68075756479533
"SM-GE635_S126_E1-50",10.2868661748616,-17.584181949217,-14.4161748251269,-7.97503296377838
"SM-GE635_S130_E1-50",-38.0786417752461,-2.89851333964345,-7.16587102325932,-3.39333287543263
"SM-GE635_S131_E1-50",9.50443325157846,-11.9341776809997,7.906630752973,1.88962134566498
"SM-GE635_S133_E1-50",1.02332579669113,1.57557468737449,18.5581513056403,-7.56944484383436
"SM-GE635_S138_E1-50",-42.0363898883508,-4.87210269633292,-2.84283768465352,-3.95500507961241
"SM-GE635_S141_E1-50",13.046467953818,-9.9190728231157,1.98970670603569,-5.34142096918015
"SM-GE635_S142_E1-50",13.2619077449146,-12.1886046272273,1.90200512072288,-1.03711489988644
"SM-GE63I_S058_E1-50",10.005679395022,-8.48539792140987,0.765779485686489,-6.02324210567261
"SM-GE63I_S059_E1-50",0.482238665243737,14.9678787127827,-7.47540913037933,8.12298559585557
"SM-GE63I_S060_E1-50",12.777913913689,2.10879739076343,-14.6445886664215,6.11025113554511
"SM-GE63I_S062_E1-50",15.8016219175275,-8.62043939774267,1.09090832189328,-3.2166933180591
"SM-GE63I_S063_E1-50",15.4051951259414,10.100834762845,-13.7673402324758,-9.62731880783213
"SM-GE63I_S064_E1-50",7.9316764383509,8.93049686165149,-12.7802124466858,13.3866562683547
"SM-GE63I_S065_E1-50",3.86157233511388,17.5694794458341,-1.15212776917334,-2.08472662924093
"SM-GE63I_S066_E1-50",16.7004445254878,-9.71315424469819,-10.1672632294722,-10.4248563120942
"SM-GE63I_S068_E1-50",14.9573996055595,-5.62919909627381,1.26022020352668,-0.0425513547226867
"SM-GE63I_S070_E1-50",7.40476176157324,-10.833047057984,9.45429785944576,0.528386253800021
"SM-GE63I_S071_E1-50",13.5917421218744,1.48775075199021,-15.7358420310658,13.8465672905877
"SM-GE63I_S076_E1-50",9.6989936384664,-16.6057421971132,-10.4694574801802,1.07301736610243
"SM-GE63I_S077_E1-50",17.2858881480022,-11.7025577799776,-5.8941052387128,-6.59003037273452
"SM-GE63I_S085_E1-50",8.13740814411796,-12.9742708507287,-4.52939793389072,-6.16393701600541
"SM-GE63I_S086_E1-50",14.5745827453199,10.7482809971808,-16.8488124157331,-12.8530873797064
"SM-GE63I_S088_E1-50",-42.8873097297915,-6.76187510271319,-3.06400800338517,-12.8808540827022
"SM-GE63I_S091_E1-50",7.96267278378865,3.57463805956215,-11.2694700365656,11.6126551101793
"SM-GE63I_S094_E1-50",-38.5407616506002,-7.77448450529363,-3.94827878114197,9.45564381312416
"SM-GE64C_S049_E1-50",-44.9184888952053,-10.6873762509456,-3.61350816966964,-16.1239128826715
"SM-GE64C_S054_E1-50",-41.8102099330834,-2.67704962730503,-5.88151972639013,-4.94899838980864
"SM-GE64C_S060_E1-50",-47.9747132144557,-11.3523222127445,-2.4511970766509,1.10522806177955
"SM-GE64C_S071_E1-50",-11.6516971560201,10.6793895395466,12.1765436812696,-3.71514498388059
"SM-GE675_S098_E1-50",15.9393306112606,-9.8004265173022,-10.5795346298537,-0.736140105245578
"SM-GE675_S100_E1-50",2.15628077337171,20.717539567964,-6.20090091434482,0.366340800777254
"SM-GE675_S109_E1-50",10.6690270276774,10.2178981496296,-11.3901390257132,-6.52410877755625
"SM-GE675_S110_E1-50",16.6881143189641,-7.36005315542556,3.05515769379645,-5.41397686379867
"SM-GE675_S114_E1-50",-42.3564250084918,-6.11346343637602,-2.37479360636897,0.970622627808007
"SM-GE675_S118_E1-50",15.1943081495587,-5.70837239544772,-12.694407214534,-2.09972007328005
"SM-GE675_S119_E1-50",7.69522644818386,10.9019309298896,-19.7346435648733,4.49059014967567
"SM-GE675_S135_E1-50",13.6428086585474,11.5587916876634,-6.20033219120317,-3.51759890698849
"SM-GE675_S141_E1-50",0.149674897901384,14.6153303244371,-15.9027081316031,7.53315575480812
"SM-GE675_S142_E1-50",0.416702182399329,19.017153781606,-11.4477469931682,12.2236972009208
"SM-GE675_S143_E1-50",15.2726040538412,5.78106781950481,-10.9326287090505,-8.43679235222182
"SM-GE675_S146_E1-50",15.8824343579213,-6.28299094198558,5.47493312827469,-12.7601691867535
"SM-GE675_S149_E1-50",-0.97790421265301,21.542030368271,0.380316155578982,-1.22062768784981
"SM-GE675_S150_E1-50",17.3958884664695,3.33558902961942,-10.2043723196748,-6.90273292224765
"SM-GE675_S152_E1-50",10.0302617475641,10.7662322565335,-12.9831307488685,4.50992040194231
"SM-GE675_S153_E1-50",-0.119838412475429,21.2526544131482,0.211155020731456,-1.54068385650424
"SM-GE675_S158_E1-50",-41.5931214666675,-8.72079862987031,-3.36643262666361,-6.65439382572129
"SM-GE675_S160_E1-50",0.436436416437939,21.4929846659564,3.60437401768074,-11.6904266934282
"SM-GE675_S161_E1-50",11.8363814548457,6.71735378689429,9.41270568389037,-0.396464222052285
"SM-GE675_S163_E1-50",-26.8933329410409,4.58676229631426,-6.09144801510143,-5.48423628759213
"SM-GE675_S164_E1-50",14.1965462264046,1.12795105294725,8.97389387687473,2.03815948772572
"SM-GE675_S165_E1-50",-8.04858973454197,18.9164743368569,3.73065401759731,4.68792139594998
"SM-GE675_S166_E1-50",-28.5846257683508,0.13803057800997,0.539445660920674,-1.30039367354196
"SM-GE675_S171_E1-50",-5.01208910926593,12.1423545341184,10.3019672203187,1.07161011262159
"SM-GE675_S173_E1-50",16.0908757719382,-16.7546191875502,-5.41802851590049,-3.83227822969955
"SM-GE675_S178_E1-50",12.8504351231174,2.98157417024669,8.93903525963277,2.43269025104735
"SM-GE675_S179_E1-50",-8.44155649376986,11.0565085391531,9.86918079467429,0.459722143798158
"SM-GE675_S180_E1-50",-7.54651033343151,9.85390116801754,15.1338635868911,-8.21273237238778
"SM-GE675_S182_E1-50",12.5259843757662,-1.23210749196751,12.8025582722494,4.17350452518599
"SM-GE675_S184_E1-50",-1.50121547968131,21.039632456026,3.96707863471827,-1.54642202018432
"SM-GE675_S185_E1-50",-6.812963249196,0.730075491012666,21.9312150427037,2.84031283451228
"SM-GE675_S186_E1-50",-0.87760034771993,7.5345469388139,20.513950642478,0.419510904699401
"SM-GE675_S189_E1-50",12.6369459941403,2.21178711990714,5.53364216387697,1.38293582971658
"SM-GE675_S192_E1-50",16.9519064183047,-8.90143423071866,2.97870916216933,-4.09645104793429
"SM-GE676_S099_E1-50",16.1371534999446,8.34712714520347,-15.7936614332869,-6.12100611518061
"SM-GE676_S102_E1-50",11.1135707581198,0.746665031809355,-11.6625509439942,10.3270685118998
"SM-GE676_S104_E1-50",16.0464089612782,-5.8318764795386,2.77829944850747,-4.2247676491486
"SM-GE676_S105_E1-50",4.05259307297561,17.857394980674,-7.31843888165673,-6.71543352981641
"SM-GE676_S106_E1-50",-38.1452792544412,-0.0811705696516289,-1.85040113991255,-5.31181924627964
"SM-GE676_S110_E1-50",11.8386292330864,-1.73631533823851,11.9531658943317,-0.261122372245336
"SM-GE676_S111_E1-50",11.8983141745284,14.359265102247,-18.1944026452387,-2.7586183565507
"SM-GE676_S112_E1-50",14.9280467316491,-4.2777249865283,-12.1986836712006,-9.45613397688664
"SM-GE676_S113_E1-50",14.7468251928388,-8.84563469852063,-1.25680364463563,-3.11915860608408
"SM-GE676_S114_E1-50",15.7889558875952,11.2149948793739,-5.93151029834509,-11.5088452133038
"SM-GE676_S115_E1-50",15.4134620025282,-12.8398894561388,-3.52332980086631,8.55471945350361
"SM-GE676_S121_E1-50",4.16643312645569,15.9319447263183,-10.2003230209107,0.0985520633358803
"SM-GE676_S125_E1-50",-0.906524989451498,21.3164564854439,-0.0253406188613067,-3.77214323208543
"SM-GE676_S126_E1-50",-40.1047290646739,-9.02275576575834,-4.81662210691157,-0.49614281165048
"SM-GE676_S128_E1-50",-41.3344410343568,-3.05095843465576,-3.62404462661777,-1.61294533184525
"SM-GE676_S130_E1-50",0.153963159448766,19.3634650603312,0.595362873904428,0.0811597607779403
"SM-GE676_S131_E1-50",14.7375396769439,-3.79628914917872,3.07398269270448,2.65120274132877
"SM-GE676_S134_E1-50",17.1146185777035,-3.40068903024473,-12.4364145691886,-8.49822414722914
"SM-GE676_S136_E1-50",13.5069298454635,10.3747602148563,-18.8604165354492,-5.21678035377403
"SM-GE676_S145_E1-50",1.56304086505682,19.1541841794558,-6.18994664891845,0.367023484674096
"SM-GE676_S146_E1-50",15.9208033410148,-5.90204329617392,3.86759591327767,-9.96606272497045
"SM-GE676_S147_E1-50",-1.05784644993817,20.4937098801755,-3.97021201664868,1.52398789163232
"SM-GE676_S150_E1-50",14.2933726300494,-2.38433602244222,3.22474850253158,1.69701097674008
"SM-GE676_S153_E1-50",8.12266056067283,13.7177644340344,-1.96497099718955,-6.52843833676329
"SM-GE676_S154_E1-50",12.1759454787487,-14.3283695617868,-4.18926095098603,-1.20043387955719
"SM-GE676_S155_E1-50",-5.63898040962039,18.3205839534263,2.45653322628223,0.703962518517318
"SM-GE676_S158_E1-50",-23.697822204441,3.47391559286427,4.64443361944626,-8.8366009864614
"SM-GE676_S160_E1-50",-1.63348888305626,18.847736865155,3.24028323739706,-1.6340239778677
"SM-GE676_S161_E1-50",3.68246777602154,20.3177972301624,-8.48819120669031,-2.55571910396744
"SM-GE676_S162_E1-50",-41.0607117456792,-6.56692687920926,-2.32842299421885,-2.94823348913925
"SM-GE676_S169_E1-50",4.9672756351585,12.3249112068393,3.91852398752789,-2.65166252434459
"SM-GE676_S170_E1-50",11.5090084601708,-13.0310950182824,-0.129032700890568,-5.88055779092535
"SM-GE676_S171_E1-50",14.2669746686014,-12.8047270348916,-4.63622203991171,0.138207795693292
"SM-GE676_S172_E1-50",-1.1824424402587,21.9329568251475,-0.130837537868473,2.1851278116984
"SM-GE676_S173_E1-50",-7.1490042796199,18.7464663665966,10.1762300959826,-4.49344720028448
"SM-GE676_S180_E1-50",-9.15567522661408,14.2887347292771,12.4478192805528,0.533485107165075
"SM-GE676_S184_E1-50",16.8322729264356,-9.95461269396618,6.49714039999902,3.52081986244535
"SM-GE676_S188_E1-50",-7.93515061258459,10.6925621347052,10.8153456241865,-6.74780456516626
"SM-GE676_S190_E1-50",3.54883898554022,8.04948046244404,19.5637902404962,-2.42637088921702
"SM-GE676_S191_E1-50",10.271243237141,14.0257742842622,-7.33033423041366,-9.17946719293216
"SM-GE67S_S010_E1-50",7.21047470770566,-13.0554620465897,-5.54896061621058,-0.199140144124133
"SM-GE67T_S046_E1-50",-41.0334780651715,-2.53436172774167,0.342893115546365,1.96009538463794
"SM-GE67T_S057_E1-50",10.356820703494,14.1764420442518,-11.0544801032993,4.78447861055235
"SM-GE8ZO_S033_E1-50",12.8100082187717,-16.4226029558631,-1.83440191050512,8.26536998721015
