"","PC1","PC2","PC3","PC4","PC5"
"Dqx1",0.00327030922142136,0.00396125410319674,-0.00236567290061512,0.00917902376291639,-0.000652433748760959
"Fos",-0.00227313034671106,-0.0719182332418142,0.227416898640505,0.274265380924279,-0.0785030579336824
"Scg2",0.030411603907199,0.00393319627916736,0.12606109739141,-0.0291577766648139,-0.0227783374031403
"Cyr61",0.0361647391647172,-0.0476907135318376,0.082995872050243,0.0860685403424074,0.0212224277308017
"Pdyn",0.0147924363628537,-0.0296557284116293,0.0681947233236804,-0.0612838761107733,0.00510937536929894
"Pcp4",0.056612995133156,0.0221284978546695,-0.0164250652031084,0.019716043005701,0.0248406702702478
"Cenpf",-1.13171913317331e-05,-0.00188062107533726,0.0148467785732824,0.000451448392166542,0.00011335078460941
"Inhba",0.0253228691106034,-0.064234908415732,0.0778831472915085,0.026331638898194,0.0548958306780122
"Malat1",-9.38308527560864e-05,0.00185113402995833,0.0123620922714161,-0.00194333606013694,-0.00695737533132729
"Lypd1",-0.00966218491323324,0.0100923944786116,-0.0311703172302833,0.0358409701783926,-0.0268957173300151
"Penk",0.0206004464649835,0.00214743355292428,0.000295869122958554,0.0225666791179422,0.0316118401824828
"Tac1",-0.0512809955815671,-0.00289051178010861,0.0657784771261516,-0.00202541088574141,0.0811808494358902
"Ak7",-0.00643323553014814,0.0107313067118515,-0.00692674742235259,-0.00536594820585538,0.00498288371917996
"Mgp",0.0747754603236517,-0.107204818394535,-0.076885601280193,-0.0145598933429781,0.0190326110963023
"Pvalb",-0.00939197511067321,0.0917385933620593,0.0227641124175701,0.00202054686904158,0.0193582288202465
"Rab3b",-0.190223440188731,-0.199927447831252,-0.12393772119825,0.0127042689648287,0.121454587212507
"Trh",-0.000833194950963866,0.0087781195412794,0.0167009392921829,-0.0100235152049723,0.000303514119431158
"Sostdc1",-0.0106860765395707,0.00504449195565936,-0.00842481112403734,0.0124357508219488,-0.0195997751629907
"Atp1a3",0.00100523785462759,0.00925296304866686,0.02207655302393,0.0057486157833228,0.00183655592189904
"Egr1",0.0285363285239986,-0.0608258254395512,0.0657727179310015,0.144260947679617,-0.0320163794618442
"Junb",-0.0118996172370563,-0.0929316625200046,0.0859835323083905,0.149801068393433,-0.0331882195372115
"Calb1",-0.136442138601907,-0.116451855168862,0.142269484944359,-0.149006931066314,0.0530993094629947
"Synpr",-0.0861662264676038,0.121065151927017,-0.00440527995004335,0.0749577833781155,-0.087907171158002
"Nr4a2",0.0345889736601814,-0.110898769900251,0.152578968360512,0.169674084593611,-0.0680628131005466
"Nnat",-0.00664772195187307,-0.0762379962772493,0.029004847400967,-0.00754399591203263,0.0563886736099317
"Aldoc",0.00570653766625992,0.111084865495075,0.0553286805853637,-0.0713876384889711,-0.108509779545664
"LOC105246571",0.0010443891448121,-0.00553622971661251,-0.00562651541123823,0.00229630106472441,0.00378116005377935
"Rn18s-rs5",0.000844373321191461,0.000583270709089182,0.0113265904369744,0.00118164528704467,-0.00890034457976508
"Egr4",-0.00210776144998357,-0.0729078671533957,0.115967760568381,0.162475882246084,-0.0778174253275063
"Arc",0.0172826920751436,-0.0405657909218779,0.170559941646157,0.225406943904932,-0.054739405908588
"Nr4a1",-0.012136701621619,-0.0431314179669366,0.140922994363959,0.206916554073717,-0.0797765778238505
"Hsd11b1",-0.0138580268051466,0.107585203189132,0.115781007898422,-0.0620063122275069,0.181858736271178
"Mup5",0.0519809747174175,0.0111993461207264,0.0334668569447063,-0.0475028244138967,-0.032067484221449
"Bdnf",0.0185845328943557,-0.0339503810079008,0.171357170435759,-0.00740054832108758,-4.40309857631433e-06
"Rgs2",-0.00969931490255044,0.00803882388691206,0.0465553565205234,0.0101331599411783,-0.012616563849016
"Cryab",0.118411102629507,0.0364025493795248,-0.108141530163263,0.0890946516100087,-0.0237018700855444
"Tmsb4x",0.0252700265264479,-0.00322473360591468,-0.0209289392925157,0.00814977700990931,-0.0334428352261642
"Ddit4l",-0.136114442507122,0.0695474006299934,-0.0516119662882169,0.0437447175963963,-0.189978518456593
"LOC105243782",-0.00207984047786831,0.00667356533524331,0.0154327829173816,-0.000813526757716041,0.0177263177935008
"Fxyd6",0.0897250244161118,-0.230727953820019,-0.198280813855001,0.0796929049382337,0.0386911566592121
"Spock3",-0.149080606768796,-0.00353045676629035,-0.10662051943708,0.132394085520795,0.0951534384795328
"Nptx2",0.0293776909651196,-0.0527407599082017,0.0500906816891507,0.0444229110499634,0.0608824194826594
"Rgs4",0.00406583828764649,-0.00132223556442302,0.0247822584473571,0.0231095715452882,-0.0112352210711279
"Meg3",0.00516105366117321,0.00343657198271963,0.0166793105556928,0.00199910875888808,-0.014180480777719
"Dancr",0.00338398415443656,0.0207671268185058,0.00963033593574386,0.00665946095492536,-0.0414791803274804
"Nrip3",-0.0565936118720778,0.131830680690685,0.0824250862098461,-0.036151830984932,-0.0264589497403664
"Npas4",0.0188025716137649,-0.0261099453499026,0.0500045993649502,0.0419416879881424,-0.0120908853329457
"Myc",-0.00686153839337725,0.00536759951354877,-0.0215538834999279,0.0300345609737299,-0.00211563189333154
"Cd34",0.129582478472548,0.0396332846058645,-0.0192931261615826,0.0351018969607848,-0.144283032173134
"Tdo2",0.00510100274708736,0.0150413439572908,-0.00434358502225583,0.0295750648475386,0.077353028290328
"Dusp1",0.00117827568893646,-0.0384242595235711,0.0939468395597338,0.111359013002069,-0.0263786502744349
"Blnk",0.165781673889625,-0.0437606627996709,-0.0568621149040916,-0.0154253823421141,-0.0210649885744203
"Qrfpr",-0.115754979346482,-0.0666502028526534,0.0722573520777069,-0.155610073383328,-0.091455712423872
"Slc23a3",0.0066983851259448,-0.00244334848984638,0.00568246778907911,0.0133571026078362,0.0177994644580241
"Gadd45g",-0.000642913917001455,-0.112739968903916,0.101824366695539,0.110140094947488,-0.042165124039944
"Fxyd7",-0.0349667870000765,0.0378107344497007,-0.1947601321631,0.145970046773627,-0.134188761100698
"Cxcl12",-0.136976682398505,-0.146775408606864,0.02793220849544,-0.119516995767124,-0.0544918545912975
"Apoe",-0.0210786261715512,0.0241973600894891,-0.0476606507873731,-0.0169290011737623,0.00556196831335151
"Mc4r",-0.090191022465586,-0.113896321004414,-0.0604625490002307,-0.052242349414717,-0.0758668738977586
"Serpina3n",0.0150359863215769,0.00403486166399293,-0.00814593236501152,-0.00968901859335099,-0.00879715948202183
"Cck",0.0185435623476963,-0.0510546043239396,-0.0465041447298808,0.00837083175926508,-0.0437930567303696
"Tiparp",-0.0259268338382826,-0.0690807244135411,0.186603774398917,0.168211210482154,-0.00129977150619143
"Cdkn1a",0.0330838567436741,-0.0543696139659758,0.128415434998056,0.0755289232586935,0.104593167814172
"Nr4a3",0.0238863821861867,-0.0901740705544783,0.134548705129003,0.157730580836316,-0.0950305326882706
"Obscn",0.0646988713569325,0.0879840935377046,0.00552709999359745,-0.0457705245014876,-0.0549445203980087
"Calm2",0.00362364323428352,0.00174402411017612,-0.0130397398068458,0.00127990492557899,-0.0088140082820143
"Col6a1",0.152363576030865,-0.0179783397570882,0.0663635735993214,-0.140686977415834,0.0142625260794615
"LOC102634350",0.000487579052561488,-0.00360466923351129,-0.000425790536355801,-0.00236647413622096,0.00159285063927274
"Igfbp6",0.158586798986035,0.0444441922443609,0.163185652654361,-0.144516715925603,0.00215020190881036
"Myl4",0.0349273545970613,0.0569047741948731,0.0298765650751638,0.0313576244484532,-0.0252208676888992
"LOC105246318",-0.0030186387701566,-0.00640586455629777,-7.68544146604157e-05,-0.00078325344195663,-0.00264710134310434
"Scn9a",-0.00101458662690969,0.00715437909740926,-0.00945921040010625,-0.00851052213349412,0.0007541554708825
"Cst3",0.0254141925383407,0.0218873274810374,0.000280094032011581,0.0198615092053835,-0.0110294009057328
"Stk17b",-0.137369868854376,-0.100419186024705,0.0812744987582322,-0.0946273957904835,0.101190696836187
"Pamr1",0.0482523473980165,0.0235429881835427,-0.0563961431456273,0.075718992231878,0.0282042278042604
"Gabra1",-0.0427216757737298,0.00432216627132867,0.0129908916586751,-0.0263532685934207,-0.0184796380903963
"Snhg11",0.00264744246604798,-0.00225196198964086,-0.00258157152428872,0.00455389937924524,-0.00999087203734439
"Gt(ROSA)26Sor",-0.000850913546882545,0.0058481280979612,0.0111806818381535,0.00807143909133906,-0.0038486354416601
"Pcsk1",0.00193280209428973,0.00855496045872511,0.139352578377949,0.0631042901327356,0.00548124651291225
"R3hdm1",0.0374416741316268,-0.00810321616076414,0.00702362504932047,0.025210046144569,0.0270452022100115
"Camk1",0.0265047467162525,0.0149273593566966,-0.0458778911921693,0.00369477070068947,-0.0183902013481506
"Teddm3",-0.0615434314978693,0.0442930716194365,0.00575291449086787,-0.0058927199499036,-0.0638419096356836
"Npsr1",0.0139032129163895,0.0151095186287155,0.0198966266673372,-0.00953521395415135,-0.011322969392641
"Cbln2",-0.0752658799473241,0.104247865351616,0.0230613693132847,0.0784253875462903,0.0761024320286444
"Phactr4",-0.00186687430516428,0.00601823419106641,-0.000604607723713464,0.000236360301782135,0.00224543562769285
"Muc15",0.00500961889777688,0.00273551350694361,0.0137220866242455,-0.0149158593960475,-0.0312117935527047
"Gprc5a",0.0138832223413114,-0.004130286269434,0.0109343032195238,0.0167498115939619,0.00378271439558485
"Id2",0.00412689014791898,-0.00374490075743197,-0.0260864405639605,-0.0353445500794589,-0.0265896336021182
"LOC105244908",-0.00610944508843818,0.00972108724298648,0.0208817640455366,-0.0260699963971771,-0.000757402037436918
"Cdh13",0.193899243521865,-0.13000377166215,0.0616684731808954,-0.115638068672623,0.0372833492830294
"Brinp3",0.140487512590679,0.101762310509302,-0.0225228190211035,0.0779768803711147,0.00281276143985282
"Rcan2",-0.0042434593376768,0.0864712127537177,0.0624307163772971,0.00118334417079085,0.0319902092728458
"Cplx1",0.00182999216257438,0.0502463387624651,0.0468460625778481,-0.0191649838693797,-0.00105594276142155
"Igfbp2",0.166006509699166,-0.00334520506220353,-0.11424615115125,0.0474255549519192,-0.0240156652887999
"Tph2",-0.119142550884785,0.0531028006611131,-0.0237579969289107,0.0289683608598092,-0.0222714540076092
"Zcchc12",1.23557307288663e-05,-0.0238453159535579,0.0199264821656765,-0.0291059759313486,0.0171884543994813
"Hpca",0.0523701865151903,0.156080733880677,-0.0218695573166186,0.114356455803057,0.079247983842133
"Nell1",0.0870137003948348,0.0671048042179026,-0.067624294433575,0.0865304337574725,0.208660460782134
"Nrn1",0.0637372969441525,0.0278603024430465,0.0407340302794978,0.0269865094006921,0.0478515320223669
"Trat1",-0.0039705547352169,-0.00359599046010666,-0.0042661842427053,-0.00143616706684434,0.00392433384101143
"Ndrg4",-0.00123423762075739,0.0196378455275453,0.0114970495841243,0.00208377604060494,0.00350566158878409
"Fzd6",0.000946744780618271,0.00553109336938844,0.00557673653595865,-0.00344655879252679,3.60142164301378e-05
"Pcdhb10",0.00228034342392332,-0.00671189214327913,-0.00255250148039569,-0.00472852261313033,0.00825208191925223
"Stxbp6",0.125569444623201,-0.0879592155288955,0.0297937457958622,-0.0472934792784128,0.193527257308742
"S100b",-0.0574634640559376,0.00975818953415648,0.0934069174425514,-0.0793953828495163,-0.159857192806471
"Foxm1",-0.00236131820915476,-0.00177972563466301,0.000955694650272661,-0.0023208815641971,0.000640442696444012
"Igfbp4",0.0229473070518296,-0.0474448392246941,0.01484484150459,-0.0913242560044238,-0.0991285383706973
"Ndn",0.0189066673408203,-0.00172203706375895,0.0125878444100949,-0.0744439739900146,0.0192178253949141
"Tshz2",-0.0891916722628988,0.052623097700877,-0.0336851806174403,0.0641862927314846,0.100573061584567
"Nefm",-0.0141269014905817,0.128391529070075,0.0502906763520457,0.0194773380457239,-0.0405144283540987
"Crym",0.0533271295168155,-0.139953945757238,-0.0115630537837415,-0.0904698515154239,-0.217447007838257
"Mat2a",-0.000964946242443353,-0.00202346036829119,-0.000672560397950553,0.0161745963656308,7.44756001510188e-05
"Myom1",0.00302746247169484,0.0052418673446981,0.00103677643139484,-0.000608589927932832,-0.00318883556131132
"Samd3",-0.144784139799262,-0.0525097209874294,-0.0264563193714011,0.00631881635277905,0.0205710273526754
"Vwc2l",-0.0356645514474589,0.0611558235835751,-0.0153757919899269,0.0551690984467839,0.101487549560719
"Pcdhb7",0.0112547498560476,0.000972200666299105,-0.0208813515037913,-0.0159123767042399,-0.0374324936325755
"Kcnq1ot1",-0.00401196041417324,-0.00187275247229732,0.0211913796224422,-0.00703891270465006,-0.000378912887246449
"Cadm1",-0.0217482853872779,-0.0666511263779821,-0.00918276540641746,-0.0231112344124785,-0.0150489236379705
"Frem1",0.00291048025700342,-0.00309172400826553,0.00212928346679978,0.00250729116748999,-0.00569289931857054
"Marcksl1",-0.036031102419031,-0.0418915487137441,-0.15603220840858,0.121581842474332,0.00881592069591849
"Bmp5",0.0182062052073564,0.0636242963584179,0.00486481437018925,0.0121295265824927,-0.0345833364816451
"Grp",-0.107095155630403,-0.180599198242207,-0.0855844323738744,0.0027306317960467,-0.0443349930583195
"Gap43",0.0351506703161439,-0.0275050936179439,0.00767844901913816,-0.0139415610329447,-0.0535652004885014
"Car12",0.0362682734810895,0.0120656251017767,-0.0236995298307727,0.00062404858659894,-0.00512947445492186
"Col5a1",0.000493396390366202,-0.00407366400513939,-0.00921476719661421,-0.00193346275087804,-0.00328871999805825
"Cpne6",-0.0532746302106734,-0.0792677916879109,-0.0502485528765418,0.00833141588192043,0.027942850866018
"Clstn3",-0.00035946799692961,0.019963132539797,0.0361772391737715,0.0241596191617556,0.00324294879711856
"Egr2",0.0168966530338412,-0.113952651525565,0.0880606690476591,0.170852359516291,-0.00681766067855388
"Arpp21",0.00139127993345085,-0.0125532133915518,0.00693757560044346,0.00525788368481276,0.0561700163703901
"Gadd45b",0.0284345588292908,-0.0385361134824274,0.108064217889218,0.0720275370928099,-0.0363505112211326
"Dmkn",-0.00537286756033104,0.0346426763112906,0.027457202678461,0.0257687174482524,0.0407755572377961
"Lsp1",0.00680564544161546,-0.000814106860325781,-0.00690022923480995,-0.00360875141670906,0.00175775432996109
"Mas1",0.0735546484558444,-0.0332389044581425,0.0787766058107325,-0.0722580455103409,-0.0319073458614501
"LOC105246017",-0.00066216481817225,-0.00684501008191468,0.00202931808715151,-0.0115720974907985,0.000536440803097982
"Cplx3",0.0467389107037853,-0.0326440431298719,-0.0369562092724351,0.0122439310233163,0.00893280052203544
"Cox6a2",-0.00161418570261513,0.0100722061126327,0.00287778454637031,0.00848180497410655,0.0178597546636228
"Slc7a3",0.03952541473606,-0.0057252792476515,-0.0101238409450477,0.0482233009147081,0.0741131472257013
"Adcyap1",0.0325400518476877,-0.021031848360437,0.0761220506464626,0.017605925447899,-0.000188142838375508
"Prph",-0.102059858539997,-0.00760675926031426,-0.0746658763886493,0.029621189791306,-0.128699136001295
"Nt5dc2",-0.00338907668964958,0.00246174069410863,0.0120957978448049,0.0013613154336613,-0.00731753121125283
"LOC105246334",-0.0110919880312172,-0.0142660710101131,-0.0163766772971808,-0.00882261313574467,-0.00928051339305874
"Brinp1",0.00170050592687359,0.00221811112162498,0.00506381002501841,0.0229093224779408,0.0093527660049166
"Cpne7",-0.157592821276308,-0.134375929502906,-0.015915230236628,0.0159030565973976,0.109768447549169
"Nxph1",0.0259300910392676,0.0147907992973606,-0.0269054681958238,0.026312118872185,0.00451348668005764
"Pcdhb9",0.00323811888899209,0.0257543042199594,0.00821096758716208,-0.0243290587381207,-0.0133273526151304
"Pak1",-0.0234194404209343,0.030143370575201,-0.00119659893071438,0.00556283835751675,-0.000682688260422825
"LOC105243426",0.00154605536732271,-0.00491767371107955,-0.00288843224615486,-0.0063692548321273,0.0028018535917015
"Anxa4",0.0144447055661981,0.0171706289446099,0.0192235207683085,-0.0207206189094452,-0.0044634568954253
"Dkk3",0.114141476969674,-0.109820680299944,-0.0503998265225054,-0.0420368199619949,-0.0311561867797355
"Dner",0.117168801296331,-0.12888027137839,0.0640054904043966,-0.0932121652617727,0.067799517447217
"Sned1",-0.000458488249472022,0.00235432128638537,0.000759762357797309,-0.0020098602867906,-0.00604873944658595
"Rprm",0.0142557532255757,0.00369366967651594,-0.0316979959669125,0.0229537758939182,0.0126169095647373
"LOC105243187",0.00983176070251968,0.00557015103035297,-0.0123594479843251,0.0186559637901812,0.00542565040362254
"Ahrr",0.00181148039677495,0.00351827842100981,0.00309084928873914,-0.00601138631458665,0.00312481145060867
"Pcdhb12",-0.00437223083767216,-0.0132389448574308,-0.00884300312353839,-0.00128893299846277,0.00896417648237041
"LOC105242844",-3.67505032544061e-05,0.00406336287826264,0.00114030041770697,-0.000358608881783725,-0.00966332379483319
"C1ql2",-0.074252043378994,-0.0439121496320653,0.0937851811890253,-0.0479088774950328,-0.00241449080858135
"Tac2",-0.000735196284319464,0.000675214799510634,-0.00239108876185975,0.00179255586976468,0.00623696911014713
"Snca",0.0184341548723289,-0.0657176859232585,-0.00885811737946272,-0.0159487173855021,0.0272164187329567
"Aplp1",0.0027153025828963,-0.0146414834109442,-0.00927865510972333,0.0191507479500769,0.00875089155303593
"Kcnab3",-0.0702854090636503,0.168601944646444,0.0936301849234426,-0.064076800651985,-0.0203576474857985
"Syt17",0.155467844644096,-0.12447078006302,-0.0928721628496702,-0.023100702791267,0.0134719536060733
"Tnfaip8",-0.0641232163169106,0.00524528462899618,0.0759279036795799,-0.0173025879367341,0.203595879392731
"Anxa1",-0.0246714304996543,0.025556051704621,-0.000158579161242025,0.000496550305743753,0.000546965501790557
"LOC102635469",0.00115520144688881,-0.00243588826756741,-0.00210334567647393,-0.00231044191506166,-0.000635336949907921
"Chn2",0.11143764518024,0.0764367497747908,-0.0986242086140792,0.111950972676629,0.0667084729133582
"Grin3a",-0.0109887822228082,0.0360293087007077,-0.0267213046888622,0.0411609857291547,-0.0314963245018058
"Adamts8",-0.00074043778640366,-0.00579432565769148,0.00534950212364135,-0.00335180164530199,0.0106029584097596
"Ctxn3",0.107149451949854,0.0206512771234423,-0.0278762016629587,-0.0284249470089718,-0.0619565648476662
"Trp53i11",0.0148344361977771,-0.0196393576328029,-0.0482572284699636,0.0216212628222572,0.0184616130062308
"Ap1s2",0.0770722558635696,0.0116158962834245,0.0483836812872579,-0.0692874949908223,-0.0756514821404371
"Ncr3-ps",0.00192817912980514,0.000890327249203062,0.00524465297978645,0.00114795949223454,-0.00147855676175815
"Bhlhe40",-0.0206823120175389,-0.00166675835298937,0.0184072223156443,0.0583420263712605,0.000295976814444896
"Enpp2",0.0113037661065522,-0.0437384480220805,0.056559467045693,-0.0396454322815116,-0.0589413972698678
"5031414D18Rik",-0.00179826022293739,0.00940598096134749,-0.000630641269531777,0.00439305970480965,0.0161017900842369
"Tmem255a",0.0486262711808595,0.0146370165191419,-0.102963750879358,0.0852452013470048,-0.00123438751835733
"Chrm2",0.00986714383584296,0.000817603567059514,0.000669048386435952,-0.000250615247891364,0.0102399019303177
"St6galnac5",0.0746465434351874,-0.106812571763444,-0.127559641253123,0.0908104882502242,-0.0963593675527283
"Resp18",-0.0185532009029673,0.00773594459697707,0.0419799537277316,-0.0567257713873401,-0.0275578282114695
"Hpcal1",0.0821713151858887,0.00197657514533771,-0.0603628814456388,0.103189343998146,-0.0212548712084112
"Dio3",-0.0143877386947119,-0.0764094880591186,-0.0334729920667049,-0.0405427148327279,0.0256209691986715
"Tspan6",0.0618254560796705,-0.0390184975626488,-0.00759640458910049,-0.0101289323072371,0.0435766139609196
"Pdp1",0.0342709267056483,-0.00211788857262842,0.0503755179638047,0.0469853904603828,0.010119611399887
"Olfm3",-0.0245385072130815,0.12518264452207,0.0175229944519259,0.0862497021656046,0.0572764883739303
"Cd274",-0.00135071081577679,-0.00273400479852056,0.000715340603975023,-0.00345337827587848,0.000923508780543066
"Cx3cl1",-0.000987411380786766,0.00193264251976273,0.0191019155159066,0.021861451185614,0.00463330313254418
"Rxfp1",-0.0565954819525575,0.031445900732568,-0.0216310574449286,0.0141085994738949,-0.244359585600827
"Igk",-0.00921622711826022,-0.00170551978575434,-0.00287487615348779,0.000282553784145299,0.0200213995694041
"Medag",-0.0110315992940515,0.0408382615988293,-0.00331290584832089,0.0170098601964796,0.05558379972739
"Slc24a2",0.047290256347269,0.0882848640832926,0.0247401405862943,-0.0130757510258521,5.53506963666873e-05
"Pcp4l1",0.0512897617965422,0.0460075433576378,0.0731177029035052,-0.0637269530207741,-0.0400345937175755
"Fam107b",-0.0176762163083606,-0.0487351214881741,-0.00544210087754162,0.000276622182380263,0.00188954049368177
"LOC105245017",0.0010353926281712,0.00357310371074439,0.00200953741965625,-0.0039410602773481,0.000744459445644501
"Dpy19l1",0.0963379369783492,0.0299263898546157,0.0795239802357902,-0.0641274764458922,0.0438287088608324
"LOC105242681",0.00426688628591708,0.0072671784299504,-0.0154280226909155,-0.00377099917213552,-0.00763548321061143
"Tuba8",-0.0048705574401326,0.00815763091953912,-0.00151179598217334,0.0086192794553469,0.0228438453270806
"Gaa",-0.015467836306426,-0.00674381369562123,0.00929016384910256,0.0168537132186913,0.004886847303428
"Alcam",0.0118123290087743,0.0507647759375622,0.0111993933238351,-0.024965367072339,-0.0522720424727068
"Sh3bp2",0.000172918048345608,0.00198219563717293,0.00137049759884405,0.00796852222951641,0.0100808735979701
"LOC105246020",-0.00408801588476705,0.0105463521440425,-0.0193780197129973,-0.0210607228940789,0.0172811821533892
"Nrsn1",-0.00577803580333155,0.0232687622694588,0.0180318557608804,0.0227627092764419,0.0212532141656647
"Car8",-0.00511579835788851,-0.052310875363509,-0.00936868901233576,-0.0164666469419161,0.0485953703043571
"Lrrc32",-0.00211395108784799,0.00497180378712014,0.00564390171097747,0.0046881580962351,0.016067034041486
"Tgfbr1",-0.0135491349090112,0.0129747217406706,-0.0139608711821706,0.022403089594925,0.0227868541054893
"Pcdhb11",-0.00214493333202173,0.00299280697523823,0.00680484418421076,0.000828923836406289,0.0248203944692236
"Igh",0.000443693889220519,0.00536779977854738,0.00723810432850379,-0.0196635345028793,-0.0276268051206816
"Aim2",-0.000249669786560933,0.0035582857145047,0.00204228329655348,-0.00516346659259456,0.00571691853337939
"Pdlim1",0.016037927447541,-0.0444979772865541,0.155428082175439,-0.0875580605701698,-0.161023436716971
"Cand2",0.00140705325708836,0.00111668249480307,0.00232475300976282,-0.000920547982480502,0.00475761664939085
"Klf10",0.0337616615452884,-0.056619901427905,0.0230151319827169,0.020126362901679,-0.0358961223878866
"Sycp3",-0.0136344802558939,0.0042083416669666,-0.00254948205557161,-0.00456591287070953,-0.00378278533337391
"Ncald",-0.0764403011278906,0.0205035929591525,-0.00264860198265733,0.0360001887325804,-0.0243948519420799
"Sema3c",-0.0894733411354716,0.0303267979399858,-0.0291141387101452,0.033955368984993,-0.214892535757294
"Foxr2",-0.00146817832788851,8.3797846193296e-05,-0.0023087758441385,-0.00429246623811453,-0.000831925779815611
"Scg3",-0.0489641942796507,-0.00128055885341859,0.0438979156395186,-0.0227759123202834,-0.00116591241128848
"Krt80",0.104510954622923,0.0312969351193287,-0.0466790264471201,0.0311332642871052,-0.0394676769863093
"Tcra",-0.00832065038141267,0.0110638219840607,-0.0155826258163688,-0.0294542772122396,0.00582190405101742
"Klk8",0.00643088334115107,-0.000455044753045424,-0.00512174252000311,0.0110020477582933,0.00205790831961297
"Egr3",0.0381545705997462,-0.0297992357859174,0.0563478901138717,0.0824114993187746,0.0110864725866934
"Stat4",-0.0803152841030681,0.0168785117166971,0.0226061806049676,0.0313848978793373,0.00850179193779751
"Rorb",0.0052643999330296,0.0176884412746144,0.00247603467819741,0.00622007312755734,-6.9452026214864e-05
"A930041C12Rik",-0.000996319758680481,0.00335394042135066,0.000730619402285638,0.0040664363807683,0.00748206903507851
"B3galt2",-0.000154737211710261,0.0281002904672561,-0.0236556215768383,0.0103860263818212,-0.0771299478305086
"LOC105244249",0.00635865158153465,0.0133316216037447,-0.0131076791612558,0.00107999009395877,0.00663174813110059
"Dcn",0.000409289233364204,-0.0026337342975972,-0.00268600800576869,3.41176269733467e-06,0.00335410690794429
"Plat",0.00464334311481525,-0.0344572250683444,0.0484268422158518,0.00840046399248615,-0.00313518696593435
"Chgb",0.0313133544810764,-0.00838348753714812,0.00924285727479507,0.0231762370511316,0.0259948815471831
"Ier3",0.0823132484977003,0.0283241681893967,0.0145045656945874,0.0633759357824335,-0.0352989151450785
"Fbxo47",-0.0152379880518558,0.0638449788290402,0.0632565668140844,-0.0374819931858168,0.0221899383659617
"Pea15a",0.0122928278099108,-0.0589936162012658,-0.0378235521622214,0.00771051402192514,0.0447920324446738
"LOC105246774",0.00135709192251401,-0.000117334837211798,-0.00049264863988927,-0.00619688873500792,-0.00078612081917141
"Elk3",0.14294283716594,0.0310430574993023,0.0132331498545402,-0.057971200228002,-0.0263960298305203
"Pcdhb3",-0.0012339355375418,0.00616820670189764,0.00956722703016341,0.00380824645351468,0.003345150455128
"Col24a1",-0.0114395290976711,0.0139190082805417,-0.0307538802430113,0.0235898101215705,-0.0334983302530399
"Gldn",0.00354528626244213,0.0041442017105524,-0.00142901004413838,0.00117328872024166,0.00661429178545001
"Glra3",-0.0612081747609193,-0.115617284378861,0.0785511072826349,-0.0725047166060118,0.044326177695877
"LOC105245477",0.00273486881510458,-0.00361956295973482,-0.00302294918609963,0.00790529992777677,-0.000718185583569444
"Abca6",-0.000585156501934126,-0.00671719062665674,0.017857798698114,-0.0100475813792774,-0.0117706075419955
"Tsc22d1",0.00693653457262283,-0.0246226502876008,0.0210838628908724,0.00509896737144133,0.0115358600376884
"Chga",-0.0252689654306672,0.0172498930082273,-0.000758277418116076,0.0395807859071074,0.035484078106212
"Wbp11",0.00318317178116856,-0.0316863148130589,-0.0154312718225026,-0.000735932099032255,0.0198374281965446
"Luzp2",0.101010633435626,-0.0345240170570523,0.0588708960608113,-0.0548330449911095,-0.0983627991163652
"LOC105245304",0.000169142435991677,-0.00439911313329167,0.00993966697502324,-0.00546698623456717,0.00201390151652785
"LOC105243899",0.00217651961772226,-0.00285442868868044,0.000101076894871499,0.00209507408337344,0.000639295089789182
"Pcdhb15",-0.004457976697273,-0.00723055476016826,0.0167113618849942,0.0113021504364083,-0.00302157470239429
"Kitl",-0.0297760354831845,-0.0192302979288762,0.0284202856953991,-0.0152779462938512,0.165014636844122
"Ddx4",0.00186042482407696,0.00338004414893569,0.00251643053825947,-0.00137513215985273,-0.0102118474337609
"Jun",0.0256139786152461,-0.044108967690038,-0.0391314208999553,-0.00353001209055443,0.0568393594804727
"Ptgfr",-0.0556789602480124,0.015679051458472,-0.0304778285733928,0.0122401287033294,-0.100122932618784
"Mobp",0.0171007943158245,-0.000812173808085448,-0.0194607872253105,-0.022388319805028,0.0043807537725805
"Pde1a",0.0189055363436658,-0.00118777380630625,0.00977486484442145,-0.0277562460836707,-0.0630618088150342
"Crem",-0.0199693659305189,-0.0172480663532609,0.061393321561542,0.0482221296227573,-0.01427811421343
"9530091C08Rik",-0.0347382134930289,0.0347849242056448,-0.0164322924236019,0.0441105490849059,0.0934829122714576
"LOC105245231",-0.00133575535241563,-0.000373254158605036,0.00668413013390202,-0.00852922815102591,0.00276541780557088
"Slc15a2",-0.00105345031111013,-0.0071643421432027,0.0142828855178565,0.00790929036511109,-0.000428015963927622
"Mybl1",-0.0027219054581779,0.00264023002197588,-0.000376736084078443,-0.00485911371838904,0.00287753298109639
"LOC105243269",-0.00119234700452305,-0.00599096373226238,0.00211483042553494,4.03844704050764e-05,-0.00103966496894833
"Hrh1",0.00221577165894311,0.00295908252253752,-0.00459490508161163,0.00267625312229361,0.00633160804923796
"Tnfaip6",0.00614572115952109,-0.0139964629230021,0.0175179909393559,0.0174690396969418,0.00165852948822248
"Pnck",-0.0293730323080643,-0.0404783141088261,-0.0429315520072707,0.0325724893200318,0.00708672132347902
"Cd302",-0.0562987336964557,0.134250355685379,0.060023010728567,-0.0431676272760569,-6.69180913081486e-06
"Sgol1",-0.00131439003833555,-0.000654566958382622,-0.000988262431933825,-0.00192578163464032,0.0014566746025142
"Plcxd3",-0.0239430530753128,-0.0292297706732227,-0.136431092328327,0.118893519501401,-0.137640685926458
"Zfp113",0.000689431873196696,0.000507188530927773,-0.0322675208680429,-0.0239419730287888,-0.0125837264293825
"Galnt9",-0.00597653914433516,-0.0125245877678694,0.00850067736162083,0.0121509012340126,0.00635894020933955
"Psap",-0.00172982671462361,0.00384266384283572,0.0062761327632206,0.00279127073987668,0.0124385002880764
"Satb1",0.0774030366367505,0.0911348930579163,-0.0262739312052216,0.061791489911294,-0.00641119563059844
"Olfml2b",0.0773356716477438,-0.00439215652452321,0.00479736105353469,0.0964550823561851,-3.1732828195087e-05
"4930502C15Rik",-0.00111516574514671,-0.000268700374458174,0.000884709819253217,-0.00145649513782379,0.00266655677442105
"Nron",0.000499374386902005,0.00170075375136872,0.00118898682850359,0.00203351993430688,0.00173973756007829
"LOC105242598",-0.00513876745138497,-0.000238763876592151,-0.0022546941489784,-0.000131937526945433,0.000528139943019359
"LOC105245357",-0.00173053676768115,0.00301039208454511,-0.00138459805249131,0.00261254111951831,-0.00403514064239617
"Ncdn",-0.00907064631868521,-0.00143847000098181,-0.0079036209202392,0.00932165621142674,0.0231883874557402
"Cdr1",0.0314072781127365,0.0475314441459839,0.045784349154486,-0.000435560191010583,0.00235862589348718
"Kcnv1",0.117145891299179,0.0227452062916646,-0.00278937190638241,0.0425486731235211,-0.0387854981889288
"Adamts1",0.0037115197035775,0.0174367613838812,0.0191604361657729,0.0208507033141963,0.0276263119103719
"Cxcl5",-0.00474335644542459,0.00509166827473794,0.00463425368682454,-0.000875452386021276,0.0163838383228569
"LOC105245456",0.00102345980166875,0.00244960127830648,0.000987193090235617,-0.000703256611561628,-0.00492184682434825
"4930427A07Rik",0.00059824670736673,0.000818549971889672,-0.00803777658358657,-0.00566482073581997,0.00787727490203427
"Fndc5",-0.00585418898637221,0.0290374522378886,0.00820288148462522,0.0138286833390771,0.0509733137526173
"Coch",-0.102214310197903,0.134711961705017,0.0423609418041287,0.0632305116303211,0.0135885880566111
"Dkk2",-0.00682349337376441,-0.00203789941460938,-0.0056820830657916,0.0110475809171631,-0.0168858607503292
"Ndrg2",-0.000751791413228792,0.169506154937459,0.0420859996006742,0.00641232599890835,-0.0554316750761451
"Pcdhb20",-0.00145685705373014,-0.00685629898482743,-0.00701938402651955,-0.0016590959305079,0.00980107877846922
"LOC105245835",0.0014373879831451,0.000947218150587257,-0.00162719290828425,0.00257399449637426,-0.00557323757128064
"Cd40",0.00562306482955267,-0.00345692392223122,0.0134694602621407,-0.0102596176626391,0.0026834308864624
"Serpini1",0.0130928805179167,0.00659012169117061,-0.00388893114912884,0.0016239826716149,0.00197848241855416
"1110008P14Rik",0.0147791492197352,0.0413009951452756,0.0221354252296005,-0.00279628980228445,-0.00621875323754502
"LOC105244333",0.00109735340895243,0.00176651679670699,0.00121765625301722,-0.00505836254580777,0.00353055217749736
"Col19a1",-0.00114067295882819,-0.00363203554508669,-0.0060381969288843,-0.00496260618647968,0.00431060656435539
"Il1rap",0.0888743691599264,0.0649113962311774,-0.0407893727473872,0.0823669061551622,-0.00144798216772122
"LOC105247123",8.41062041885399e-05,0.000132310214414535,0.00236282865714373,-0.00782968167955621,0.00138882939526448
"Plod1",-0.00268006244195327,-0.000239523728508834,-0.00143913936122246,-0.00234882945745083,0.00448786160494127
"Ttc16",0.00197184988115082,0.000310691567452164,-0.00270909287189382,0.00504356096116804,-0.00183549497110126
"LOC105244427",-0.00220487756526295,0.00135138921061166,-0.00141052157634786,-0.00442392263098624,0.0104146818992741
"Apela",-0.00735829405942439,-0.0115382957345121,-0.0145486638019286,-0.0012489031911209,-0.00165192402228628
"LOC105247071",-0.00381788306776809,3.50054460442487e-05,-0.00347954378877798,-0.00322217342927784,0.00223513299399255
"Pcdh7",0.059452769855335,0.0116753963095939,0.015096662963228,0.00739103951999039,0.0332735803289903
"LOC102641552",0.00112290934874548,0.00252258889302701,0.00105914979655635,-0.000606598777904727,0.00371113486948817
"LOC105244073",0.00144609131838993,-0.00483568494940933,0.00232495351088059,0.00261297167359779,-0.000165737995469467
"LOC105244450",0.00130762954827642,0.00298971356405093,0.000613350860629821,0.00393380018738964,0.00509350345041603
"Slc6a16",0.00313655841179379,0.00227632948423268,0.0106692777326346,0.00158987935170474,0.00327082509736582
"Fgf1",0.000621469923249713,0.00298103534059404,0.00109610254474181,-1.59907900010706e-05,-0.00593364582169727
"Vcan",0.0113877772419115,-0.0023843124551704,-0.00477221895467648,0.00859619608087457,-0.00733984956088316
"Prrg4",0.00134159057822379,0.00149977587068327,-0.00110496081950308,0.00369174025542072,-0.00150966214339277
"Abca4",-8.10950325777242e-05,-0.0035480252524007,0.0058104287463407,-0.00109850137433714,-0.00441081951146942
"LOC105246327",-0.0179606802354095,-0.0258236967397153,0.0591756235342961,0.0775349592317267,-0.011951240282947
"Trim67",-0.000889968522422485,0.000436235513509479,0.00104842499833428,-0.000977171969445313,-0.00187762448551206
"4930455H04Rik",0.000618258600115557,-0.000319377324944197,-0.000788584880025872,-0.00515457456886665,0.00074970009016847
"Rora",-0.0156901542950265,0.0506054208576924,0.0465689184870625,0.0551936306132064,0.0524803602050493
"Nrep",0.0577578224771781,0.0873841854785164,0.0732150795489724,0.0127000712382751,0.0545970447250004
"Frzb",0.0159160000330399,0.0021931248188454,-0.0292292993133674,-0.0046413478089894,0.0214686858007699
"Ndrg1",-0.0464523846083248,-0.00704425598745965,-0.00478029564414025,0.0114192890934973,0.135177154460155
"Gpr22",0.0087658111003279,0.0154425825171708,-0.00352615859736265,-0.00485394155911396,-0.0176812986338577
"LOC105246664",0.000976140288857968,0.00344538597563565,-0.00570084961664099,0.00138306215278867,0.00646218810020632
"Snap25",0.0013892413066817,0.0115405259475487,0.00777742827377673,-0.00355665429925994,-0.000117326471747017
"Ramp3",0.139083614164857,-0.0655941220816236,-0.0159660001645367,0.0100042814077098,0.0234473696404236
"Ak5",-0.0452617497406392,-0.149715311810912,-0.00756602790649441,-0.0646050993790057,0.0110504108407952
"Fosb",0.0222267616300891,-0.0939408070084151,0.131429163714285,0.107207402185809,0.0157870245614321
"LOC105242719",0.00570007388561434,0.00157772975164924,-0.00860575995913909,-0.00590986376420909,0.00355492882522511
"LOC102641617",-0.000111221751253329,-0.000993659061343305,-0.00191878086629701,0.00514602471863274,-0.000277173081011188
"Syk",-0.00127465856933317,-0.00307122075596474,0.00275362297679559,-0.00326645676239609,0.00601070959941235
"Dusp6",0.0200621850646001,-0.0336788847888014,0.037306610238828,0.0324340582580978,0.00945780314949239
"St6gal2",0.0181376447408321,0.012115654159431,-0.0277444421141903,-0.0312928501262433,0.0130029102034978
"Nrgn",-0.0202893628617301,-0.0234776627153356,-0.015827676724597,0.00152251815171449,-0.0113256533465405
"Zdbf2",-0.0228422240023217,-0.0281698459945082,0.0910140862612191,0.0459969468495096,-0.0358982984644683
"Lgr5",-0.0142213226415485,0.0343783287746043,0.00198401936171784,0.0212043391088033,0.0893703581995575
"Ube4bos1",0.000623051886452699,0.00056270067345167,-0.000625825688683212,0.0034080092344194,-0.000276781361190113
"Chst1",-0.0557374510914836,0.00390323847708797,-0.0080624437370787,0.00719132308960834,0.00897733292393345
"LOC105246600",-1.6432460831377e-05,0.0112959876359741,0.0185070591981039,-0.0148969760564131,-0.0020307712751061
"Apol7a",-0.00429284911645084,0.000615204705025598,0.0043459367888082,0.00164642298822806,0.0172163398005198
"Plk2",-0.0152638358028355,-0.0239794888787153,0.000925345832757129,0.0163571463283317,0.00605560993345387
"Rasl11a",0.00536423433723787,-0.096215989451348,0.0671659747727019,-0.00582880796104118,0.00456208240406814
"Dnah17",-0.00430724924853922,0.00766317683041075,0.00147490363322773,0.00511982332884015,0.0089384105975885
"LOC100861913",0.0120351612466196,0.00270153491223062,-0.00834354445285841,0.00304693198853119,0.000377171494332134
"Lpl",-0.00907653454342077,0.00626228360953996,-0.00417424121887267,0.00545421102470546,-0.0172842800940277
"Thbs1",0.000530198426038424,-0.00340778096192063,-0.00118761690338926,0.00552938009303726,-0.00479742340566651
"LOC101056001",0.0840086106559772,0.0517956477731721,-0.0156710310668768,0.0980479487769959,0.111029614355489
"2700038G22Rik",0.00208065349061361,0.00434596971555508,-0.0373712883128384,-0.00131078359556355,-0.00729812972051292
"Smpdl3b",0.00204380227488798,-0.0139938152639873,-0.00161578075465499,0.00366355967904938,0.0151819540166191
"Mia",-0.00168753772353163,-0.000372507758912141,-0.00604492568935293,-0.00231754055782109,-0.00399122064841412
"Car4",-0.0918664011048328,0.0415894548410306,-0.0313671966373149,0.0712156402315845,0.0646548025425837
"S100a10",0.107742741169929,0.0458275549292398,-0.0396822032065225,0.001442524871045,-0.0432751315005143
"Lhx9",0.0076547768149291,0.0246460083412348,-0.0064235443324907,0.0145856853213976,0.0248325422113792
"Marveld2",-0.00280865898078931,0.00148773475027223,0.00324942763510238,0.000247187496661315,-0.00469806140842215
"Fam46a",0.00232933267880432,-0.00217531910635679,0.0147447419774133,-0.00196618901604988,0.00377089620391823
"Anxa5",0.0431653497465655,0.0769685207621452,0.0690356794153042,-0.0589959895055791,-0.0679326432498879
"Ptgds",0.00111005026564049,0.00106581678603259,-0.00603025114413922,-0.00697900362628448,-0.0059638676526078
"Aldh3a1",0.00146267619716865,-0.00253700722338494,0.00775154690479703,0.00183724773034641,-0.00210201568957421
"LOC105246724",0.00269129545647325,0.00912079221547465,-0.00484783205738204,-0.0038694525041913,-0.00142270160940784
"Slc5a12",0.000800982454060721,0.00117101157330166,0.00190532387996134,-0.00528512775610859,-0.00123229162968404
"A230072E10Rik",-0.00126279371486211,0.00530054862001321,0.00272639715256898,-0.00773834842013062,-0.00598385540882828
"Ace3",-0.00232564956001701,0.00131194202564508,0.00165740661190194,-0.0090553012259882,0.010065959254365
"Avil",-0.0019683949632208,0.0028006233184787,-0.000861858678221958,0.000239636480490265,0.00353012772096862
"Prdx1",0.0176965067405918,-0.0122626507207168,-0.0258239481383995,-0.00243382340685744,-0.0173923820811028
"Sox2ot",-0.000547196989152679,0.00348928143899464,0.013365476279016,-0.00628680826704343,-0.00611760041547234
"Kif23",0.00277917060520231,-0.00113456271862047,0.000744620059277687,0.00069277858825172,-0.00434614045835524
"A330069E16Rik",0.0128574825028115,-0.00317204817653511,0.00628446820245719,-0.00784158301726897,-0.00144890343814061
"Btg2",0.00596440169830409,-0.0751123770146348,0.0644027476243248,0.0868250538387924,0.0014460611038051
"Tnmd",0.00135428383328679,-0.00324931949134726,0.00337086574078791,0.00733407747070181,0.0118262959373937
"Slc4a4",0.00495815320378391,0.00176351632834572,-0.00699231232352475,-0.00256272913801917,-0.00912714490632993
"Eno2",-0.00663891683188257,3.76302430166569e-05,0.0145407392805222,-0.00115344586670606,0.0114039506371465
"Hpcal4",-0.00503277772678473,-0.0926296750904494,-0.0171196846330933,-0.00495583975404903,-0.00653853997894696
"Syt2",-0.0944975900914459,0.15376860633172,0.116847711883627,-0.0354785306401377,-0.0242837720773874
"Rasl12",0.00444786919659664,0.00129606517921955,-0.00214930601056602,-0.0106292192893878,0.00189627803524893
"Gas2l2",0.000807930751958025,0.00207382594802267,0.000926782102280754,-0.00649607186633582,-0.00167871118169831
"Spocd1",0.00246207095332281,0.00364793102731655,-0.000217744412829817,-0.00623063820135859,0.00140725266997091
"LOC102637966",-0.00198173638475753,-0.00246965593215128,0.000572419006363059,-0.00491838735067737,0.00245403019920514
"Nynrin",-0.000562728637133131,0.00271753791637752,-0.00188404342227777,-0.00938925208584603,0.00733776346411233
"Stc1",0.00157008543606108,0.00514510546825035,-0.00453761870978918,-6.34243553837394e-05,-0.00242979817485006
"Clk1",-0.0026833065030556,-0.0244168572646837,-0.0112848181102503,0.0277199618255659,-0.0121391125088623
"Kcnc2",-0.0100094686342575,0.0095289199558504,-0.0114473342232804,0.00791433796476738,0.0514956533193451
"Rbp4",0.00676756940917687,-0.0299683170688257,0.0823166397131312,-0.0233859122216671,0.0917492810290737
"Neurod6",0.068775274740471,0.0119708094040509,0.0315615696540792,-0.0896469078688443,-0.0483012239820276
"LOC102641704",-0.00138756317107004,0.00385933731121526,0.00147144385763695,2.80179446254645e-05,-0.00215917557627126
"LOC105244922",-0.000763421490111092,0.00244815702679628,0.0054677638539866,-0.00077905349040294,-0.00457093006509529
"S1pr3",0.00292798605686802,-0.00621873817773969,0.00366986627189255,-0.0146282879443378,0.00337016781741312
"Arpp19",0.0087219205346277,-0.00477681229318805,0.00572390241960246,0.0226173521212685,-0.00181554309369015
"Dach2",-0.00297310701882965,3.18511698294383e-05,-0.00219529438309205,-0.0017267062244606,0.00202201242361296
"Cped1",-4.62597051828264e-05,0.000950710465669209,0.00195069198529973,-0.00689167265372418,-0.00369341553920017
"Rnd3",0.0321652568734115,0.0295389219946909,0.0737974703271149,0.0036626484059798,0.116308557737921
"Cd53",-0.00301015139343291,0.00133290885268088,0.00609815867068085,-0.00309782769423275,0.0107319473806121
"LOC105242964",-0.000414752033869455,0.00147141440497982,-0.00268219059281623,0.00335453183230887,-0.00587774736875107
"Slc24a3",-0.119334740647874,0.00434561409184624,-0.0550158331756902,0.0531149366537797,-0.0158682289874584
"Acrbp",0.0225601784215855,0.0374716499581574,0.00895995089515836,-0.0122125844871797,-0.0485168138810484
"Tbc1d4",0.000213751306941779,0.00399376439526952,0.00130225892791854,-0.00782164861107715,-0.00482984962827213
"Ccnd3-ps",0.000194037820382882,0.00337354350248729,-0.000755451596798151,0.000385731269667535,0.000140898105312861
"LOC102639987",-0.0013272400989143,0.00341777339784938,0.00246970338356691,0.000102440255938911,-0.0039716577571048
"Syp",0.00277322051255978,-0.000948857676407816,0.00537336874864427,0.0110322149385721,0.00838919001534354
"Klhl13",-0.00278847236022213,-0.000465407381398079,-0.00165540604896833,0.00987507500629506,0.00997897469225918
"Sp6",-0.00255528096398963,0.00181368038867361,-0.00488497748868707,-0.00376209636499869,-0.00485193534722137
"LOC105245112",-0.00168949738492337,0.000488683191850325,0.000900611056051869,-0.00098956654445794,0.000466471938163538
"Cast",0.106826029633542,0.118775558812282,-0.0144654888255184,0.0273646622618176,-0.00884362300117979
"Tomm6os",-0.00763670632972298,0.00234295076693178,-0.0106656092937046,0.00189709545753579,-0.00232733723315378
"LOC105244652",0.00393413177633957,0.000389908869019668,0.00230093755112107,0.00434016086344493,-0.000167587696171132
"Npnt",-0.134169146646164,0.110958382847175,0.0214352764135433,0.0152717243867203,-0.0232834434621285
"LOC105246451",-0.00378542856975747,-0.00239467862557091,0.00661555437786506,-0.00306950772624303,0.00354486490373802
"Kctd8",-0.167648540359448,-0.00312416462728967,-0.0124686968531471,0.0323018146388966,-0.00806564704637238
"LOC105244934",0.00220159441415505,0.000692515324333921,-0.00503900751001628,-0.00293609984909953,0.00660045157048504
"St8sia4",0.010383885133598,0.000874880000301339,-0.00581668231655428,0.00558228263664659,-0.00962852735394765
"Msmo1",0.0316372526187644,-0.0230603706501479,0.0226656859145725,-0.0184462354464144,-0.00921497765780774
"Ptprk",-0.0327419409822346,0.0422774911570643,-0.00550359282704604,0.0546169825088524,0.129556021062649
"4833417C18Rik",-0.000606618837958581,-0.000484618396382423,0.000751588989491065,-0.00634535793067476,-0.00396153748144385
"Lrrn3",-0.0612820635492685,-0.0162215632320362,-0.0528118508616792,-0.0211137919720467,-0.07821986728162
"Rspo1",0.0234906241271563,0.034160579086666,0.000987256990384432,-0.0118882598834547,0.0258667709662437
"Slc1a3",0.00120222971190941,-0.00109233512943634,-0.013624598307724,-0.00833478371230664,-0.000603859782027754
