"","PC1","PC2","PC3","PC4","PC5","PC6"
"Malat1",-0.0249599754055731,-0.00134375777404766,-0.00571657294879584,0.0058011237636348,-0.0224853843929487,0.00600068665805802
"Mgp",-0.216377605000904,0.000582095481537988,-0.126628366224963,0.0306445214667971,-0.193671039620349,-0.109034700316302
"Serpini1",0.196752993992419,-0.111555497118452,0.0172919273163327,-0.027628215780427,0.144820096046136,0.00228005994720906
"Cenpf",-0.00417035148837584,0.00128600615963428,-0.000560334410679819,-0.00455102017045544,-0.00620668169463029,0.000290858275279207
"Scg2",0.0839702867342133,0.126333953673219,0.143412977208135,-0.128573170980196,-0.00131961749389514,0.0568797715763417
"Cd24a",0.00593532610387647,-0.0364785243590205,0.0476026535023563,0.0519186473351428,0.0286156988880947,-0.0010652973762289
"Rn18s-rs5",-0.0132539649401398,0.00406331327595721,-0.00769118730700169,0.00942174141813848,-0.0154515272788407,0.00707206157654432
"Gal",0.0174267723807357,0.0402772041741283,-0.0169539080153656,0.0351683084918854,0.0515592512788347,-0.065245639719339
"Cplx3",0.0239391922794733,-0.0438949509629541,0.0610909252156733,0.0425139869574439,0.0322891716165232,0.041694637569441
"Lamp5",-0.251455708003555,-0.0593250887178407,-0.010837106923125,0.079830566316136,0.0751514685575144,0.0236010445359454
"Arc",-0.101489412165836,0.0184790147563489,0.0493189486350878,-0.119809360021337,0.086079622671942,-0.128439144130137
"Rab3b",0.131841032460404,-0.190885154965414,0.0153736797050607,-0.0898496199474085,0.141668935120726,0.206119080492224
"Ly6d",-0.0333876379146814,0.164318961038065,-0.0312858950564688,0.0768565877407379,0.0669245949590272,-0.0404545457230744
"Nr4a2",-0.052355320284532,-0.0432445721749243,0.0766697405224385,-0.265857784228701,0.0940954090179718,-0.0893883775936248
"Nnat",0.0268583323692211,0.0420321206885809,-0.016277884867184,0.03400805303242,0.0747820965353559,-0.0727071994101353
"Rgs4",-0.0199438249025756,-0.00568426487146459,0.0887117999194455,0.0059236025090037,0.00609206144693326,-0.0362713388073587
"Myl4",-0.0178205546625057,0.0796701664589096,0.0790864341025529,-0.0239862870532711,-0.0744207930093989,0.100174965209937
"Ccdc3",0.0112045251841139,0.00586330080920506,0.00428205384607322,0.00122992443953544,-0.00581488524930103,-0.00196608104397804
"Wls",0.00928792611726997,-0.0548122003239125,0.122615408410218,0.0817399372046876,-0.00525129322311379,-0.0346574303524618
"Cck",0.0304255550929653,-0.00898685989280171,-0.238800453233037,0.0238799369092528,0.165130194556702,-0.227734824382368
"Meg3",-0.00869620612837283,0.00529079790683311,0.00647399255326414,0.0126060418701089,-0.0379678940300019,0.00774536819954506
"Egr1",-0.072459617483024,-0.0101440004108003,0.0578646336957374,-0.0933220437984068,0.0622609071565018,-0.0775004487795735
"Grp",-0.0327365872733062,-0.308638401621808,-0.113550744826418,0.0393108980537207,-0.0421732671816183,-0.238020729707199
"Etv1",0.0564566428445779,-0.126804994383214,0.124868591712146,0.10511435666864,0.0321878925037102,-0.103195519892266
"Rwdd2a",0.0667795396453249,-0.051572943618229,0.00815081234145888,-0.0484604592350966,-0.0136577402671059,0.0912592179909057
"Atp1a3",0.00244283149737781,0.0141208509657461,0.0130835496627125,-0.00652997828480018,0.0100120929504176,-0.0499107464762245
"Inhba",-0.00837436676537816,0.0217236682244939,0.00591922386375265,-0.0340804728176603,-0.0659079522250681,-0.0725069135187749
"Nrn1",-0.0556309113910391,-0.0213118010276531,-0.0101139371288868,-0.0410164218206411,0.00378633873456567,-0.0526023124344155
"Cyr61",-0.0436466421829101,0.00337205238971855,0.045424164385835,-0.117772997039475,0.157535170917268,-0.120067408392171
"Egr4",-0.0692572002095842,-0.0210584489716031,0.0836918026177427,-0.168400981037505,0.102199356780122,-0.12948174173666
"Snap25",0.00534086095409561,0.00461280219522878,-0.00614186871249651,-0.0166876874242039,-0.00581838537913044,-0.000724021606485259
"Defb1",0.0184563800752913,0.0477850247747095,-0.0116975958414767,0.0307112798882435,0.057623898141618,-0.0608955017068613
"Chgb",-0.0463021585838993,-0.0231293281011222,0.0200204276138047,0.00361528940490944,-0.00941252445039697,-0.0675583596062029
"Plcxd2",0.035083690126523,-0.0390616998103018,0.126735299939553,0.0689480476793052,-0.0625291828345526,-0.0460887091718169
"Snhg11",-0.0117753374988049,0.00358955096839698,-0.0028073690974667,0.0134248135433317,-0.0261738134849035,0.00605409862954982
"Col6a1",0.0769729225320779,0.250136707273789,-0.0773582310873571,-0.0470341228531612,-0.0331736899601174,0.0488563855145603
"Pcp4l1",0.0786745544710685,0.134964853125158,-0.00803890637529055,-0.00203991973502553,0.120101912850314,-0.0213409401946368
"LOC105243255",-0.000779697109332136,0.0015336204524201,-0.00278973394786683,0.00116881511937222,-0.00321581181760276,-0.00159777804531346
"Pcp4",-0.021381101421365,0.0203284082512868,-0.0110400618872932,0.0159684058994573,-0.00847170275946877,0.0114528385311586
"Fos",-0.0713832066195219,-0.0158422391146468,0.166825072709995,-0.234601426364814,0.118177657390337,-0.147056303166036
"Aldoc",0.0621304735575217,0.0305692747987408,0.0033253587172292,-0.0328522778506514,-0.0700795109975937,-0.0482553181293942
"Mia",-0.0242775514338545,0.0193318249138988,0.000787022328309385,-0.0191194335643388,0.00315274324515037,0.0326488429994343
"9630013A20Rik",0.000205343608720207,-0.000608042882187901,0.00109923033683623,0.00259191002346834,-0.000794813312832564,-0.00263237442815517
"Slc5a5",0.158003170994325,0.14260024262504,-0.045216776315054,-0.0074517545605779,0.133453045922977,0.0128241633205896
"Nefm",-0.109842462640531,0.0521168833545647,0.0267078901632081,-0.0706418998556044,-0.0998800800508969,-0.0624761483408693
"Cdh13",0.190373285546388,0.0618903838825089,-0.0370795571016777,-0.0993483125832667,0.0561573464480623,0.0462486040662672
"Nrep",0.0911271886534407,0.0804086648082561,0.136184146245703,0.118868140798585,-0.0258371273411371,-0.18286197766048
"Rxfp1",0.0223459547307878,-0.0501943623933318,0.0638750947207956,0.0533683106816719,-0.0529646860086933,-0.0284140673549088
"Nr4a1",-0.0863767003658971,-0.038704164755036,0.149372558567025,-0.197385637314197,0.128123364048006,-0.102893996851431
"Pcsk1",-0.00391239498302456,-0.0387531661214098,0.149895912493008,-0.219534257779242,-0.0501749678055777,-0.120392738398422
"Ctxn3",-0.233193633068956,-0.000509656075253641,-0.0837957763241577,-0.0105468618107945,0.110785887600569,0.0655472332388795
"Ctgf",0.0542233558355441,0.0828752358763124,0.0992131642804791,-0.00774454273057101,0.0469416351150393,0.0533152185091755
"Btbd16",-0.00181666659917042,-0.000484274226615324,-0.00321027818882173,-0.000137174764953287,-0.00406966148093674,-0.000972366650764829
"Slc6a16",0.00175513052068534,0.000117039743763931,0.00342321243373526,0.00445163341674604,-0.00185635179528151,0.000127836559514523
"Fanca",-0.00105280512770951,0.00132185269709194,0.000316620774962658,0.000157946827062805,0.00162681872728794,0.00126682228792944
"Calm2",-0.0133700115418739,-0.0136752699648382,-0.00953937279837922,0.00133190355307235,-0.015266279820056,0.0120119245969759
"Marcksl1",-0.139963009087173,-0.163528894013372,0.0941024587792322,0.0860308968226165,0.270008439622535,0.151384728810688
"Bdnf",-0.00477764034436017,0.0932687220361698,0.0459089030232983,-0.150624486035006,0.0789611002839923,0.00151914055000375
"Phf19",0.00161925435798683,0.00531983213510767,-0.00375308953848895,0.00504480122846448,0.00285312888937625,-0.00852764396789812
"Dqx1",0.0018008376574333,-0.000746065298214866,-0.00210008178333338,-0.00363208098983995,-0.000903489636527917,-0.00182540833244724
"Ifitm2",-0.0924830916994241,-0.0618948325684753,-0.11039160590263,-0.0292686388847677,-0.0467787765488009,0.0219918134478115
"Sla",0.0876079076490025,-0.140563245606193,-0.200199879490357,-0.0437192242320605,-0.0427427584153993,0.0285351611453981
"Urah",0.036201142338844,0.0354205535462972,-0.0195615261450005,0.086850285018599,0.00578178277559395,-0.13036707913515
"Mc4r",0.00648805267037498,-0.0296352733287557,0.0476019289113866,0.0418809328409105,-0.0247591916534826,-0.059261923427324
"Nxph1",0.00412735823871134,-0.0347062458502887,0.0282997270609872,0.0306034103842132,0.0215366042226109,-0.0109985511906634
"Slc9a4",0.00278327591676779,-0.000206470374966768,0.000724185369543192,-0.000142012797717549,0.00187926306938167,-0.000434840825915202
"Dcn",0.00356184071015466,0.000479303802783754,0.00040398537555788,7.22541802499341e-05,-0.00208225649036401,0.00423629300047094
"LOC105245210",0.000808334263674025,0.00162818795169282,-0.00176120686565422,0.00149692668237845,0.00181723909044368,-0.00143169351105534
"Tnfaip6",-0.00625238315047175,0.00276541162690844,0.0133915680770323,-0.0210782028934864,0.00659345528517071,-0.0102117436521381
"LOC102634827",-0.000865455005360813,0.000727756705797519,0.00162166010112007,0.0040621243433004,0.0010545384058669,-0.00230726874954748
"Igfbp6",-0.0277666894003989,0.118571006027634,-0.016283458795896,-0.148642026901937,-0.396975389440301,0.0832083716604013
"Gstm5",0.0294663099900485,0.0288418381508613,-0.0136922401964467,-0.0111776106669049,0.0125284639791948,0.0254047231065015
"Lsp1",0.0638319979879386,0.0691950591205229,-0.0688260603152462,0.0556945080870315,0.15356863167919,-0.111628162251073
"Mobp",0.0173939554364068,0.0172638562021939,1.80699523192354e-05,0.00481656174411154,0.0150582297864582,-0.0210345914846015
"Prlr",0.0167548158764311,0.00660989036337877,0.0022847497078809,-0.0106188312311051,-0.00277374112356573,0.0250365658262262
"Grhl3",0.00244741270756644,4.52817213685652e-05,0.000574526189183123,0.00184844150427668,-0.000300850982464538,0.00312543682107951
"Pak1",0.0159274985470753,-0.00656400516770153,0.0447649767505463,0.0020036359208933,0.00258130531836372,-7.28684051402724e-05
"Chrna5",0.0585612631885192,-0.0395934205705919,-0.0651033998804035,-0.0143831643504982,-0.0882310736632428,-0.0460714613417421
"Cd53",-0.00145365523088279,0.00270190421059543,-0.00153614825949101,0.0023087722333726,0.00666660699934388,-0.0066362540982868
"Nrip3",0.18959803225011,-0.0940771806438015,0.0372878562196086,-0.0124510649984741,-0.00956393764507614,-0.0653312112672488
"Tpbg",-0.0504815692131759,-0.146238122782382,-0.0201358952942071,-0.184214663272714,-0.0101718811479677,-0.0232491254149207
"Nxph2",0.0180219356287518,-0.0253723796257985,0.0689172340907553,0.0500902007858188,-0.0378939823290405,-0.0465724900697056
"Pate2",0.00130199213566931,0.00285333709260676,-0.00191311170799266,0.0014497689578606,-0.00214482427719253,5.54063872527764e-05
"Rcan2",-0.00172121458390289,0.0454082664778968,0.102672838163504,-0.0605284706291945,-0.0032198924538835,0.00307856416391809
"Nefl",-0.035098491271153,0.0294097581744043,0.0410354395699541,-0.0836161774190879,-0.0485465229035133,-0.0310783232977683
"Gpr126",-0.00215594790664376,-0.00644052587381044,-0.00259273017304764,-0.00150693244251321,0.0137033095861435,0.00592830844195388
"Tshz2",0.0244574510059711,-0.0227180902855857,0.0512397139588438,0.040512070393701,-0.0408399691917699,-0.0291828220395966
"Pabpc4l",0.00238294089812188,-0.00156023181996641,0.00545487393787087,0.00489856226870839,-0.00647646067113269,-0.00918674511986186
"R3hdm1",-0.0295892569353892,-0.0256957066393507,0.0323177660771256,-0.0269230733193998,-0.0243599520426629,0.0137749944266189
"Htr2c",-0.0033504709313597,0.0035833517799572,-0.00117563133274556,-0.00386335624964921,0.000280460036464794,-0.0110184396187676
"Clic1",0.00562324328345692,0.00380671533993829,-0.00160504226764693,0.00410565243019133,-0.00293882424113569,0.00387532940015181
"Slc17a6",0.00488707618743334,-0.00378683259441268,0.00929483718496155,0.00758096610879239,-0.00441715186520234,-0.00465882750694845
"Rgs2",0.00825436926659024,0.150049435854103,0.0226077876281885,-0.117433929125508,-0.0138227616020305,-0.124158552371005
"Blnk",0.0443492193403432,0.063020096738808,-0.250225294851195,0.00896775142940794,-0.0473935318317001,-0.15592376450131
"Thrsp",-0.0553006669228644,0.186139640903347,-0.0175453689084125,0.0759566152797338,0.115771098342757,-0.0267451433006008
"Cabp2",0.00649584447661819,0.00081420742932446,-7.60524960510774e-05,-0.00607096693968482,-0.00171779054457114,0.0115636649884481
"Junb",-0.0346845037385326,-0.00921138864305964,0.0556771384261338,-0.12300026861786,0.162701396132133,-0.157163607866243
"Brinp3",-0.164651689241317,0.206028602728021,0.0418205924020001,0.0641368885674037,0.0042902864934353,0.0247137008480412
"LOC105246072",-0.00115422769421592,0.00304109868089328,0.00377646024777894,-0.000177131240078717,0.00501037176049242,0.00400683937143801
"Cxcl12",0.00493873243823334,-0.216032006199003,-0.080999826203646,-0.0550489134615866,0.0374729064267786,-0.082110254444585
"Lypd1",0.0244772882218949,0.00189937903341091,0.0521150840062933,0.052032556629582,-0.0157810304443456,-0.0531982773909955
"Pcdhb9",0.00515634037872104,-0.00756525221621316,-0.00265558590051345,-0.0160566552139118,-0.00811519175934184,-0.00168520512679189
"A830009L08Rik",0.00507107415475824,-0.0610313988635545,0.177191393047279,0.111635583662969,-0.0486559645940066,-0.0426936374874705
"Calb1",0.00767371545484557,0.00429853294544894,0.00287584064041404,-0.00307156373483452,0.00999182720338821,0.00318471247580126
"Lhx4",-0.000305057495799417,0.000880619227594563,0.000480382630891748,0.00274386628651816,0.00113374526468525,-0.0027581901437901
"Plcd4",0.00120969844288754,-0.00027673479077127,-0.0026203570561274,-0.000271919647627947,-0.0011804726842825,0.00111801599367351
"LOC105245628",0.00164721522035186,-0.000289992445406888,-3.26138124624393e-05,0.00287336497099631,-0.00273061518427104,0.00533150655804112
"C730002L08Rik",0.0806412854105324,-0.046390823231602,0.11593657629615,0.0457466792323923,-0.104144995036921,-0.0262970134038293
"Nrsn1",0.0506956904348157,0.00469960903575699,0.0200964820550028,-0.0213602411545068,0.0598869735008431,-0.0136206656112369
"Ndn",0.0342089617395161,-0.00566487843415956,-0.0128678125003497,-0.0239146121844395,0.0126428520332562,-0.0018723877558808
"Ahrr",0.0031071131191391,0.00768716313677569,-0.00468488548108341,0.00409235267730264,0.00581663099156746,-0.00322357813031004
"Rnf17",0.00306473767943318,-0.000109249684534027,-0.00194572246119575,0.00646043191202406,0.00739548122332778,0.005747749497751
"Tmsb4x",-0.00179115415003906,0.00823841850773164,-0.0384645771875713,-0.0168261190354395,0.00351791719552293,0.0292344270192321
"Prss23",0.0646476556400726,-0.145401604460496,-0.117859208239284,-0.149854119822872,-0.153829890315377,-0.0822151289751801
"Adcyap1",-0.00390338427917166,-0.0286380906189012,0.0800133137267478,0.0541872458925683,-0.0141850000220623,-0.0139724258278151
"Cep55",-0.000459183653376377,0.000283389167149076,0.00184701980742661,0.00120231717167179,0.000383077094400577,-0.00106562611704355
"Nostrin",0.0014661943386599,-0.00160170108137792,0.00413089860918598,0.00268058794854924,-0.00294215617167317,0.00187960447408059
"Lair1",0.000331919532270886,-0.00047300955069821,-0.0018314484036611,-0.00109485068439849,0.00170009883163745,0.0013018300697188
"LOC105243254",-0.001499338314793,0.00144765267675449,-0.00134812990990273,-0.000610911714153963,0.000442102926385532,0.000623337568900684
"LOC105246416",0.000510230643554481,0.00208233824638184,0.00139944625736793,0.00176882823080196,0.00615042073327262,0.00200007974702353
"LOC105245834",-0.000277772888566331,-0.000858533084759114,-0.000896924609480041,-0.000292863012478917,0.000392272645213145,-0.000332761552419885
"Lars2",-0.0150523184673519,0.00535810817158913,-0.00495142773255363,0.0106493185352587,-0.00872420171872174,-0.00309513686159806
"Kl",0.0049225256177683,-0.00709845686780872,0.0198537567918999,0.0161314167995438,-0.00977404119405882,-0.0122748409356244
"Cpe",0.0216219337216669,0.00800993012962532,-0.00805685139871812,-0.0124751121994967,0.0303275096799255,-0.0195910118708958
"C330002G04Rik",-0.0013648817525565,0.00103335641060456,0.0029228148441544,-0.00643965597066362,-0.0126503492691015,-0.00167963432425531
"LOC105242417",-0.000930080846845161,-0.00104242983696277,-0.00123643256447556,-0.00188720307276574,-0.00312567187648112,0.00209644336291226
"Vgll3",0.00550617425971427,-0.0146688102927278,0.0290199248040665,0.0235697019937019,-0.0142119209931204,-0.0141964802404923
"Spon1",0.183686197196667,0.0874675668233302,0.034509991853108,0.039357490882986,-0.0619720113476001,-0.173549587998804
"H2-T23",-0.0089868799496331,0.0836001646399688,-0.0429011280570356,-0.142770769737481,-0.177995128964933,0.0580255458965621
"Gabra5",0.15653178527928,-0.119976199632685,-0.0407099124055737,-0.0634821555152368,-0.0384978036241892,-0.0332654355163962
"Cdkn2a",-0.00228553941759892,0.00125569252371246,0.00230621655785065,5.96523429597186e-05,-0.00144968134652754,0.00449434457831287
"Pcdhb7",0.00188324180025224,0.00486896313409676,-0.000359276940227018,0.0119285104550607,0.0206155272410735,-0.00388204714353572
"Id2",-0.0262544078180133,0.0327477645989943,0.016333762116399,-0.0153495801137623,0.0158601134977822,0.0527168456294075
"Cx3cl1",-0.0309507087290463,-0.0148017805030256,0.0340643443795173,-0.025028540772472,0.00615546613390003,-0.018868619484369
"Egr3",-0.0963781223922206,-0.0274856126505845,0.0668657592380022,-0.13493411242515,-0.0628137923310674,-0.0229087340683758
"Plp1",0.00161367832527058,-0.00233026125695466,-0.0012636368608798,0.0008654316328595,-0.000367618530902568,0.00281356428296282
"Kcnq1ot1",-0.0156024045209709,0.0116928388790457,-0.00756300725327485,0.0152561725019005,-0.0391313263915041,-0.0181898673597757
"Pantr1",-0.105741850552643,0.0749811460194425,0.244495304122282,0.176940030908555,-0.094057308712581,-0.0235593130481528
"Kcng4",-0.0108133083787579,0.0206690604370295,-0.0029970630581962,0.00735344711932583,-0.0162459174308316,-0.00850715783535502
"LOC105243866",0.00270730665243451,-0.00298194904363452,-0.000289164929076716,0.00271764435876948,-0.00934364573143131,-0.00284241870912091
"Fam150a",0.00916246542805459,0.00228494634106953,0.000603445301327383,0.00579840207838958,0.000721287203431165,0.000682711693784392
"LOC105243672",0.00377744598532271,0.00151906384462324,-0.00140668992977392,0.00973184627249689,0.000609504543396576,0.000986321367146277
"LOC105243370",0.00169786976158958,-0.00513000935429305,0.0105273802201049,0.0122485692150728,-0.00484576766196532,-0.00258127191611369
"Gypc",0.0492767503952887,0.0438364824828328,0.034467993431093,-0.0996253926342908,-0.0811148328086538,-0.0149530408472751
"Csf1r",0.0123160921387137,0.0332767565218493,-0.0103365552789862,0.0249644089562947,0.041011876880188,-0.0489810406908016
"LOC105246668",-0.00588637713635154,0.0016979155605276,-0.00461356175486942,-0.00044063625936581,-2.26515150994772e-05,-0.0113825066583211
"Sebox",0.0369479855408525,0.0332351695404802,-0.0643327432180549,0.0539082769432506,0.0349987681966978,-0.130974171315004
"Car4",0.00911347336169261,0.000617991153215212,0.00235100377172888,-0.00604059764611237,0.000386930677396222,0.0243816257978707
"Slc7a4",0.0807841411426237,0.0873275675166264,-0.0400625984094152,-0.040621580194379,0.0401841326852567,-0.0168553096131226
"Olfm3",0.140359419458697,-0.0113438322797829,0.0900594500022256,-0.085840863659875,-0.023230756730883,-0.008174645778753
"Irgm1",-0.0122479510678745,0.134087496814197,0.0785525546782344,0.0246487075753428,0.0670708363727854,-0.0732610862804123
"Anxa4",0.0467981837602023,0.174064653932881,-0.0524314650492213,-0.0428317941751367,-0.0517862771585449,-0.127300963691487
"Npffr1",0.003334091463375,-0.000140412278630299,-0.00449454626081092,-0.00111513144234413,-0.00844786487133453,0.00252104425203833
"Serpina3n",0.0323027194091458,0.0531885818491701,-8.70726376054014e-05,0.011739358048159,0.038796264911986,-0.0256279055371555
"Arhgef28",-0.0719609927475393,0.104667527877033,-0.126087778356636,-0.00451093420038269,0.0611410799607686,0.0841835237625474
"Hbb-bs",0.00113021988573451,0.00193126862220504,0.00163426466921727,0.00110465496419738,0.00187502443220528,-0.00482122097925325
"LOC105247205",0.000684685463017801,0.00207898176226792,0.00207440715718975,-0.00199473803762272,0.000732194607854688,-0.000250814714382754
"Cbln4",0.00374894146132097,0.00204428462539328,0.00460584694832673,-0.0134130862153058,-0.00111966769646221,-0.00132824113732162
"Rgag1",0.000362183373935021,0.00372531201211256,-0.000597864550109931,-0.0012341032161206,-0.00177974486744221,0.0021621521784055
"Crem",-0.0334377655915263,-0.0160893310062065,0.0700514356399253,-0.0899721570303819,0.0105988271981181,0.0187215015819062
"Adm",0.0233441787574012,0.0477311736629297,-0.0221879357628332,0.039942869527419,0.0586700359370851,-0.0912100493568837
"Rasgrf1",0.0181627974516427,-0.186363693382248,0.0146165721266699,-0.0366537548896692,-0.0520011532089041,-0.137941524467982
"Foxr2",-0.000714796725859625,0.000388726981736473,-0.00152933642971727,0.00378406885529489,-0.00327301507125053,0.000235269975634996
"Esr1",0.00426784429577463,0.000916588052557427,0.00416131458668098,-0.00224362804810316,-0.00275008859685219,-0.00450731947450453
"Resp18",0.0117620645225972,0.0917756313310536,-0.0318812534340785,-0.0650867701148171,-0.0335696245894973,0.0597844493597843
"LOC105242740",0.0921340552819968,0.0837286481678096,0.0295620739026229,-0.0447677673036489,-0.116091542197084,-0.0131060274980024
"Gucy1a3",0.0104370329434005,-0.028949178359821,0.061649085399679,0.0505705939363429,-0.0275812063524726,-0.0228997272500968
"Cftr",-0.00506416576370418,0.00192433822053068,-0.0049209237583748,0.00223618499422385,-0.0101246655588283,-0.00565036156186427
"Slc12a7",0.00223069750633974,0.00254041285408437,-0.00313336957249071,0.00148496649545716,0.00494487416032139,-0.00150400624393914
"Alox8",-0.000737102916768425,-0.00113181382424014,-0.00144138471586221,0.00104595439796346,0.00773841695095122,0.00577170746905502
"Fam167a",0.00198231282484717,0.00138548440216324,-0.00238633135981981,0.0022910080680702,0.00348524062350478,-0.00228048360786864
"Edil3",-0.150196334508565,0.0261792139033332,-0.0884350990689826,0.0152788621531863,-0.060014046110241,-0.162711811947212
"Chst5",0.000172043025881653,0.00413643305072308,-0.00379063119610773,0.00271472373927096,-0.00183446863966195,-0.00293512268034923
"Col12a1",0.0778935215546671,-0.0735932992172846,0.100997319187703,0.0439698752473857,-0.103780397031087,-0.0682453365804602
"Aplp1",0.0108014454308146,-0.00212874552697098,0.00462190575485489,-0.0129163375660805,0.0212275382577658,-0.0316336008744506
"Tgfbr1",0.00427839307582485,0.00170462811669595,-0.00229816986979648,0.00187260215064931,0.00446700041944575,-0.00284056377116289
"LOC105244073",0.00219931571076096,0.000246627852223826,-0.000121189755736874,0.00679139797709487,-0.00243702756825238,0.0011177142308362
"Chst14",0.00136499351364274,-0.000417390587155405,0.0023338149153823,0.00127555591996722,-0.0014628040822616,-0.00330997086273171
"Ect2",-0.00160758473574845,0.000294428443535051,0.00210970899105698,0.000124061889365424,-0.00172862639553642,0.000706159876406732
"4933406B17Rik",-0.00179205327803953,0.00143835753531869,0.00223260126406053,-0.00265847248505092,0.000884760711659946,0.00499286801765002
"Tiparp",-0.00903339693307179,-0.0112060069147437,0.0753402126796428,-0.153657446973333,0.0165068051681994,-0.119120987202784
"LOC105244562",0.00221485288402813,-0.00135380809175668,-0.00323364459806268,-0.000320130808639665,-0.00740749079314717,0.00104444705601841
"Shisa6",0.00284837470979103,0.0005544479491099,0.000309156965101333,0.00102313509519755,-0.00390527121854242,-0.000678019014209636
"Trpc6",0.0015734795511799,0.00247177243587117,-0.00117320666089014,0.00388026795957883,0.00115443380267458,-0.00410175202334106
"1700080G11Rik",0.00435658857044473,-0.000616269602863824,-0.00403765554300792,0.00360237193587814,0.00242074642782727,0.00141431167573551
"Vmn2r1",-0.000817284347783695,0.00281226158542613,-0.00146533928376875,0.000711514268540249,0.00231237815175555,-0.00433435340820266
"Pcdhb10",0.00371792407274115,0.00339625245952545,-0.0043913042971179,-0.00102176442870082,-0.00355475552591138,-0.0069370700916091
"Tnip3",0.00124397059528625,-0.00281702741181273,0.00108930624543168,0.00233336629325723,-0.00234749103623035,0.00135690041299118
"LOC102640624",-0.00240594612480683,-0.000649654000510283,0.0015094975886995,0.000700864837803628,0.00236718305373667,0.00489271520430332
"Sbspon",0.000606161048642953,-0.000375428849310201,-0.00142669276404109,0.0021143158007248,0.00181657281906027,-0.00301855109830697
"Ccdc80",0.00732598785178772,0.00191542666751085,-0.00108775925440496,0.00272237630918461,-0.000537476734686411,0.00044822721832906
"LOC105246765",-0.00105174580891118,0.000873451403037051,-0.00449828331859381,0.0032142887245529,-0.00559958816982542,0.000840119395452969
"Dusp1",-0.0348909327518914,-0.0237651054386805,0.0877674227508805,-0.123213508733208,0.0806212515264013,-0.0426364711426294
"Ddx4",0.0040193033181174,-0.000501826373456758,-0.00268833033170038,-4.42441704096922e-05,-0.0133941061541191,0.00630312858408861
"Cntnap4",0.128397870705278,0.0120270571509182,0.0326021046441229,0.0699512811003095,0.0324109757511681,-0.1098238838526
"Ier3",-0.102148513670914,0.0443794580278805,0.0387534103580333,-0.163308222065447,-0.00949066975653176,0.0233823572457402
"Cryab",-0.0874375617173258,0.0710802168190388,-0.134205523461135,-0.0790534127884991,0.031327158029884,0.0854808393402653
"Cidea",0.0571598904087888,0.104243211840957,-0.0214188817078485,0.0489474393582974,0.0875416027241958,-0.0893429489651934
"Zfp229",-0.00199618012011023,0.00570954664078149,-0.00881825071375129,0.0106198516152324,-0.000644995337140196,-0.0120073371880703
"Efcab11",0.000407653623228516,0.00125238651735459,0.00223132535132108,0.00116694907631967,-0.00296869680098813,-0.0010308936235925
"Pdp1",-0.0606479379671712,-0.0127513518538449,-0.00921200483399427,-0.108187450727411,-0.0745280425214708,-0.0495531751562419
"Mest",0.0109009754105194,0.0346471760755664,0.0447046061162991,-0.128796196643425,0.0762607554126188,0.000413527975915491
"Zcchc12",0.0861292346546861,-0.00178203474067776,-0.00759874165686792,-0.0804021432658121,-0.0278989821900238,0.0692432663579398
"Galnt9",-0.00646957282312282,-0.0205891256769632,0.016316446530081,-0.00640825244539923,0.0261128055423921,-0.0511681858456901
"S100a10",0.140569954350598,0.00760345541145871,-0.0936029422473404,-0.103666129629723,-0.0496515703034902,0.0413564876440718
"9330175M20Rik",0.00113828166241713,-0.00161232356682164,-0.000754841684979633,0.00103843166848944,-0.00989495841099483,-0.0041959304642908
"LOC105246189",-0.00157962580888782,0.00243898291125948,-0.00243552544828432,0.000728522510160416,-0.000907195996810105,-0.00193833656036751
"Apoe",0.0184717909860161,-0.00526853501761972,0.00109211592675784,-0.00782109611995371,0.0187350564906878,0.00180666777362211
"Chn2",-0.148732240702541,0.0359588744599248,0.0999683354767916,0.0902656193863705,0.0264421404253049,-0.0323775047593636
"Tmem144",0.000207472215479326,0.00109158435267657,0.00172870112507173,-0.000857631684023052,0.00458571796872563,0.00462715904867235
"Mslnl",-0.00134083761510191,0.000320022932260449,-0.000324058930403803,-0.000473186026023696,-0.000949547979013983,-0.000800237870768003
"Zpbp2",0.000814822450803336,0.00349599513576982,-0.000325118976077415,0.00138821862877185,-0.000160131432329461,-0.00199931262869444
"Arpp19",-0.0185595915645611,-0.0117826530306945,-0.00355680452630295,-0.0353792104767643,-0.025766486778923,0.00627503304356539
"LOC105244371",-0.00106385081280887,7.61876524571881e-05,0.000104870280709117,0.00331143217098763,0.0011343700142924,0.000763023391780739
"Cd44",0.0117745292027612,-0.00490008558022919,-0.000915229918070295,-0.00964560770560526,0.00142181722244608,-0.00517456160537131
"Grin3a",0.0048052203469205,-0.00167090926275526,-0.00331045195562201,-0.000379390302292661,-0.000865266169223924,0.00263042076663628
"Lrp4",0.00130388392562539,-0.00094940169537236,-0.000541523532969563,0.0023790282050833,0.00456047141309762,-0.00034618268150713
"BC048546",0.0686483199707772,0.00864273714931564,-0.0179069636255236,-0.0539346680719819,0.00712488088174695,0.109588046799797
"LOC105242985",-0.00180687893278328,-0.00283597728115193,0.00505409016519838,0.000916582462114095,0.000274206388476007,-0.0025042810484097
"Camk2d",0.0687795305599586,0.105104850461934,0.0590691199188102,0.0895995703150135,0.0479044808081237,-0.115659734407954
"Slc7a10",-0.00196891550257673,0.000218485129643639,0.000343525105121755,0.00075843635473289,-0.00377646183137847,0.000343678805965562
"AW551984",0.0176061671575335,-0.00157103040194754,-0.00311395869661689,-0.015521257603768,-0.00118898297170893,0.0112327826535413
"Taf7l",-3.96994654562474e-05,-0.000941802816467019,-0.000830619109207454,-0.000682866600575067,0.00180531858080347,0.000705150967127157
"Plekhb1",0.139340493485654,-0.0476784407514875,-0.0353178364548614,-0.08483950181859,0.0552771503476161,0.0760598667672549
"Dkkl1",0.062609715768503,-0.00215829100792088,-0.0197817889880152,-0.122206330740673,-0.0134829341182885,0.116757054502423
"Wscd1",0.103880277453233,-0.0571283955410707,0.040593701062795,0.00951356048268623,-0.107508728634903,-0.118199893854672
"Prr16",0.00223402318397005,-0.00466307089961485,0.002352516329534,0.00550272548064843,-0.000235842085147698,-0.00580109222203654
"Gab1",0.00139675076559226,0.00126401494473677,-0.0012961095707307,-0.000476270582662319,0.00064781681043474,-0.00117077525017539
"LOC105242387",-0.0300583516794348,-0.00323964227032172,-0.00324535377808094,0.01596796723399,-0.0522430450691296,0.0377142398680925
"Il17rb",0.00367872509416589,0.00941648139150524,-0.00555301104436502,0.00659319443585705,0.00433715043142581,-0.0166186158497521
"LOC105244317",0.00163296045351136,0.000604190069276307,-0.0011464468629054,0.00316005499573817,-0.00119186964150716,0.00384933987470494
"Tek",0.000218832333299691,0.0017056973120826,-0.00082792561170832,0.0013138031084038,-0.000215169533099409,0.000987517152592369
"Trp53i11",0.0691148613709123,-0.0176017712730517,-0.0258539440761839,-0.0114172432492036,0.0463128513729416,0.0475302482253027
"Hif3a",-0.00336532551383883,0.00629365677157885,0.00141806286003435,-0.00065794330978028,0.00121000952741441,-0.00092858814016113
"Tex14",-0.000298410756340512,0.000883222463294229,0.000211112787912477,-0.00271002764103182,-0.00271698769702187,0.000202062559767496
"Cacna2d3",0.00414393226306636,0.000568749109984015,-0.000358026463715497,0.00576038247034944,-0.00179273333307302,0.00239089778990785
"1110008P14Rik",-0.0234056915449089,0.00789476052368015,0.0335215504789674,0.000559305671752546,-0.0398196782610051,0.0527315677970049
"Lrrn3",0.104233295025609,-0.0191483872848542,0.0168098618882723,0.00587437744887329,-0.0504161432870256,-6.81148548359221e-05
"Stard13",0.00415948360613472,-0.0172958526568634,0.0254947604445868,0.028531032161734,-0.00897675834324825,-0.012588802633759
"Fxyd6",0.0918237885759981,-0.02792784961043,0.000578780758809652,-0.027801228367103,0.117256823192945,0.0701586810968793
"Clstn3",-0.0179172356722841,-0.00895900596300879,0.0376853992883441,-0.0288186573758518,-0.00410655258474541,-0.0385731258620902
"Mndal",0.00897244207493766,-0.0399222740836099,-0.16337895698585,0.048899612483367,0.0869291328527083,-0.0911147977313161
"LOC105244313",0.000432636970298341,0.00115251444443569,4.74081326774597e-05,-0.000632159138915936,-0.00040928778683773,0.00192916752165542
"Mstn",0.00610131150146988,0.000241946837006685,0.000919369692687389,0.00384351916085481,-0.0071773714723946,0.0065731480338015
"Col5a1",-0.026402282887798,0.036554088153392,-0.104987042803282,-0.00106502230305655,0.0342157275353435,0.00806222759136371
"Gpr56",0.0571048955903437,0.0185545424259822,-0.00742226732395941,-0.00976878114911145,0.00308982800974642,0.0352289923648881
"Casr",0.00375463238482917,0.00916266962380657,-0.0031766891144716,0.00848306575383414,0.0104061601319674,-0.0153926497047594
"Cd4",-0.00173136853435897,-0.00148244253664734,-0.00987497701031521,-0.00470639849108029,-0.0259468809101554,-0.0162094076197061
"Klhl4",-0.0023681908086526,0.0134703995349235,0.000965766232916976,0.00667988642247604,0.0132156243742565,-0.00574423092743513
"Ap1s2",-0.032320735613172,-0.00481545076019753,-0.134354676356393,-0.051286993142192,0.00454584965520455,-0.0972597614346653
"Kcnmb2",0.000685817094169816,-0.00486764226237379,0.00940554755380976,0.00253971472410737,-0.00427894052000574,-0.0071743244920548
"Scgn",0.00939699379332224,0.0250461787512588,-0.00826789493139203,0.0187251077749883,0.037238096551978,-0.0383244857686573
"Eml5",-0.0699159020471658,-0.0200798011299834,0.0370880314091536,-0.0473873089705923,-0.0619393885474279,0.00561930053576692
"Sulf2",0.211597255339658,-0.052063868880572,0.0926564258651515,0.0178763248494698,0.0188612594043784,0.0177255480660483
"Nptx2",0.00791856854353849,0.153556758742783,0.0867543725934151,-0.142638196097699,-0.0871185614118013,-0.0676625397723097
"Wwox",0.0412180999538354,0.0275612286069889,-0.00711142868719286,-0.0383708093581502,-0.0261292581998997,-0.00101988426393867
"Tslp",0.021450922748799,0.0243220002194645,0.000778975356013797,-0.0213981221240045,-0.024960911205407,0.00618016997273434
"Mical1",0.000212378896417105,-0.000117603942369972,-0.000773226431838552,-0.00309826472356586,-0.00368630421296874,0.00181687818701827
"Pdlim1",-0.0288643720954374,0.0691332169536406,-0.0640988329330005,-0.150381946828143,0.146827897338445,0.0967043700799329
"Parp9",-0.00195332611280388,0.00331428977513186,0.000320384458440666,-0.000531180771386612,-0.0060683204107425,-0.00497449223046648
"Klhl13",0.0665086630730088,-0.00967326386581814,-0.0282047419206087,-0.0476051967054652,0.0363314819900501,0.0977429629176164
"Rspo1",0.0125120626762798,0.0366832836162234,0.000224685816252951,0.0200162972079089,0.019644278371886,-0.0259744002373606
"Impg2",0.00222926233313126,0.00399067368956886,-0.00964355307948988,0.00308519411907046,-0.00862169806083474,0.00163808947650275
"Chrm2",0.0340960400064823,0.00286814778768821,0.0173415912359714,-0.0336093217577554,-0.0180307814918822,0.0217781162825127
"1700003M02Rik",0.00213410095089559,0.00230603874848703,-0.000837959488492418,-0.00117116409450185,0.00232533559168274,0.00316092459697833
"LOC105244749",0.00106931383824064,0.00206734711330287,-0.00143365892885929,0.00130580815079055,0.00371888089848201,-0.00302242703576503
"Ncald",0.0145859358384461,0.00144007163462622,0.00607534732055692,-0.0174579861186975,-0.0136717338713149,0.000221345854990468
"Dusp14",-0.0311457385987366,3.02064450784543e-05,0.0300078125644033,-0.0775452558677558,0.0180987319895621,-0.0426030571110494
"LOC105242644",0.000868453435435738,-0.000175192320128689,0.00374847246963013,0.00341188752263551,0.00648308166959922,-0.00725046381605064
"LOC105245842",0.00174863435157673,-0.00142766327123669,0.00139581392443309,0.0017187245561123,-0.00352069165458801,-0.00111270352392097
"Cntn6",0.0542829562448674,-0.0665900899536353,0.123710996405556,0.0476886061576503,-0.127802746128543,-0.0796291156864951
"Pkhd1l1",-0.000156516300189067,-0.0019058376105104,0.000475953513863515,0.00413507924039604,0.00126898052555162,-0.00146469408306827
"Dpp4",0.0390925579895447,-0.0387432755841604,0.0533774983475414,0.0690061646368623,0.0130351959912693,-0.00502006098161252
"Gem",-0.00660849448254794,0.00421536576019543,0.00338936011773391,-0.00473816057723073,0.000741996441515999,-0.00285481169812092
"2900052N01Rik",0.00134203156137862,-0.00139814084987888,0.00211776770429446,-0.00106330806708194,-3.0027352722825e-05,-0.00206300338761541
"Rheb",-0.0156299685472201,-0.012332783772054,0.0176604026774461,-0.0343677812132473,0.00128021478264432,0.00325629338525103
"LOC105244754",0.000675363108408527,-0.00253578270960454,0.00364849639380808,0.00509621547811189,-0.0034933327978723,-0.000679721920427706
"LOC105243011",-1.60557463857767e-05,0.00156193108187841,-0.00147453815835708,0.00374491312765196,0.00426947298709286,-0.000654680810315364
"Fam84b",-0.00319627159706603,-0.0100589711844903,0.0104883279030413,0.00889269587101723,0.0103882414853188,0.00400804160963904
"Hcrtr2",0.0229563377715285,0.118191616065665,0.0655903522974698,0.00716530296926104,-0.0913178364246481,-0.104233915133723
"Sash3",0.00204571351535523,0.000993272990050384,-0.00404305731196877,0.000896112417884679,0.000390082200054204,-0.00237952551412834
"Pcdhb17",-0.0171066323078825,-0.0150759432651018,-0.00291205781748566,-0.0182585435385175,0.0206538947791357,-0.0116068637548716
"Svil",0.00512110368536845,-0.00488707870903297,0.00977893101290331,0.0089018626753337,0.00567115873055912,-0.00213704256240481
"Sv2c",0.00265698590574366,0.00411059307481644,-0.00394452653023649,0.00354570718940948,0.0026813593999344,-0.000224842633862154
"Anln",-0.00285813599097195,0.00177737606929274,-0.000870939513437984,-0.000238118458327783,-0.00163315803307181,-0.000637715562825481
"Tmem91",0.139083310128937,0.000176541472317709,0.00988916271490888,-0.0317999777653359,0.025034434031094,0.0573714931828476
"LOC102634042",-0.0048674871365748,-0.0019591319673935,-0.00529790500520757,-0.0016353690611841,0.000922034400303226,-0.00297133464985548
"Gaa",0.0394163596186395,0.0499980968377516,0.0208813628003925,-0.00830994610028042,0.0698736908587147,-0.0636285747279303
"Cd6",0.029026457645693,0.015655911919224,-0.00282356595726336,0.021144952292358,-0.00595019344085531,-0.00660428599183927
"Gja1",0.00117484284875221,0.000548646562608441,-0.00244303984504672,-0.000379115332284615,0.00462937911466591,-0.00164449595238918
"Obscn",-0.0868822032068839,-0.01560386153668,-0.156254368461542,-0.028135541896472,-0.141227280579952,-0.0748774284760226
"5330416C01Rik",0.0509682747221937,0.146826489999613,-0.101716864018226,0.0132085579879692,0.0415414551238523,-0.0691077769389034
"Fancd2",0.121702758436763,0.0834851602955654,0.02054834607658,-0.00964538474920913,-0.0577459979503924,0.0174046174672075
"Rspo2",0.0911516056545868,0.00396365289606572,0.0618624150684016,-0.0254939180437053,-0.049106003583634,0.0126512802309213
"Angptl1",0.00133125455625717,0.000388693912927673,0.000771970175032248,-0.00306467810458124,-0.000662599486285452,-0.00444717138906863
"5930438M14Rik",0.00611645736912477,-0.0151101109863606,0.0260953292656955,0.0248035671940982,-0.0136995237595381,-0.0116496176231649
"Tmem255a",0.0205220809244876,0.0166430486517921,0.00273204217811073,-0.00904056172310531,0.00617086808480732,0.0184335114524248
"Pcdhb12",0.00218180322340008,0.00597320237606903,-0.0139881467897603,0.0046802712705322,0.0122636245177169,0.00107785561704028
"F2r",4.22544777621369e-05,-0.00415360142875538,0.00496362131480103,0.00535795154022318,0.00077874869571788,0.0074614437118673
"Pdyn",-0.00134188616523934,0.00136836956319281,-0.00167074551302471,-0.000730006857059605,0.000107524924350134,0.00314998001541506
"LOC105245523",-0.00131256269877187,-0.00172867844298989,0.00273935092242489,0.00103265961224181,0.00163390623847949,-0.000764672243586492
"LOC102638694",-0.000930155881362483,-0.000640589019083524,-0.000228324786983173,0.000798901734017686,0.00105864019945513,0.00220582990778862
"4921534H16Rik",-0.0014951431217268,0.000629330081267516,-0.00468243776957905,0.00341163050528083,0.00082575034106966,-0.00335878964117623
"Gpr88",-0.00627764445768454,-0.0140338307031583,-0.0181160712458914,-0.00206189482707938,0.00384288489328213,-0.0240966078998555
"Kcnj10",0.000643720948240447,-6.10925878307128e-05,0.00483048427025702,0.00294766775598492,0.00665541818448059,-0.00362560043957975
"Fam101b",-0.00138831524869056,0.000341970117621515,-0.00158778606075468,0.00239416916716251,-0.0026357471329942,0.00236582099304158
"Gldc",0.00350934435221857,0.00405285163952026,-0.00218371035534217,0.00516125155888505,0.00173400246372307,-0.00626529341708761
"Ndrg4",0.00788304835495935,-0.00428381192215958,0.00880465316810004,-0.00170836904053558,0.00587872152821606,-0.0179831743847127
"9530051G07Rik",0.00130508255727745,-0.00112088916790613,0.00567227044257134,0.00483450730439394,0.00454639299181381,0.00505647260064576
"Sema4a",0.0993901388678561,0.0977888097292116,-0.133346244368108,0.0261394363101114,0.0253387321605854,-0.148456593004862
"Ptgs2",0.0304113471875355,0.114287036701285,0.024888361213141,-0.0365839438897639,0.0343987879918116,-0.0727370108774593
"Dnah10",-0.000449464698454761,6.64932863068952e-05,0.000294811445151833,-0.00201528343114542,-0.0027437357926952,-0.000339641797244775
"LOC105245996",-0.00114631969846956,-0.0013206876371444,0.00215919844185467,-0.000509387576127751,-3.33080508773661e-06,0.00108886112897699
"4921507G05Rik",-0.00126363946849006,0.000520814673857398,-0.00309007492277086,0.0043481678576191,-5.66693438221351e-05,-0.000479712962157331
"Kcnip4",-0.0795208991928223,0.0499994813734362,0.140471920619713,0.142197506819094,0.0336286828843395,-0.0478987587639588
"Enpp1",0.00113800236920229,-0.00029411800913434,-0.0025130536978049,-0.00324138217882781,-0.00177256304438606,-0.000942721829829133
"LOC105246327",-0.039933389327409,0.0516232010053097,0.0400366756963322,-0.0473998176400931,0.00433380800299675,-0.0386262677286424
"Grm2",0.0237531525866394,-0.0227455827537001,0.0666627450927541,0.0407383501169298,-0.0210844892640527,-0.0142680342208461
"Plk5",-0.0403647738609788,-0.0726108125866824,-0.131472789914743,-0.0429831595956109,-0.127384944822148,-0.140812697279446
"Pdzrn3",0.0325627701871477,-0.0269326829694971,0.0594193900183222,0.0462514513903503,-0.0135733695099513,-0.0163802699503555
"Htr5b",0.00297749378995805,-0.00343568093285719,0.0231624721911352,0.00942406309019382,-0.0149299442077698,-0.0198049574767797
"Nrp2",0.00899960784408232,-0.00150787509656406,0.00369709319446656,0.005998212711706,-0.00164593380884642,0.00366412894991983
"4930552P12Rik",-0.000414818896044707,0.000783601240100519,-0.0010198627346402,0.00157652636760629,8.13768393106584e-05,-0.00228513834924697
"Parpbp",0.00322052364864073,0.000855865185125452,-0.000371740640102184,0.000507681403097048,-0.000975238613316102,0.00138855551692674
"LOC105246332",-0.00204407227384854,3.20556184996101e-05,0.00279168999956642,0.000598757124582946,0.00377478555651013,-0.00632573467326522
"Kif27",0.00566196067717417,0.00120511341420235,-0.00398820464389707,0.000444454570149855,0.00145558739889966,0.00411427948541252
"Pitpnc1",-0.0490497279496443,0.0447432934031645,0.127994153482154,-0.00435565700617026,-0.103882963583487,0.143662973481357
"LOC102636055",-0.00104409487986478,0.00144719295287306,-0.0022386541895643,0.000974299943943981,0.00105249071931212,0.00182755892131136
