,complete_axon_total_length,complete_axon_max_euclidean_distance,complete_axon_num_branches,complete_axon_num_tips,complete_axon_max_branch_order,complete_axon_max_path_distance,complete_axon_mean_contraction,axon_width,axon_depth,axon_height,complete_axon_total_number_of_targets,complete_axon_total_projection_length,complete_axon_VIS_length,complete_axon_ipsi_VIS_length,complete_axon_length_in_soma_structure,complete_axon_number_of_VIS_targets,complete_axon_number_of_contra_VIS_targets,fraction_of_complete_axon_in_soma_structure
17109_6201-X4328-Y6753_reg.swc,77517.58296263545,2471.512730081316,199.0,100.0,19.0,2981.977200053717,0.7726905387120514,2190.4366597291355,3174.806,1894.2327090723631,4,65541.81265492871,65541.81265492871,65541.81265492871,22772.756375826222,4,0,0.3474538688107785
17109_6301-X4756-Y24516_reg.swc,79605.51853333971,6632.085331015729,231.0,116.0,25.0,9869.076727778334,0.787280787645342,1795.214651050911,7271.248616489433,1411.5828495535748,6,53599.221355382346,53599.221355382346,20993.605335166554,19826.39564151804,6,4,0.3699008146044104
17109_6601-X4384-Y7436_reg.swc,86975.40983970955,8133.3258993212,221.0,111.0,14.0,12340.91537428681,0.7996770792412181,2459.358098738252,8190.705,3460.126,6,64073.98625090861,64073.98625090861,60850.159819663735,15966.88779951474,6,1,0.2491945442100275
17109_6601-X5417-Y25287_reg.swc,98303.14173415648,7694.227151149919,241.0,121.0,20.0,11818.483632787418,0.767471787968032,2312.7125076191505,8449.184291297552,2292.053,7,70297.1037469079,68950.75475242079,24194.525722710932,21162.8341330722,6,4,0.3010484501504526
17109_6901-X7203-Y26714_reg.swc,199949.40895496585,8778.128061368321,539.0,270.0,28.0,19844.384386200556,0.773794341543513,3087.3344797162654,9906.562,3796.2613772767927,19,165861.56423678828,144199.5027075515,110567.06214863455,5565.373904638087,12,3,0.03355433147062821
17109_7001-X5738-Y6470_reg.swc,151928.03775399658,8262.363622626215,379.0,190.0,24.0,15268.070536141298,0.8122934753714958,2704.3442432694537,8617.366001186536,3921.5397538257644,23,117393.36101079173,65891.88718522889,42508.364987671106,0.0,7,3,0.0
17109_7001-X6205-Y5194_reg.swc,129334.70436232915,8327.30657921113,319.0,160.0,25.0,16768.496223617894,0.799358409689276,4119.352888783724,8838.053,3516.0790735997957,21,84105.4252977837,56868.63231942856,14568.712071684738,9844.641134787267,11,7,0.11705120210653863
17300_5969-X27278-Y20820_reg.swc,72962.4495199591,3945.8193719197925,351.0,176.0,27.0,6927.676935751552,0.8487852028922857,5041.606167333064,5261.143194248129,3477.147,9,51872.944014955654,29386.521006459676,29386.521006459676,6836.462170214214,6,0,0.13179244594722003
17543_6014-X3691-Y17288_reg.swc,77475.76052823056,2298.477182325071,321.0,161.0,36.0,8615.310197984112,0.7617674640432002,2605.499999999999,3199.0094711298025,1597.7509168578763,5,72824.65872094498,72824.65872094498,72824.65872094498,69187.28660927943,5,0,0.9500530153446581
17781_6262-X6896-Y13574_reg.swc,87959.8208047577,4967.768602560913,349.0,175.0,25.0,7309.818324650877,0.8045503585537247,4719.414071938758,4508.482381451226,1793.980286968297,11,77128.84264994059,27638.96649437544,27638.96649437544,13856.568114826048,4,0,0.17965481704057076
17781_6866-X8954-Y41812_reg.swc,89571.00540929918,2667.3429469948173,367.0,184.0,38.0,7594.508672806918,0.8162725138282049,2445.7609289255815,2900.8409999999994,2073.449,10,86910.24086139868,84682.99851102757,84682.99851102757,3670.637382424992,8,0,0.042234808533999954
17787_7070-X12739-Y1410_reg.swc,32357.743295771263,3855.5869455990737,129.0,65.0,20.0,6197.971079395661,0.82676711107581,4409.293,2486.7430000000004,1124.4779999999998,3,25288.003572485693,23317.51355099222,23317.51355099222,17577.21060906409,2,0,0.6950809920079559
182709_6172-X3564-Y6968_reg.swc,36024.87776916101,8958.471525490775,187.0,94.0,30.0,12911.417162375457,0.7994199816738189,2142.9610000000002,8863.161476428239,3465.858749062345,6,25591.587804565446,19428.49688802448,18029.82388846839,14500.913004644315,3,1,0.5666281090248494
182709_6204-X2976-Y9977_reg.swc,27867.509676546615,4233.806087752763,205.0,103.0,28.0,10687.28467211461,0.7190383572831257,1534.1730617275234,1218.7850352957062,4797.141900769487,4,17415.522623420416,16151.978711852427,16151.978711852427,15981.337385426166,2,0,0.9176490267328782
182709_6592-X3030-Y10077_reg.swc,74980.06357202958,5130.04794216867,319.0,160.0,17.0,6599.660490291501,0.77921601305452,2341.474233719956,7291.7685986487195,1961.6529999999998,4,65296.163207855214,63146.864830453924,63146.864830453924,61042.72610263935,3,0,0.9348593103138997
182709_6812-X3137-Y8659_reg.swc,71646.13921847077,4406.148025000862,373.0,187.0,27.0,4960.425088705055,0.7869341967038561,4905.549242658119,3439.256,2015.7220000000002,4,62655.03912552647,61960.21825229828,61960.21825229828,40189.438993372416,3,0,0.6414398515154501
182709_6886-X3406-Y21258_reg.swc,43224.0632383442,2075.398188169288,303.0,152.0,24.0,3976.4457384665147,0.7668818323250651,1371.1757769355,3114.573423009286,1587.2374282631808,2,36844.02475728368,36844.02475728368,36844.02475728368,34347.07699288322,2,0,0.9322292344321901
182709_6984-X2452-Y12423_reg.swc,80496.01716857008,4774.534113467351,445.0,223.0,30.0,14194.749346413613,0.8121236289293802,3697.0622040882545,3497.629893794437,4868.491876034636,14,65249.08118955329,9709.664712050377,9709.664712050377,8076.226834629555,2,0,0.12377533426359727
182709_7010-X2644-Y10852_reg.swc,33987.893507689645,1527.1367724563906,227.0,114.0,28.0,3928.7014286908184,0.8096517779166797,2079.203567799411,880.534873616276,949.751687276079,2,34052.18680933574,34052.18680933574,34052.18680933574,33521.4609129266,2,0,0.984414337341071
182709_7120-X2261-Y10934_reg.swc,41217.064201006135,2331.6988046600272,283.0,142.0,19.0,4177.941439552497,0.8167227628459834,2794.510269708928,1880.9859999999999,1416.9093454591712,5,39106.18574865323,38441.57334332786,38441.57334332786,34077.654826771504,4,0,0.8714134138726403
182709_7126-X2913-Y10535_reg.swc,44488.66242473137,4025.6326212866716,265.0,133.0,29.0,11412.083549589952,0.7434712574554795,3271.589311749258,3293.2618585203536,3855.0666361358717,6,33194.44125000619,9108.965790182589,9108.965790182589,9108.965790182589,1,0,0.2744123849405325
182709_7144-X3121-Y9346_reg.swc,45881.63116910497,3868.7579345738927,333.0,167.0,20.0,10005.615191177365,0.829642219607744,3206.67,2816.6129816354696,3961.9012139314323,4,35746.464607890375,13243.493724146436,13243.493724146436,13243.493724146436,1,0,0.37048401483662186
182709_7463-X3586-Y20695_reg.swc,59259.951002794805,4112.559319336328,397.0,199.0,21.0,12312.363773226973,0.826291844453135,4095.502764412253,3291.6735522351355,3490.777106767014,8,48465.30124952047,14975.10824732068,14975.10824732068,14975.10824732068,1,0,0.30898617900304187
182709_7486-X4577-Y22503_reg.swc,34034.998873939934,4043.5356858326195,297.0,149.0,22.0,9801.140443392,0.7661213222888714,2918.116108601087,2116.769297692495,3787.1830399322625,2,21733.836909080772,21733.836909080772,21733.836909080772,19810.223010767422,2,0,0.9114922088372887
182709_7886-X5075-Y22541_2_reg.swc,38096.031854750785,4028.791078626409,285.0,143.0,24.0,12538.193915785514,0.6891929728104108,3258.0643379863704,3944.5899567732677,3332.4585650345525,5,30866.20980921176,15789.806695743733,15789.806695743733,15378.636092573795,2,0,0.49823532554308536
182709_7918-X5201-Y22656_reg.swc,41821.30654795304,3950.36891271606,289.0,145.0,21.0,13176.10755820178,0.7348902222562748,3222.2040475166386,3928.41311161475,3332.5206294514783,5,31716.08797839386,12246.829776918812,12246.829776918812,11622.096134443333,2,0,0.3664416665245954
182724_5937-X3804-Y11955_reg.swc,103873.20058975344,5308.275674477447,631.0,316.0,32.0,12974.05607143766,0.8708703722996024,6560.501277799342,6117.171290499944,4914.8400149665495,31,81592.40195491597,21159.614087795788,21159.614087795788,14194.939923170714,4,0,0.1739737963715562
182724_6175-X3782-Y10859_reg.swc,110834.68669257086,6352.2981769333355,729.0,365.0,27.0,12962.404807586616,0.8535696095571396,4392.8086778374145,4550.98391143381,6447.329222955627,30,94743.02808180968,27805.459355118277,27805.459355118277,18425.213564190424,5,0,0.19447566683514098
182724_6305-X3647-Y18869_reg.swc,76772.63832315907,4668.533202065399,331.0,166.0,26.0,12890.006616602408,0.8477897222841868,4482.086201233461,2667.841,5212.282049549273,19,56546.338482433464,8932.26221510797,8932.26221510797,4470.129106730388,3,0,0.07905249440897162
182724_6354-X4834-Y8105_reg.swc,112357.00056854682,8389.84219830477,1059.0,530.0,37.0,15038.371085491517,0.8695009202651133,9429.826,4468.938,6579.322378890743,17,84629.51287350517,20213.39670361458,20213.39670361458,11972.620899190684,4,0,0.14147098917000778
182724_6360-X3448-Y12540_reg.swc,74393.74151959528,5414.5934967205985,359.0,180.0,24.0,12041.831425837245,0.8660275928976581,7150.243267132534,2893.513292166502,5589.654507582387,18,59795.505260461345,19173.758103175547,19173.758103175547,18107.453612057987,3,0,0.3028229886708759
182724_6361-X3802-Y10603_reg.swc,62790.97720425681,5663.0646056689775,537.0,269.0,24.0,12074.834790885196,0.8758366503708863,5141.626000000001,2465.3776418597595,5964.876971606016,19,48188.3042626273,9483.069937221966,9483.069937221966,4898.27537115332,5,0,0.10164863541280915
182724_6391-X3524-Y11978_reg.swc,63699.094123194984,4905.629977494116,309.0,155.0,27.0,12434.478089056553,0.8281262969507465,5211.793,3075.328516294357,5403.20578681627,13,46892.40725595485,17391.761999037943,17391.761999037943,9826.45109081501,3,0,0.20955313804170614
182724_6396-X3762-Y10790_reg.swc,41618.525809055354,5952.323466425636,247.0,124.0,16.0,10819.107363237257,0.8459982111698631,2718.4848535911706,2320.084474398889,5857.157041756585,14,27403.1102079656,10261.954406342524,10261.954406342524,2474.7362826662093,4,0,0.09030859139291594
182724_6416-X3689-Y10398_reg.swc,89819.833323451,4713.577960176613,533.0,267.0,21.0,5945.126163259221,0.8600271590853779,4907.915000000001,6096.290906969491,3566.3680468991947,8,72665.08125219366,36741.46789646841,36741.46789646841,13238.444978347385,5,0,0.1821844103139668
182724_6450-X3505-Y11792_reg.swc,83201.40623320224,5591.736300485768,363.0,182.0,23.0,11753.329473738491,0.8671018543252855,6281.882181460029,3365.7782044820515,6058.392572759136,22,58460.009264215354,11601.080335173136,11601.080335173136,10154.768459082788,2,0,0.17370453044554585
182724_6457-X3810-Y19182_reg.swc,87116.7225086169,5294.379940965152,629.0,315.0,34.0,14746.69540736081,0.8430935283054988,4276.699480437944,2651.4721265291905,5787.551371035864,22,73391.29472454314,22125.896616285037,22125.896616285037,17975.895825873034,3,0,0.2449322619711412
182724_6644-X4183-Y20666_reg.swc,61423.629345434005,6484.651317999911,455.0,228.0,27.0,11527.540974832205,0.8730527224609859,4659.940327683714,3075.89,6531.826759992142,21,52508.26229204862,12461.086502296726,12461.086502296726,6099.5043791690405,5,0,0.11616275444888785
182724_6690-X3748-Y10610_reg.swc,49297.958879466125,4087.6106476037417,391.0,196.0,23.0,12173.368495943994,0.8058868338443405,4382.546071504676,2526.7739074069796,4461.977076163875,8,35255.644138589414,7756.5120247871,7756.5120247871,6902.321021568837,2,0,0.19577917778032689
182724_6704-X3301-Y12214_reg.swc,125749.82203758396,6094.564315437158,403.0,202.0,32.0,17894.299894507254,0.8375803928712141,4217.640826643003,3504.0044096060287,6509.749084815871,29,99748.64906278686,7612.456346945962,7612.456346945962,3393.1819945419275,2,0,0.03401732280510472
182724_7371-X5043-Y7827_reg.swc,54127.02331324256,5169.971885647419,245.0,123.0,23.0,11709.210274924335,0.8584044407063384,4239.5019999999995,3658.244513778173,4795.881118206997,15,39075.07618658484,9583.650897203846,9583.650897203846,5419.9412515182175,4,0,0.13870583964156105
182724_7600-X5645-Y23085_reg.swc,60012.08606790422,3454.2387693425294,321.0,161.0,26.0,9887.373573695015,0.8707538150588916,3990.3719999999985,3638.089134011515,3873.7277158530446,9,55162.276583266954,40032.65583739479,40032.65583739479,9666.249765083096,2,0,0.17523297376046434
182724_7822-X5447-Y22786_reg.swc,48378.296489464126,5283.739394446848,457.0,229.0,29.0,10523.975081273962,0.8588935226061513,2904.8584044096015,3498.89036414464,5265.126773027921,9,31699.403985164532,6535.85735710197,6535.85735710197,6535.85735710197,1,0,0.20618234210841255
182724_7871-X4578-Y21040_reg.swc,47353.46359732908,4136.384980029785,411.0,206.0,28.0,13085.434906821296,0.8624984777826644,3216.0570000000007,3478.9742449130663,3999.6984216969513,13,32476.14292060567,9620.886856945428,9620.886856945428,9620.886856945428,1,0,0.29624475050702853
182724_8055-X5917-Y23103_reg.swc,49007.127549445235,4781.339815067845,429.0,215.0,28.0,11365.297951728824,0.8803493294457357,4769.02914187015,3891.8299435488507,3638.642261771207,11,34982.25556070365,12175.403995110219,12175.403995110219,5442.388360286864,3,0,0.15557568467370128
182724_8100-X5413-Y22190_reg.swc,38307.763928754095,5192.539486046613,273.0,137.0,23.0,11488.477364799759,0.8696613357571079,3019.4439113458766,3927.3739853049856,5328.952149180852,14,28121.354888992577,10449.33411399869,10449.33411399869,10449.33411399869,1,0,0.3715800378483481
182724_8150-X4450-Y19864_reg.swc,31395.823535196225,4419.414221056384,267.0,134.0,25.0,12860.543920480375,0.8590207080178012,3151.053999999999,3535.6549693749575,3546.702366851844,12,21642.363163665003,6112.866913732608,6112.866913732608,6112.866913732608,1,0,0.28244914233744106
182724_8155-X4575-Y20238_reg.swc,43837.595516920366,4431.313356509031,255.0,128.0,20.0,12697.813870456668,0.8427513408237888,3840.4122064244684,3703.371701519952,3997.850868903619,12,26890.005330717646,5003.255569374473,5003.255569374473,5003.255569374473,1,0,0.18606376264488994
182724_8159-X4833-Y21213_reg.swc,33250.16952594703,4276.096235532427,207.0,104.0,18.0,11041.352901009768,0.8393092221780286,3528.551866704028,3745.52939050737,4034.588516287503,5,16869.792282469625,11732.142476207062,11732.142476207062,11732.142476207062,1,0,0.6954526931785999
182724_8257-X5319-Y21978_reg.swc,37836.0796313334,4248.165689212184,191.0,96.0,19.0,10032.387563879063,0.8627043174854765,3432.4729819504046,2497.902486936967,3984.037194626744,5,24472.833675439706,12535.87274564472,12535.87274564472,11688.89281488934,2,0,0.4776272731596262
182724_8281-X5491-Y21925_reg.swc,58484.12683689605,4912.290310255502,431.0,216.0,20.0,12580.510406981768,0.8616989294064618,3579.809000000001,4000.236997822315,5139.312000000001,15,38113.47688485727,8566.408016558858,8566.408016558858,5776.077271529638,4,0,0.1515494713058968
182725_6819-X6109-Y7853_reg.swc,54677.95826936163,5616.1675360321115,315.0,158.0,26.0,11498.420238008555,0.8504573092954788,3720.852491870357,3335.3506386890467,5991.269999999999,10,41870.76783362831,17254.78908704101,17254.78908704101,17254.78908704101,1,0,0.41209631396305335
182725_7341-X4593-Y22594_reg.swc,76513.76374152841,5598.708642687966,411.0,206.0,27.0,11426.689791202507,0.8700786541881306,5611.125000000001,4201.820946689696,5360.266080308752,16,56592.856716841554,15015.810686288969,15015.810686288969,8843.315460136224,2,0,0.15626204388979942
182725_7482-X7429-Y6760_reg.swc,58334.83946748945,4024.8272327176583,431.0,216.0,26.0,12333.634947767374,0.8508731290314903,2985.5540667536397,3985.1221762912264,3627.790823985284,18,50069.3546661062,12226.93663273318,12226.93663273318,10714.958740023394,2,0,0.2140023335926226
182725_7649-X3440-Y17884_reg.swc,31626.621186228964,4463.036281297305,217.0,109.0,17.0,9407.913601464787,0.8523843866728537,3209.9169999999995,2460.812632871314,4428.78921760343,5,22434.819301191474,12154.291900608898,12154.291900608898,12154.291900608898,1,0,0.541760187030497
182725_7657-X3644-Y17105_reg.swc,38439.95573084789,4498.661071058563,315.0,158.0,24.0,13884.730331767605,0.817564432889433,2963.7809922912475,3513.346407702064,4234.855728714953,8,29801.91844502442,5884.368269739804,5884.368269739804,4969.21682812735,2,0,0.16674150817820876
182725_7677-X7858-Y6794_reg.swc,27973.170605107614,3979.693090781628,257.0,129.0,17.0,10076.134881618997,0.8631051407970437,3587.8765487615165,3897.8670914209097,3468.550299051505,6,16756.680779543392,10913.972173305847,10913.972173305847,5756.037627205718,2,0,0.34350702880445794
182725_7714-X7032-Y7882_reg.swc,40947.19897006359,4249.096277215451,247.0,124.0,23.0,12997.186614531627,0.8211070644319475,3667.0254739340035,4017.2259370359616,3541.6369496928646,12,28991.686036579176,8966.47996312603,8966.47996312603,6547.637160303032,2,0,0.2258453389720693
182725_7762-X3772-Y19585_reg.swc,54649.414215225595,4106.714565366673,289.0,145.0,27.0,11900.710989093814,0.7950312055843783,3785.4938516040984,3269.198508626486,3780.601978454618,11,40612.16682847679,7637.501437231622,7637.501437231622,7637.501437231622,1,0,0.18805944212452838
182725_7988-X4540-Y20706_reg.swc,33523.74611704055,3845.2196942249193,219.0,110.0,21.0,11584.42531659956,0.8328293736702483,3450.111,4031.8801788546803,3689.8526640755836,6,21554.48359846566,6075.5528570866645,6075.5528570866645,6075.5528570866645,1,0,0.28186956228072885
182725_8028-X4256-Y19926_reg.swc,34188.2958238886,3930.3435455021686,247.0,124.0,19.0,9374.96247896784,0.8458246496908383,3671.901,3270.9803400715414,3382.122415956815,6,27080.28826037053,11370.29572765302,11370.29572765302,10180.964833571254,2,0,0.3759548176032581
18452_7249-X11408-Y2071_reg.swc,34328.11478637801,4347.5165382034675,189.0,95.0,24.0,7105.8373382231575,0.7567000928989895,2714.2131227490254,2512.15083677687,3931.1532046804286,1,28309.12280884372,28309.12280884372,28309.12280884372,28309.12280884372,1,0,1.0
18453_5667-X25695-Y3103_reg.swc,47991.034187968115,4621.002532557843,167.0,84.0,29.0,7135.97652291217,0.8171148522496924,6252.558744186446,4122.5377342472075,2053.1800000000003,6,36587.474089520176,18437.72135770263,18437.72135770263,13291.692772061915,2,0,0.3632853347443595
18453_5701-X28505-Y4297_reg.swc,47928.10725872787,6069.021213936018,305.0,153.0,26.0,7734.2051855170375,0.8890690617965855,2234.144070519903,6647.651776552302,1500.4560269462222,7,38410.39922842358,27388.83091527556,19051.55850277095,15227.557863753596,5,2,0.3964436238529187
18453_5766-X31719-Y6139_reg.swc,34536.67877103509,7434.52312422384,159.0,80.0,16.0,9257.885918874532,0.8581134522532756,1907.512999999999,7958.403,1918.0120941718744,4,26953.647578013763,5103.755646431332,5103.755646431332,5103.755646431332,1,0,0.1893530599767318
18453_5941-X24629-Y3152_reg.swc,61700.63586096301,3591.45379062498,329.0,165.0,22.0,6097.0386227516665,0.8262557050116812,2879.051678017161,5905.441616035683,2132.972521651321,11,51446.07481267726,46078.932535566666,36315.81339370123,15735.90253149223,8,2,0.30587178105985674
18453_5995-X24812-Y3143_reg.swc,70577.04143650028,6179.689507128632,341.0,171.0,26.0,9473.256456909343,0.815808845850141,3080.7696493181147,8304.527842789386,2180.222899593142,14,50645.634750868514,40646.968562730835,36435.6514643262,17456.16702097051,10,5,0.34467268712968707
18453_6035-X24820-Y3039_reg.swc,54627.713920592294,5321.492000977698,249.0,125.0,19.0,7293.847070100922,0.8144926141301349,5784.169258583937,3293.239099306143,3037.946285263813,9,46005.127341562715,28369.36026287986,28369.36026287986,15005.36421182974,3,0,0.3261672139373331
18453_6181-X10238-Y3690_reg.swc,58566.804002663135,7274.18860300938,221.0,111.0,23.0,10004.23824110125,0.8277191807428688,6284.786535858638,7881.030790570514,2819.623034640029,10,42827.61254295502,26633.281884073785,23834.1534025143,20231.82770260205,5,2,0.4724014835594684
18453_6316-X30559-Y4743_reg.swc,17975.30054642609,1243.9213413757325,109.0,55.0,20.0,2894.2299992518037,0.8103293617802036,977.2604938620098,1512.6004497146669,1079.813640889699,4,17333.09185204036,17333.09185204036,17333.09185204036,7987.510680926869,4,0,0.46082434392607347
18453_6477-X30376-Y5078_reg.swc,32896.24921137312,1498.0821314066866,209.0,105.0,13.0,2107.8386193255483,0.8532347597360477,1997.258999999999,813.0699999999997,778.944,5,33004.23488633801,31616.81734361893,31616.81734361893,22358.039734727176,4,0,0.6774294211553502
18453_6479-X9010-Y4330_reg.swc,44181.23203123674,5260.448052697982,219.0,110.0,21.0,6361.931737712254,0.841394231037948,6131.452914870752,3847.344839948968,1197.1680000000001,6,37584.66875701723,23722.836785314823,23722.836785314823,8117.6463664452,4,0,0.21598291630359517
18453_6537-X8725-Y4484_reg.swc,37399.60205776684,2408.3397523996214,217.0,109.0,17.0,3974.787813747014,0.8046599470879978,3292.35296613055,2266.9729999999995,1096.9148169639998,6,34639.554296253125,34396.18552022953,34396.18552022953,16168.08886822918,5,0,0.46675222001854805
18453_6561-X9442-Y3817_reg.swc,43059.51024717691,6828.8307632148135,161.0,81.0,17.0,8857.00172713768,0.8192659848325551,2622.6623093306016,7573.476000000001,2126.344539321829,6,30485.441416293466,28055.31513481881,28055.31513481881,15934.93184904962,5,0,0.5227062856479724
18453_6604-X9161-Y4006_reg.swc,83695.27009124946,5765.5738997950575,411.0,206.0,25.0,6990.89340212381,0.8312268204879417,6380.624044781551,4479.748463376212,4077.371,16,72489.73329587665,36843.186221758515,36843.186221758515,14242.006133533116,5,0,0.19646928586979953
18453_6675-X10576-Y3102_reg.swc,42236.49009106748,5468.005295567114,193.0,97.0,16.0,7089.124873021446,0.7823040730875584,2222.009496899628,6136.852000000001,1336.7731450788497,8,35496.59442941276,35159.06741850299,34434.92461509157,25835.470509192663,7,1,0.7278295544821388
18453_6675-X8876-Y4461_reg.swc,60538.75724155388,7093.38663190319,309.0,155.0,27.0,9488.696808085846,0.8514035652876029,4340.375999999999,7407.2336418599425,2524.8221886768615,7,50178.50495414178,35581.41392339444,33859.71454025052,17493.23701663897,6,2,0.3486201319195554
18453_6748-X28152-Y3578_reg.swc,29236.73301358392,834.9562702704853,221.0,111.0,23.0,2175.144969687282,0.8052297981326277,1005.348,1041.6170000000002,939.5776288533857,1,30554.945368051784,30554.945368051784,30554.945368051784,30554.945368051784,1,0,1.0
18453_6846-X11548-Y2831_reg.swc,31379.36457232341,1732.9063551902661,165.0,83.0,24.0,3645.49470504845,0.793710657567004,1146.4772532395727,2328.3209407336353,1020.6469593963195,1,31093.78115619241,31093.78115619241,31093.78115619241,31093.78115619241,1,0,1.0
18453_7007-X11486-Y3611_reg.swc,33530.05980575601,2964.590758426661,167.0,84.0,15.0,5680.3419739215715,0.7514891742206677,1257.3713276997933,3694.435332717308,1311.194764847195,2,29145.489361173113,28414.236825311167,28414.236825311167,28414.236825311167,1,0,0.9749102673556032
18453_7010-X8769-Y4509_reg.swc,53513.99696794184,2994.7659456248,405.0,203.0,43.0,4168.501986985838,0.8477347948054723,3510.869875835455,2893.6763088286084,3171.924,13,48567.73557401637,45929.91679566846,45929.91679566846,19434.02351471037,8,0,0.4001426725998634
18453_7024-X9012-Y4138_reg.swc,79785.26844429389,7060.2096795713,345.0,173.0,32.0,11032.909155706533,0.8596029953182259,6152.495948271032,7883.847567033428,5734.161999999999,11,52630.40198950797,20020.59251736905,17222.317971175482,9966.174498979064,6,2,0.18936155002133276
18453_7112-X9089-Y4667_reg.swc,50458.74802948332,3725.2233264322376,303.0,152.0,18.0,4748.407297622777,0.8103101896180009,2324.1629999999996,3839.1221268117215,1606.1719662318628,6,47980.66191770934,42550.98649857065,42550.98649857065,21367.74325170097,4,0,0.4453407351559333
18453_7132-X11495-Y3152_reg.swc,27559.024959010927,967.2732160697923,161.0,81.0,18.0,1447.6782175649048,0.7814063275788395,916.0561236689609,1212.0965605549477,917.9003047028802,1,28643.11134443771,28643.11134443771,28643.11134443771,28643.11134443771,1,0,1.0
18453_7132-X31679-Y7308_reg.swc,41608.29366240311,5053.182405887699,193.0,97.0,23.0,7296.760550114796,0.8133212874013679,3032.849450612688,5369.456,2547.6707177021153,8,27237.395161152963,22010.87043451376,22010.87043451376,4677.735912061953,6,0,0.17173947377807708
18453_7146-X8788-Y4552_reg.swc,45532.72388499797,1648.9321188511676,299.0,150.0,23.0,3816.787400979862,0.8559427811141888,2680.473343680682,1916.527000000001,2045.0692519410195,6,43943.279809499334,43043.79668459129,43043.79668459129,14302.042251231658,4,0,0.32546597143483924
18453_7188-X11060-Y3637_reg.swc,47036.38885502807,1043.4908996752192,277.0,139.0,21.0,2985.022615713794,0.8357845281503132,1663.638748367468,1142.9297079790108,1302.955,1,49684.42137177248,49684.42137177248,49684.42137177248,49684.42137177248,1,0,1.0
18453_7223-X30215-Y5120_reg.swc,42975.13693474785,6136.177256893823,219.0,110.0,21.0,9304.702010235316,0.7615788054402967,2545.136821029895,6826.111,1707.0406540018905,5,35203.57733435735,34691.39812367361,34181.03518693818,31458.797472866543,4,1,0.8936250192438242
18453_7245-X12979-Y2864_reg.swc,41305.33937362354,2263.0707304503326,265.0,133.0,24.0,3730.3559771874616,0.8100020866510865,1961.4863882238478,3202.0647828169494,1667.0729999999999,3,39072.44458244327,39072.44458244327,39072.44458244327,22798.19525071225,3,0,0.5834852539775908
18453_7304-X11719-Y3749_reg.swc,19997.5231240283,469.35408044493767,115.0,58.0,11.0,1216.0230945386654,0.7427149490913522,750.2806776801935,514.6964380182176,700.0280000000001,1,20531.214587889182,20531.214587889182,20531.214587889182,20531.214587889182,1,0,1.0
18461_6043-X11080-Y1667_reg.swc,49654.55328044338,1815.4003066478074,211.0,106.0,26.0,5628.774563494183,0.770445449636393,2582.991649870126,1751.4862967677873,1033.7589999999998,5,46996.439939414246,23412.52410696499,23412.52410696499,19391.5006312172,2,0,0.4126163738405691
18461_7132-X6338-Y3287_reg.swc,37226.05778381813,945.2824025416961,273.0,137.0,27.0,2649.131696972183,0.8063860403803718,1426.8339011917114,802.9550000000002,848.2290000000002,3,37441.625442685865,37441.625442685865,37441.625442685865,18122.352061882004,3,0,0.4840161677708937
18469_5755-X6174-Y22049_reg.swc,78824.39132415826,5554.07487841388,643.0,322.0,31.0,11686.713267087982,0.8355548955427842,4866.940007605701,3335.8981720384913,5742.00064768505,13,70395.54477463552,18864.068276502432,18864.068276502432,9774.420390707794,2,0,0.1388499857767938
18469_5853-X6133-Y22657_reg.swc,94083.9419699585,4242.2769116549425,593.0,297.0,36.0,14192.69949441041,0.8457317424922411,5091.206244170793,3925.7493420919072,4672.488175275926,20,79478.99161821732,24107.25305880314,24107.25305880314,12953.896455718355,5,0,0.1629851636510849
18469_5924-X6028-Y22963_reg.swc,68718.38594901563,4654.952422036556,403.0,202.0,32.0,12450.954019728648,0.819279610012176,5222.247419412043,2960.6722216865855,5028.512060897554,12,59602.88674776982,15399.003240301223,15399.003240301223,8735.320640159658,3,0,0.14655868392962543
18469_6120-X7370-Y17612_reg.swc,67349.71374840158,2624.1156468458094,351.0,176.0,17.0,2844.7504220277924,0.8040657792417444,3346.8280000000004,2458.634,2267.443,5,67816.66479110382,67235.37051788227,67235.37051788227,32505.25451672119,4,0,0.47931072129317137
18469_6185-X6027-Y36689_reg.swc,64127.09271691922,5788.729243088726,785.0,393.0,33.0,12662.360486939158,0.864124858228752,2824.6283545542265,3165.084784923951,6251.6889157190435,18,57163.52673254311,17979.561742986087,17979.561742986087,14622.606106127903,5,0,0.25580307832552385
18469_6420-X7388-Y41840_2_reg.swc,31295.20553162564,1963.503507901374,271.0,136.0,16.0,3045.731008901015,0.8331772693324002,1367.4530000000004,2050.576435597714,1816.688,7,33829.33347197752,33125.96117048429,33125.96117048429,17039.621107001272,6,0,0.5036936693155961
18469_6572-X5325-Y34608_reg.swc,37241.74810266172,4123.769702710691,259.0,130.0,18.0,11502.939128813703,0.8661993999582539,3579.7338524080196,2315.164752733258,4061.446909659838,6,26026.943380197208,8000.909472351029,8000.909472351029,8000.909472351029,1,0,0.30740872470021124
18469_6590-X7059-Y41111_reg.swc,45991.75817488333,3596.503465518141,507.0,254.0,29.0,9740.72617170652,0.8654855409891742,2735.893731393893,3195.182345463214,3261.3813179913345,13,39866.12516214958,10945.219762735978,10945.219762735978,7468.968873331107,4,0,0.18735126232991486
18469_6673-X5500-Y35752_reg.swc,32197.341761442036,4080.8683718374464,303.0,152.0,23.0,10778.731155992504,0.7812950452002201,2709.384,2946.507930323318,4157.666426065845,5,23889.41582658565,12679.628763306726,12679.628763306726,12679.628763306726,1,0,0.5307634500294492
18469_6680-X6305-Y38542_reg.swc,40363.316640691504,3762.1943003331016,477.0,239.0,26.0,7344.383997263701,0.8634290101931756,2763.1734370370605,2111.462884769364,4119.898156826353,7,33202.63619086954,25339.33974386374,25339.33974386374,24102.30316242586,2,0,0.725915346717373
18469_6767-X5786-Y37391_reg.swc,51890.32436277277,5547.344883627571,443.0,222.0,28.0,10920.88108995441,0.8709313703298363,4678.417620528432,3165.6499208616706,6009.937999999999,11,39437.534447891194,17214.932003473397,17214.932003473397,14899.408937058914,3,0,0.37779767791380314
18469_6822-X8235-Y15661_reg.swc,36475.23610026124,3418.3823496578516,259.0,130.0,23.0,10789.90122998504,0.8659894457509486,2479.5833018415315,3659.009,3384.5513843232748,10,21318.210938430715,8399.265400544833,8399.265400544833,8232.8217801563,2,0,0.38618727452944224
18469_6907-X5348-Y34515_reg.swc,46901.109550436784,4266.26927270316,347.0,174.0,27.0,13282.509801494847,0.8392058866002939,4038.1660655313326,3250.8951994382005,3834.230910572449,13,34165.54771778576,4597.747693915588,4597.747693915588,4040.684392338234,2,0,0.11826780667223874
18469_6933-X5678-Y23165_reg.swc,30749.77516869599,4478.1322644699785,215.0,108.0,26.0,13009.203261045943,0.83445654193465,3233.657977226665,2910.564830834899,4192.599274785899,11,19247.833207397198,3729.312363171194,3729.312363171194,2688.76812706104,2,0,0.13969199016270106
18469_7024-X5427-Y35160_reg.swc,34838.95126885084,3945.7421841475175,385.0,193.0,28.0,11585.772200030655,0.8405829076146019,3715.4640784152934,3423.310768383523,2606.515068289438,6,29100.81042332034,5530.921682320391,5530.921682320391,5530.921682320391,1,0,0.19006074407770132
18469_7048-X7499-Y17640_reg.swc,46584.496185631746,3740.77578289103,471.0,236.0,33.0,11880.571387088323,0.8551303891256653,2725.2830733457813,3436.8754601800674,4023.7325608197093,10,33498.098375664435,13976.06709552222,13976.06709552222,13976.06709552222,1,0,0.4172197161399316
18469_7066-X6108-Y38587_reg.swc,49632.73465391783,5280.887697628875,541.0,271.0,31.0,11121.434650849165,0.8404912716410996,2679.285,3338.692294111326,5612.435,9,38469.156896450375,9864.845982346462,9864.845982346462,9864.845982346462,1,0,0.2564352010339148
18469_7279-X7753-Y17170_reg.swc,35583.28749307409,3830.056640350427,247.0,124.0,19.0,11168.822008116305,0.8346643226497528,3325.262967077253,3614.5305810737655,3081.148186786773,9,27588.08257971334,11289.684864744737,11289.684864744737,11289.684864744737,1,0,0.4092232518198459
18469_7376-X7022-Y19051_reg.swc,59694.88972173337,4023.583307577925,835.0,418.0,49.0,11938.420387639728,0.8691748661556972,3588.525049355614,3678.9267333246776,3446.7644053334375,15,53240.59650217866,13861.065427289113,13861.065427289113,13407.328584700344,2,0,0.2518252886996054
18864_6139-X4843-Y27122_reg.swc,30816.295232829485,1121.5505512285213,221.0,111.0,17.0,2404.3161522620344,0.8129001840288541,1051.8810000000003,1515.089,1063.156902847405,4,31106.250739832703,10479.093769837926,10479.093769837926,9837.520136739682,2,0,0.3162554117826349
18864_6321-X4387-Y7047_reg.swc,48141.78029009341,3051.342857597946,227.0,114.0,25.0,6367.898484808763,0.8310146361261357,2722.2110000000002,2549.1309117203396,2772.491987994192,9,39011.608814231506,24571.6113062083,24571.6113062083,10860.060816685342,6,0,0.27838023467321277
18864_6345-X3603-Y9891_reg.swc,41270.00071063522,1577.9102243933055,267.0,134.0,25.0,3442.477100255129,0.7912423993973244,2038.2657181251207,1196.274,999.8956617198198,7,41411.676518389315,39676.73191136494,39676.73191136494,19661.893818150093,5,0,0.4747910606666458
18864_6384-X3409-Y13059_reg.swc,55038.442957714964,3628.4191228406894,209.0,105.0,20.0,6402.9484875121425,0.79561957230697,3141.1599915807665,5296.501,1777.318990757804,7,44469.74730821773,22762.743568689864,22762.743568689864,15528.39708413235,3,0,0.3491901354083656
18864_6523-X3601-Y10609_reg.swc,30111.677020669005,3046.844667407579,273.0,137.0,19.0,3682.26047179509,0.8448907537511094,1048.5783750091514,3161.5950000000003,1450.3160476530911,4,27303.74395474509,27303.74395474509,27303.74395474509,11431.862419698551,4,0,0.4186921192436622
18864_6571-X4315-Y24999_reg.swc,25771.750468467457,692.3397716937834,347.0,174.0,25.0,1933.5987563488625,0.8325769980589811,717.9030000000002,1042.3699978183631,957.2015324024449,2,27799.525244035747,27799.525244035747,27799.525244035747,27367.3821129583,2,0,0.9844550175845121
18864_6631-X3319-Y22547_reg.swc,56097.54085499168,4664.554823722089,345.0,173.0,33.0,5850.898324578823,0.8230045518969001,1821.4735592569905,4093.48579526305,4005.5340000000006,8,47917.37795526784,35438.674358001634,35438.674358001634,10339.3216909765,4,0,0.21577394532373068
18864_6672-X3537-Y12829_reg.swc,77469.58151269628,5151.748370750091,495.0,248.0,29.0,7143.034422493405,0.8662069663066576,5949.4619999999995,4869.190653026825,3709.3410000000003,10,71531.08700031288,49814.78672829096,49814.78672829096,14142.136533529036,4,0,0.19770616002895605
18864_6734-X4899-Y27447_reg.swc,49528.69106544153,2302.3073044904327,283.0,142.0,28.0,3312.2429103139675,0.8098377383189607,1392.1045812723396,2643.419,1409.886113805825,4,48958.86700326542,48958.86700326542,48958.86700326542,34450.1759335586,4,0,0.7036554978133148
18864_6741-X4187-Y8695_reg.swc,43351.186874157655,1247.1952997121177,529.0,265.0,38.0,3237.5346239599635,0.8614586156178909,1203.820999999999,1181.429,1212.702,2,46724.070572556804,46724.070572556804,46724.070572556804,41790.62423710773,2,0,0.894413173445836
18864_6805-X6340-Y4681_reg.swc,46875.034232380545,8048.826409056292,201.0,101.0,22.0,10427.323014280044,0.81205900412111,1881.7247984311616,8983.448,1628.103843472419,8,30684.9017505304,21206.769361799885,15274.201763537749,12642.275624800885,5,2,0.4120031319501409
18864_6821-X5144-Y6844_reg.swc,55264.40280140439,2119.284589294463,313.0,157.0,21.0,3943.570425668483,0.8472834734630734,1968.3475953910765,2435.7842299781914,1729.595673333151,7,50572.879295268634,45215.72738418158,45215.72738418158,19201.95145672952,6,0,0.3796887130870946
18864_7078-X6476-Y5135_reg.swc,47825.36382020872,3465.4806700238564,225.0,113.0,24.0,5419.023262105458,0.8207291797646488,2082.8347936315304,3436.178999999999,1833.37,8,36432.478725202964,36432.478725202964,36432.478725202964,14761.570253116935,8,0,0.4051761167407283
18864_7117-X4611-Y9823_reg.swc,34290.40984281794,1445.4801039896743,349.0,175.0,25.0,2871.1571662584142,0.8417071968461697,1046.534178252121,1546.8300000000002,1215.9434655286814,2,37432.36140250939,37432.36140250939,37432.36140250939,34247.57003255087,2,0,0.9149187694649418
18864_7516-X6276-Y6366_reg.swc,45239.90592190625,1749.7138027998765,287.0,144.0,21.0,3733.303812520752,0.8509084194185095,2273.6279999999997,1498.0915136177618,1540.4708469010131,6,44542.82540375099,44542.82540375099,44542.82540375099,28531.234885763948,6,0,0.6405349150429355
18868_6019-X9541-Y5296_reg.swc,47271.07754788521,4160.829663245144,433.0,217.0,35.0,10403.525794092126,0.88991402894735,4411.935,3371.8142829140284,3936.896607739245,11,35605.53332192934,6600.127969463834,6600.127969463834,4444.166335251181,3,0,0.12481673269907273
18868_6405-X11428-Y4397_reg.swc,59323.633971125164,5638.092812666887,595.0,298.0,34.0,11333.122908760064,0.8633979212627059,3881.649291591725,3285.299721145333,6048.907405917042,24,51160.04325623702,17984.718301897756,17984.718301897756,11907.937137054092,8,0,0.23275854317426467
191807_6402-X3434-Y19231_reg.swc,82931.59005271879,6203.937707900154,713.0,357.0,28.0,11599.387052155484,0.8727928010740803,5630.455000000001,2736.4792249452125,6698.108662473234,23,68225.08891977892,13355.734404267645,13355.734404267645,5834.285777202424,4,0,0.08551525354642703
191807_6423-X3900-Y9358_reg.swc,120173.6965687673,6255.557552962902,981.0,491.0,35.0,11714.123734838477,0.8770070528878344,4879.109,4185.757533690907,6518.036718971502,37,104242.61323992163,14801.121711337286,14801.121711337286,7202.9905555577725,6,0,0.06909833063163515
191807_6488-X3597-Y11254_reg.swc,116475.6133413897,5692.588326498824,771.0,386.0,35.0,12430.738003273374,0.8803399848550166,5608.05,3693.162,5954.385800795268,35,98306.26352998812,16169.270228550631,16169.270228550631,10639.057313414693,4,0,0.10822359564270562
191807_6489-X5135-Y23408_reg.swc,101033.66504272945,6887.6761085925855,511.0,256.0,28.0,13036.496978627294,0.8517093976290271,4606.442763220409,4367.890737267578,6967.168851010766,23,79520.29493636976,17305.205778900443,17305.205778900443,10754.515299852788,5,0,0.13524239703157911
191807_6504-X3953-Y21204_reg.swc,55026.982129569486,6316.9686492359915,323.0,162.0,19.0,10355.560818377477,0.8508467609973834,5036.490618452807,3302.638363068902,6646.7918748638685,12,35523.95973990322,12906.851082924146,12906.851082924146,8251.037266689294,4,0,0.23226682293024614
191807_6556-X3678-Y10670_reg.swc,101267.24519395245,5669.252635166399,753.0,377.0,31.0,12820.45342566037,0.8502694274255949,5691.160080324451,2823.902322079792,6029.558,20,89417.68395255077,14659.383676262369,14659.383676262369,11902.550279843055,3,0,0.13311181584796034
191807_6625-X5034-Y23319_reg.swc,72937.67151318387,6233.500821152186,419.0,210.0,23.0,10891.947515610354,0.8787712615101129,3770.182999999999,4782.025999999999,5515.363525948869,20,53108.53305336253,8854.92023698665,8854.92023698665,8423.435040172026,2,0,0.1586079403042126
191807_6718-X5217-Y7243_reg.swc,67398.29019850853,5523.644385709583,557.0,279.0,26.0,12503.22642210106,0.8507061383087344,4202.123604094846,3844.905398657388,5353.829,22,55357.202326973966,12340.484622849555,12340.484622849555,7697.499852021281,4,0,0.13905146084795025
191807_6735-X4456-Y21792_reg.swc,62872.58221083955,3599.994998317642,349.0,175.0,21.0,11174.404216340505,0.8484820778558257,3458.0739999999996,3746.976200594495,4466.693361313585,12,49271.899531755174,30817.535430586588,30817.535430586588,28107.504921434826,4,0,0.5704571000620721
191807_6796-X5727-Y6613_reg.swc,48907.31756942118,3636.2953792087865,533.0,267.0,26.0,9142.35426511595,0.8661550869630967,1892.733513879788,3028.4870546546567,4857.815588892656,13,33152.218988102555,22076.646196781396,22076.646196781396,15369.354198991185,5,0,0.46359956190283474
191807_6822-X4235-Y21316_reg.swc,54862.2353437701,5706.621272273638,411.0,206.0,27.0,11925.83764613149,0.8429574299264366,3241.571427497988,3650.0578495047575,5626.342654605289,13,38890.378683531046,11197.81940680119,11197.81940680119,11197.81940680119,1,0,0.28793289718063725
191807_6836-X4405-Y10082_reg.swc,43549.003459303356,3212.9829751489997,245.0,123.0,28.0,9516.930861758676,0.7477601106435915,2160.0843296967114,2246.7203810474216,3510.6857652269155,8,36668.95792455224,21336.948197245856,21336.948197245856,20629.111868415483,2,0,0.5625769870761165
191807_6864-X4028-Y18389_reg.swc,34049.34710089447,3218.576429699075,179.0,90.0,14.0,7247.3575700198735,0.7393692713585568,2995.3820000000005,2212.192527505918,3013.918296410525,7,27778.75246713425,11688.357476582822,11688.357476582822,10229.168857866844,3,0,0.3682371578770225
191807_6909-X3717-Y18949_reg.swc,61509.16884971491,4319.322515837639,859.0,430.0,56.0,14506.292042039131,0.8789669594739455,3502.3733365159615,3227.922998680051,4775.456653987771,14,52495.59467633826,14756.563883479512,14756.563883479512,14415.462847473493,2,0,0.27460328693011427
191807_6912-X3878-Y19387_reg.swc,66706.54110265858,5844.840025796173,243.0,122.0,19.0,12369.706168514147,0.8227807506791908,4520.5869999999995,3469.943388854773,6299.02329358164,13,52596.41535545069,16416.63073576357,16416.63073576357,6309.735958008996,3,0,0.11996513289674413
191807_6920-X5119-Y8302_reg.swc,26279.99070640126,2670.8733129180373,111.0,56.0,15.0,6998.038073202094,0.7266968109693084,1864.8336149377528,1504.08660299568,3395.765412488309,4,20078.403072043468,7733.1116072550785,7733.1116072550785,7733.1116072550785,1,0,0.3851457498640626
191807_6927-X3598-Y18516_reg.swc,61609.98611736888,5610.628359169586,597.0,299.0,37.0,12660.413064862101,0.8583716397300619,2906.9896442420613,2544.164382746677,6057.100464993775,13,47381.56960536181,16095.34316267349,16095.34316267349,12782.49595852298,2,0,0.26977780738349544
191807_7017-X4048-Y11120_reg.swc,156675.38109865529,5507.547875047217,931.0,466.0,38.0,15281.031069460805,0.8615137420346608,6681.476,4458.924216531648,6120.5672199924675,31,130367.58600955128,27168.735448099957,27168.735448099957,19971.26434120615,4,0,0.15319194711285805
191807_7098-X4655-Y10334_reg.swc,18661.48112785783,3217.508631435378,95.0,48.0,12.0,7182.688634574588,0.7163588372818135,2183.8627734569072,1766.6647398028624,3621.7647125961234,3,12601.118610558728,8658.839385618152,8658.839385618152,8658.839385618152,1,0,0.687148470958978
191807_7110-X4076-Y20205_reg.swc,57300.42421896871,4177.937197344717,569.0,285.0,32.0,10739.263378478086,0.8946450593471386,3119.4479999999994,2823.5776251812695,4480.909613454066,8,43082.199699492485,15191.570802390466,15191.570802390466,15191.570802390466,1,0,0.3526182717770891
191807_7249-X4135-Y19813_reg.swc,44402.60086463205,4153.253228678209,443.0,222.0,32.0,11970.607172844813,0.797820103482598,2559.957512851406,3019.643765932988,4388.631130735346,7,35292.8048318518,19864.84682241617,19864.84682241617,19864.84682241617,1,0,0.56285826295359
191807_7281-X4351-Y20216_reg.swc,53115.87374012391,4930.9754790111265,295.0,148.0,20.0,11936.848563027468,0.8946820015432325,5780.722999999999,2820.3213556019605,4599.542194017356,10,36335.71472091191,18488.00428507392,18488.00428507392,18488.00428507392,1,0,0.5088108057616854
191807_7289-X4771-Y9549_reg.swc,49263.431674746214,4091.201243425269,347.0,174.0,31.0,16125.784966901621,0.8650770911964614,3051.718346870306,2487.8938187898093,4574.311072348676,7,39299.699462763485,11068.03975779326,11068.03975779326,11068.03975779326,1,0,0.2816316640863944
191807_7300-X5089-Y9978_reg.swc,28166.631295630177,3042.053281786023,127.0,64.0,11.0,6914.03910504803,0.7115175367409833,2208.255768560205,1797.4481756019027,3023.3455464425037,6,20524.379861949434,13850.005661733132,13850.005661733132,13850.005661733132,1,0,0.6748075096490462
191807_7326-X5555-Y22776_reg.swc,58455.188059594824,5264.781780277318,303.0,152.0,24.0,10961.91119341399,0.8755911493702042,3745.4669999999996,3538.0473108016477,5134.080000000001,13,38098.70791511481,9123.274648524764,9123.274648524764,5845.613507353948,3,0,0.15343337943056154
191807_7364-X7270-Y23865_reg.swc,32713.97452222635,3135.836125502107,273.0,137.0,22.0,7558.328629935966,0.7886454212531193,2397.1935306003834,3071.021285918393,2231.0170905488344,7,27963.771683632724,9960.388567408994,9960.388567408994,9960.388567408994,1,0,0.3561890248602923
191807_7399-X8056-Y6157_reg.swc,26569.622200567253,3202.4632998407906,149.0,75.0,16.0,8196.437713581294,0.7480599347359944,2490.072,3179.22813818094,2352.916599106239,8,22769.525747115615,10040.379019423553,10040.379019423553,9901.274185367476,2,0,0.43484762464241244
191807_7405-X4847-Y21105_reg.swc,53673.28340487489,5434.945239909369,457.0,229.0,22.0,11083.038286208799,0.878533086641687,2678.5713219100926,3678.6794761017595,5697.489349622485,13,42698.402930514196,17543.506924711193,17543.506924711193,16902.386396379232,2,0,0.3958552366439923
191807_7423-X4013-Y19283_reg.swc,43694.41011402266,4524.881778618359,643.0,322.0,34.0,12810.952974725062,0.8570701531816208,2671.4580487357134,3282.9183839195757,4073.6002447873316,8,35275.935999997666,9221.757024947012,9221.757024947012,9221.757024947012,1,0,0.2614177842069909
191807_7425-X7635-Y24763_reg.swc,46291.1165699898,4083.172590532515,313.0,157.0,34.0,11514.999894879926,0.8457225926614036,3135.108998689743,4346.211177068153,3955.7979834811813,12,32960.34376057342,9830.660523283295,9830.660523283295,9830.660523283295,1,0,0.2982572206981214
191807_7439-X5230-Y8737_reg.swc,67651.16129420293,3907.531371855943,995.0,498.0,47.0,13059.124106169429,0.8772728418748135,3338.6020000000008,3730.9610241615014,3629.2915707360944,7,57749.55545360781,10310.201041740253,10310.201041740253,10141.64134635079,2,0,0.17561418900441436
191807_7446-X4048-Y18753_reg.swc,45707.127853681915,4640.412731101964,391.0,196.0,24.0,12548.969026391907,0.8293586735229707,2924.4157106926705,2657.9859935966233,4673.477757575334,12,35262.97483946544,8445.700108407127,8445.700108407127,3914.111973028339,2,0,0.11099778140804396
191807_7494-X6168-Y8596_reg.swc,35767.28633180852,2917.832131384196,265.0,133.0,26.0,7179.69186938659,0.7821535916622353,2963.4881307594796,2051.4364206444025,2985.8255771160793,8,31659.901568115652,25728.65253393365,25728.65253393365,25728.65253393365,1,0,0.8126573760369711
191807_7500-X4057-Y19214_reg.swc,26700.35021765749,4533.31805315198,183.0,92.0,20.0,10145.340467600821,0.826732191673919,3236.62691418168,2654.5785384590004,4728.836510507902,9,14954.583699810273,3533.330948757937,3533.330948757937,3533.330948757937,1,0,0.23627076618674206
191807_7508-X7743-Y23907_reg.swc,28933.87715741833,3122.9428987889614,215.0,108.0,17.0,7755.948736557244,0.8009188670315727,2704.958392920086,2737.6768969143477,2035.2420189007617,9,26394.90615444368,8074.357329461517,8074.357329461517,8074.357329461517,1,0,0.3059058926830914
191807_7525-X6122-Y8722_reg.swc,24113.981733796852,3066.6949025175113,143.0,72.0,15.0,6931.6178429396,0.7104569491497199,2848.951485331856,1825.0915168119498,2969.547311476151,6,19066.263251079537,15079.018717470013,15079.018717470013,14643.788724109374,2,0,0.768047127602743
191807_7529-X5296-Y9002_reg.swc,54277.34140215798,5360.9166204850635,503.0,252.0,30.0,10366.121153570955,0.858228684850907,2942.335537740012,3271.7333494290724,5640.272,13,42325.951915762635,10089.233636749956,10089.233636749956,10089.233636749956,1,0,0.2383699168025709
191807_7537-X7637-Y23814_reg.swc,33243.778989735125,3094.606391894744,239.0,120.0,25.0,8559.931288604857,0.7259490735147383,2787.069694201621,2843.6190000000006,2043.7433696658982,5,29899.012603006515,18394.00483611444,18394.00483611444,17966.918914548143,2,0,0.6009201425180666
191807_7574-X4648-Y20365_reg.swc,33008.519855337385,4344.431514406553,279.0,140.0,26.0,11434.792984722993,0.8439374454981576,2772.1849999999995,3127.535218404435,4234.335236603807,7,25144.511685478785,14256.126154424419,14256.126154424419,11063.216588183594,2,0,0.43998534258960037
191807_7612-X8075-Y6623_reg.swc,26684.669235961966,3119.8973708949143,271.0,136.0,40.0,7516.62996025743,0.7720960392074376,2713.951795620522,3038.513,2097.6111854481264,9,23785.235025230526,12342.55244777722,12342.55244777722,11120.436563322815,2,0,0.467535281931276
191807_7712-X5701-Y8560_reg.swc,67271.40083306738,5294.323099145159,511.0,256.0,33.0,13799.064786842253,0.8755034159700547,4358.302999999999,3616.4456316130763,5596.854549297939,22,49946.55119552957,8532.96774884745,8532.96774884745,8532.96774884745,1,0,0.17084198096967276
191807_7779-X4433-Y18625_reg.swc,48461.996857908925,4768.870546434653,603.0,302.0,30.0,14261.945071302142,0.8833719328467822,3358.0830856690136,3554.3509895609054,4154.964365418095,13,36812.54662337521,4547.14158878617,4547.14158878617,4547.14158878617,1,0,0.12352151659887689
191807_7779-X6262-Y9318_reg.swc,22972.942171038114,3385.948992565328,107.0,54.0,14.0,7691.651853728611,0.7692707266703221,3087.1019553695123,2292.9418686423,2870.6078095780554,4,17834.80164549019,10841.636700985197,10841.636700985197,10841.636700985197,1,0,0.6078921939525284
191807_7786-X4425-Y19023_reg.swc,31357.402591883292,4599.090005702106,303.0,152.0,29.0,13433.482444535219,0.8195341851147406,2897.6538522997553,3328.732258215874,4212.113294538259,5,19900.757360740623,5765.205870405103,5765.205870405103,5765.205870405103,1,0,0.2896978122942426
191807_7802-X7356-Y7036_reg.swc,52095.72584271122,4318.416690964526,495.0,248.0,36.0,12199.827035664292,0.8853717907374865,4245.941221423582,3896.259305568697,3773.9467242393603,10,37651.068317675876,13917.86068065938,13917.86068065938,6122.330275271372,3,0,0.16260707992705611
191807_7822-X4840-Y19927_reg.swc,25926.410139786083,4532.776076992849,189.0,95.0,23.0,13977.439976039528,0.7906852659951448,2956.7095665875204,3510.4400282522347,4424.862642598959,5,14392.74741135303,8853.172396658054,8853.172396658054,8853.172396658054,1,0,0.6151134417654445
191807_7954-X5660-Y20932_reg.swc,46542.16058447385,5480.096768115887,391.0,196.0,20.0,10740.585585682056,0.8387227411110374,3296.2128112345044,3356.263975567066,5815.911,11,34654.460715940346,15900.497548485557,15900.497548485557,15900.497548485557,1,0,0.4588297500521095
191807_7964-X7019-Y7647_reg.swc,37191.87752802743,3770.0611242823516,287.0,144.0,24.0,10053.207920689487,0.852721640911877,3345.7436968468273,3975.7828653084143,3363.031,12,29247.559105786357,8470.191304327782,8470.191304327782,7968.486874241347,2,0,0.27244963743538025
191807_7971-X7500-Y7211_reg.swc,50617.9293157802,3889.692531564192,371.0,186.0,32.0,11986.569582988594,0.8726748079312295,3255.1374805814285,4137.57930084551,3842.858487801642,17,37813.731077605844,14829.720190629509,14829.720190629509,10163.850115167028,3,0,0.2687872850819075
191807_7985-X5473-Y10063_reg.swc,49619.53533520771,5227.410291707452,361.0,181.0,35.0,12933.63434127548,0.8428560001810755,3603.6669999999995,3631.3761398245883,5529.256665008967,9,30778.27290794834,10358.312153482844,10358.312153482844,10358.312153482844,1,0,0.3365462443088501
191807_8102-X5725-Y9586_reg.swc,35024.351869079335,4298.796274548163,267.0,134.0,24.0,12161.856555752602,0.8246269668302556,3114.0099999999993,3895.5991452842973,3886.513747048118,6,23655.649447621192,10680.255828002846,10680.255828002846,10680.255828002846,1,0,0.4514885905648577
191807_8158-X7179-Y9304_reg.swc,44180.32447536815,4163.174529496691,423.0,212.0,34.0,12174.254202734755,0.8744486104808495,4135.361988651821,4279.287350422765,3891.9530000000004,13,35991.40837006512,9284.795221866474,9284.795221866474,7088.92853069002,2,0,0.19696168757280544
191812_5915-X3305-Y21307_reg.swc,95918.27097501961,7574.1286115546145,393.0,197.0,22.0,11063.861904022695,0.8694442355836433,3939.3820000000005,9148.496919390018,4399.938452864828,15,66404.17092689381,51002.04086903088,51002.04086903088,20558.706530753465,8,0,0.3095996267069897
191812_6207-X4040-Y8998_reg.swc,73806.74230591474,5487.187864235422,269.0,135.0,21.0,8332.97289512551,0.8118656148918139,6404.272000000001,6810.283776782231,3855.9009306302833,13,44294.94982965401,16431.358195974048,16431.358195974048,9657.752912860891,5,0,0.21803282202603022
191812_6251-X3178-Y20913_reg.swc,116393.41150298565,4307.579793166227,629.0,315.0,27.0,6544.774696895386,0.8719958732576661,3433.4858205203727,6708.865209181788,3265.342431160321,13,97302.02544292335,31665.01753349392,31665.01753349392,19487.724250632124,5,0,0.20028076663279204
191812_6426-X4032-Y23056_reg.swc,113244.78406492337,8962.303948706302,589.0,295.0,24.0,14159.98539077156,0.87462181960608,5817.588988191613,9539.383632927807,5222.525391654075,18,85067.28185429957,40742.1237496423,40742.1237496423,16442.157341819388,6,0,0.1932841508910673
191812_6431-X3967-Y9193_reg.swc,65264.4500057024,6851.1535138664785,255.0,128.0,20.0,8842.958295948465,0.836574968126432,4765.097408764254,7683.893522547642,3137.688681697783,14,41897.23283225021,26691.473289850303,18860.329318439806,5462.333150008291,8,3,0.130374556522112
191812_6463-X3826-Y9703_reg.swc,140116.30849855524,5665.560182992323,683.0,342.0,25.0,10541.472231312158,0.8542157659845347,7650.256544710415,7122.711560632785,4591.36960970567,21,107821.20286876684,29552.86611681886,27228.54651218301,3548.5987229991274,9,2,0.032911882158449465
191812_6476-X3744-Y9656_reg.swc,52175.31795346149,5142.58322582063,251.0,126.0,19.0,7274.001106669156,0.8159402222903768,3124.4489999999996,5772.927395320743,1389.3067217631112,8,35805.64355100026,31550.132029247194,24230.624834306287,16056.914522984633,7,2,0.44844647185614034
191812_6477-X4010-Y9201_reg.swc,135957.28765984945,5962.0490503451065,567.0,284.0,28.0,8085.9570912374165,0.8494760464838623,5467.1359590169495,7566.316,3685.988741573102,14,101982.63503904664,26529.446467271744,24702.917409518188,11022.356183503947,8,2,0.10808071569521378
191812_6568-X3828-Y8764_reg.swc,29784.981728520277,1575.2446217210202,239.0,120.0,19.0,2203.620309607664,0.8323881064319076,1246.71,1373.2075732642988,1519.1883008816662,3,28975.515458538204,28975.515458538204,28975.515458538204,23062.000682198195,3,0,0.7959133881569145
191812_6779-X4640-Y7603_reg.swc,82221.09117768177,6730.3574697390095,363.0,182.0,23.0,9518.281221421497,0.8467940155059047,4687.140354902356,7836.797942100266,3584.9018034763667,11,60657.60930885213,40498.94035203257,34540.7731532029,15466.136784768374,9,2,0.2549743875664303
191812_6854-X5676-Y6355_reg.swc,142712.48344178154,7809.9590595493955,523.0,262.0,22.0,15501.784687675705,0.8549549695779154,5200.750565753583,8742.627147507974,4985.969,18,95119.6051804968,35201.38341053192,32586.064389796156,4430.083358785298,8,1,0.04657381988054799
191812_6895-X3630-Y9992_reg.swc,35249.859451361874,2514.333765249777,235.0,118.0,16.0,3916.3965968420152,0.8153322536598093,1332.5559999999996,2188.717166217741,1982.8952594851355,2,33877.72747877707,33877.72747877707,33877.72747877707,32544.044695667504,2,0,0.9606324602515012
191812_7148-X3864-Y9658_reg.swc,60682.91679011582,3128.4245100117087,347.0,174.0,34.0,6199.626646173241,0.799779231774541,2275.4649999999992,4042.597400788545,2897.8919819425446,7,54886.23208010345,51466.35027485419,51466.35027485419,32637.48753041485,5,0,0.5946388792508516
191812_7255-X5228-Y7090_reg.swc,65287.421785875835,3686.6737802591106,451.0,226.0,20.0,5563.971454186181,0.8647199152560684,3710.156299526594,4175.424622573943,3547.7919999999995,7,56295.28520496544,42319.37644017215,42319.37644017215,13477.214261849382,6,0,0.23940218461955043
191812_7321-X4084-Y22812_reg.swc,51565.05942947523,2745.627471959917,313.0,157.0,20.0,3787.9618199368183,0.8412665594916048,2235.8991495544205,3601.0489459707596,2725.495818854054,4,47621.2912313838,47032.50548005543,47032.50548005543,35253.1217844084,3,0,0.7402806785124629
191812_7379-X5715-Y24777_reg.swc,101484.05273400142,8520.19527942219,329.0,165.0,20.0,12837.229654688557,0.8185381645503939,3970.4231488060677,9390.248530565746,4026.713,12,56411.77637851756,33370.78868614061,32818.539713253456,12355.515785385487,6,1,0.2190236964438271
191812_7414-X5193-Y24236_reg.swc,121459.98899435662,5144.616197533495,539.0,270.0,21.0,6612.876163612873,0.8574381641034057,5342.225590275099,3645.1530000000002,4300.5073890780295,13,92858.72430102617,67249.67656053454,67249.67656053454,24181.28006204408,7,0,0.26040935026906087
191812_7460-X2919-Y19536_reg.swc,43067.481226167445,2674.9460106198403,305.0,153.0,18.0,3833.195786787818,0.8329034939630212,2101.853945317962,4250.832938177925,1803.8488135767013,4,38259.23919450353,38259.23919450353,38259.23919450353,30916.87057314285,4,0,0.8080890060559408
191812_7487-X5132-Y7313_reg.swc,48348.38689389752,6619.4006461324725,329.0,165.0,21.0,9445.366775065162,0.8365060912472474,2549.6169999999993,7263.610645194438,3348.533245866648,4,37223.62136076928,35112.897994620216,29531.85622226599,28294.104158412745,3,1,0.7601115400403377
191812_7534-X5622-Y24592_reg.swc,107204.03926636132,9517.760892085964,461.0,231.0,20.0,19085.562373483783,0.8260088994841502,7366.370983534033,9468.766,5255.311715552803,18,77562.54173804898,66240.4352796657,65897.3730508298,8252.327698057545,6,1,0.1063957873625136
191812_7586-X4315-Y23900_reg.swc,45152.707689015864,5096.665848830587,163.0,82.0,22.0,8359.230291806214,0.802396403193399,4020.2070000000012,2363.564719231018,4180.397591415895,8,35572.471620374,28769.472269357906,28769.472269357906,10497.91883441561,4,0,0.29511356271356093
191812_7597-X5133-Y23993_reg.swc,84514.94015960026,7830.155858816476,379.0,190.0,21.0,11227.304546236595,0.8519779633832918,3538.2057949266855,8368.568,3796.094957215124,11,58860.369642595026,58468.32821866297,57816.2872377152,23537.771132223406,10,1,0.39989166352754285
191812_7717-X6201-Y6443_reg.swc,81043.96985188521,5899.577785071572,405.0,203.0,26.0,8069.455603876335,0.8314914673974201,3315.2686047395673,6601.071740785373,4102.591877828581,11,54206.144665799104,48803.14599070142,48803.14599070142,12921.87193844058,9,0,0.23838389573928734
191812_7881-X7006-Y5915_reg.swc,76913.01228433677,8487.717477168346,307.0,154.0,24.0,12845.189562242917,0.7862155484457937,3125.6205795584992,9208.357,3715.0909999999994,9,53999.82715475601,44690.42886464286,33612.34844903859,31581.07073776946,5,2,0.5848365152588821
191812_7886-X4342-Y22754_reg.swc,34353.77073994887,938.2847073537966,293.0,147.0,18.0,1580.1745560031036,0.8773755335645751,1232.7450000000008,1254.701,1012.627733816193,2,35779.758814180925,35779.758814180925,35779.758814180925,34125.040366506175,2,0,0.9537526662415925
191812_7938-X6892-Y25312_reg.swc,92935.49681128633,8705.594065213472,441.0,221.0,30.0,13459.637085757991,0.8026692120077081,3661.6627112746637,9226.700285750696,4225.479009866997,10,56728.40147722828,42257.24670357413,41211.80913150278,38433.59423653332,4,1,0.6775018021962279
191812_7977-X5136-Y23324_reg.swc,89367.45704330911,8044.40165921478,375.0,188.0,25.0,13092.041502058639,0.8277127018629787,3396.8422719439177,9445.48797376917,3966.0556141078996,17,49296.2676822438,29629.021323440124,17046.20749706372,5601.916531155279,9,4,0.11363774164941605
191812_7998-X5408-Y23691_reg.swc,86566.37193565584,8016.553131762365,389.0,195.0,18.0,11529.491503670535,0.8289943612147499,3924.3532361967673,9070.40767715474,4316.548815000547,10,61597.77761172436,38096.108349066635,35985.187146687764,16514.790862106947,7,3,0.26810692694477284
191812_8013-X7581-Y5690_reg.swc,51580.57821535358,5300.979326009393,211.0,106.0,19.0,6967.835856305346,0.8208872886485306,3947.5710916473536,5400.959,5116.011945549428,9,37870.509041358135,20057.92311913644,20057.92311913644,20057.92311913644,1,0,0.5296449302340065
191812_8096-X5297-Y8332_reg.swc,47867.03860751559,6217.315670954226,259.0,130.0,17.0,10327.031637021912,0.8011435709394494,2899.6203138857145,7238.09575791988,1219.6717183167789,6,38542.42754612974,38542.42754612974,36837.5634964913,30669.006379701208,6,2,0.795720672835016
191812_8172-X4789-Y8339_reg.swc,31536.680212699877,2259.070896161834,251.0,126.0,28.0,3781.6621504806403,0.8297253571462874,2452.8734091535425,1368.4714161295633,917.3663057778235,3,31047.639223104237,31047.639223104237,31047.639223104237,16384.909414771857,3,0,0.5277344695044948
191812_8233-X6397-Y7234_reg.swc,168093.7030415629,7587.67137754523,459.0,230.0,21.0,14130.85800748803,0.7745560949096343,6253.277976014022,8733.454,5809.7607073352065,17,126951.77235631392,38651.49132441665,38382.25997380128,16610.671172737864,5,1,0.13084237316606268
191812_8235-X5804-Y7784_reg.swc,73439.5104979389,7896.369443460774,373.0,187.0,21.0,12555.673651685425,0.8101695596882715,2852.547402383103,9298.207000000002,2499.471643656324,9,55196.45754536304,50317.08195789698,46277.45024041564,22898.779350849647,5,1,0.4148595828279443
191812_8356-X5861-Y7841_reg.swc,52241.45217883076,7875.786781969278,243.0,122.0,21.0,12066.640355333784,0.8087293563814956,2853.0295341501933,9316.378048998757,3956.1600000000008,5,33481.93623656822,21211.111568848533,17104.30684068948,14221.02489851998,3,1,0.42473723138472785
191813_6154-X4714-Y9350_reg.swc,86702.90238417382,8201.013728795522,307.0,154.0,16.0,11386.996663971648,0.835891398745966,3789.005878729181,8839.929067635947,5195.689,11,61616.72791320132,23107.476086225142,23107.476086225142,15279.123654491994,4,0,0.24797038356232573
191813_6215-X5154-Y8328_reg.swc,101921.02980260323,7264.480159964099,401.0,201.0,24.0,10399.798508472593,0.8466764603496345,5080.369000000001,8005.196000000001,3715.920356083279,8,70680.78200185749,17581.05934265227,17581.05934265227,8709.91655528882,3,0,0.12322892176065518
191813_6524-X2579-Y18950_reg.swc,78382.01056416861,5138.0275691596935,255.0,128.0,21.0,7481.577766135227,0.8167371751859933,5503.751378762816,6795.170807130991,3342.949,9,54777.82208973038,21954.870301097097,19518.81512048556,15021.87312093044,5,1,0.2742327560289533
191813_6588-X2661-Y18498_reg.swc,89975.60843367403,4169.016372480218,425.0,213.0,27.0,7058.070273615429,0.8466042991765679,4302.581999999999,5777.404073930033,3779.16,13,62466.22760033692,20552.636609692603,20552.636609692603,4660.6901352198,6,0,0.07461135903770603
191813_6745-X2825-Y19481_reg.swc,63062.4255633844,3985.709929607873,267.0,134.0,18.0,6004.613281481548,0.8258740254918279,3648.542165631605,4853.923767051662,2609.129,7,39924.255950474915,32646.010181110207,32646.010181110207,32203.18734959362,3,0,0.806607075897442
191813_6829-x5209-y8545_reg.swc,83891.59395743608,5363.306535759455,355.0,178.0,20.0,7740.472937621217,0.8489778362921565,5006.4130000000005,6682.129367883891,2049.553389828481,8,66586.62731735354,33330.92282984944,33330.92282984944,31536.05312715945,4,0,0.4736094077397527
191813_6871-x5237-y8478_reg.swc,73882.64516308781,4854.783834944352,311.0,156.0,20.0,8205.441125460364,0.817704079874646,4543.920899671072,5627.83160035133,1968.0655575912265,8,56241.94525674644,44318.11814115423,44318.11814115423,43032.3356090593,2,0,0.7651288626774054
191813_6879-X2723-Y19955_reg.swc,127214.66110358395,6954.837788554453,493.0,247.0,25.0,11823.250312739925,0.8423973633702058,6388.114529422084,8445.697424962336,4302.761205245039,14,78702.57226658687,18654.641615537807,16909.070866896207,15566.435380274155,6,1,0.1977881399803101
191813_7160-x2719-y18910_reg.swc,47432.7313731949,3071.3771392966387,251.0,126.0,18.0,4926.662282970643,0.7723296649462171,2309.089636263311,2334.2752424022938,2533.8641707167267,5,41827.23440099587,41537.98646118969,41537.98646118969,35110.8200577004,4,0,0.8394248522647829
191813_7214-X4724-Y9812_reg.swc,55336.14299108462,4622.238212030617,217.0,109.0,16.0,6041.776727226843,0.8110288687299906,3979.4384148154713,3891.075035995669,4561.57468131929,10,38306.31914902227,28029.25636944553,28029.25636944553,24495.192799068514,3,0,0.6394556653636018
191813_7224-X2864-Y17670_reg.swc,58843.01907282558,3632.5066016646133,231.0,116.0,21.0,5887.224438312925,0.8314628826817649,3215.694749878394,5813.9,2940.2255794610705,9,39486.63463018781,18577.441634800405,18577.441634800405,12451.207111447196,4,0,0.31532712848433436
192337_6620-X4736-Y30611_reg.swc,83894.90867669776,4771.351945157408,559.0,280.0,25.0,6461.61180499485,0.8348777092488644,4281.559,4706.139941469711,2484.494864515419,10,80383.77927636719,23729.26501097832,23729.26501097832,18846.592613308992,3,0,0.23445765778830313
192337_6764-X4864-Y14655_reg.swc,99582.07813182716,4056.4951582998347,383.0,192.0,21.0,5373.7515346610235,0.8052133421232234,5756.578,4007.1349999999993,2281.5109816277227,11,93042.45797649368,35336.91925508639,35336.91925508639,6297.238584101261,5,0,0.06768134377632415
192337_7344-X3850-Y25781_reg.swc,95622.53779163778,4838.7488022136595,377.0,189.0,23.0,6391.784358754893,0.8479913753484589,5292.6316882176,3946.1152581795864,2244.6908071314015,6,82689.05254464377,64576.64181375102,64576.64181375102,56800.54217868852,3,0,0.6869173177189561
192337_7585-X7231-Y9932_reg.swc,107760.32842432441,5997.744020353403,615.0,308.0,33.0,7921.639041365974,0.8440829290487374,6364.87676577808,4507.515,2517.510311394203,12,111219.88467332281,104383.65200720633,104383.65200720633,73021.16199086797,9,0,0.6565477226068623
192337_7659-X5929-Y12351_reg.swc,91531.15379471112,1304.3683629669188,519.0,260.0,21.0,4383.025255473558,0.8088752396073432,1664.4320000000007,1650.8270000000002,1432.0637542912361,2,98464.54831516245,98464.54831516245,98464.54831516245,97979.8531587404,2,0,0.9950774652936948
192339_6660-X3904-Y20076_reg.swc,74090.75016778121,4671.498491476419,215.0,108.0,14.0,5492.308918218698,0.7840761714841291,6030.545093059148,3324.2292955324965,1817.0105126714516,5,63702.975762338945,63702.975762338945,63702.975762338945,56318.15396349016,5,0,0.8840741470790965
192339_6826-X4163-Y21198_reg.swc,87240.79578265492,3048.1628516091455,221.0,111.0,16.0,5190.327397364454,0.8165693289555219,3106.081608899115,3771.9434912178476,3443.8329999999996,6,60561.285048649224,59789.8556604275,59789.8556604275,43364.389977570616,5,0,0.7160414436836298
192339_6840-X3817-Y19709_reg.swc,48989.52225238091,4464.269359958039,109.0,55.0,11.0,5990.546881780869,0.7828497967201091,5120.342615131711,3002.7503968250853,2141.21,5,41541.44820454819,32769.60824764517,32769.60824764517,27112.29786288467,2,0,0.6526565402675649
192339_7392-X6785-Y6440_reg.swc,94074.43790978786,2931.78253974628,289.0,145.0,28.0,8682.765442922802,0.7782208673274001,2897.3426000037007,2469.247902894396,3260.2129999999997,9,87097.47624376912,84074.90738558516,84074.90738558516,69530.62491315074,7,0,0.7983081475121949
192340_6224-X4867-Y27176_reg.swc,57362.3098002174,3664.0613454561394,345.0,173.0,18.0,4960.814443514765,0.8483212296988211,3432.5970000000007,3492.8783440640455,1772.612801384897,11,47652.460820337685,38977.709072293525,38977.709072293525,14410.0448369244,5,0,0.3023987552553489
192340_6365-X5976-Y13673_reg.swc,89309.95746137388,4826.044169145782,359.0,180.0,18.0,6980.107435964275,0.801064117345377,6108.303999999999,2741.043066231064,3231.31404115412,8,76794.68346058716,59912.584749669455,59912.584749669455,38985.22400067607,4,0,0.507655247002668
192341_6482-X3479-Y8069_reg.swc,73383.48660925453,5198.830925052382,251.0,126.0,17.0,7100.5459062014215,0.8363005591332301,5569.813269278888,4221.625905114944,2289.675,9,57995.09451025147,27110.798666113522,27110.798666113522,10165.282527925803,5,0,0.17527831644672884
192341_6527-X4499-Y23282_reg.swc,21936.246031133654,2688.8906461963074,103.0,52.0,14.0,3855.3822626566953,0.8663542014444165,2016.7119999999995,2830.4849999999988,2313.739584350079,6,18234.64229248673,2395.9935175219643,2395.9935175219643,2127.680266364524,2,0,0.1166834112913308
192341_7115-X3118-Y9770_reg.swc,72865.07466160484,2573.523940311223,217.0,109.0,15.0,5678.235462802581,0.7676581214097998,3592.6000000000004,3119.558,2618.762846931502,2,60492.04981226701,60492.04981226701,60492.04981226701,60201.91131415025,2,0,0.9952036920716494
192341_7303-X4923-Y6376_reg.swc,82415.51622602777,3019.7275006288237,369.0,185.0,18.0,6028.241204022036,0.7942782244346623,2781.0242260286814,2437.8540000000003,3481.769,10,75325.4389423428,59090.74566458513,59090.74566458513,26532.26598394505,8,0,0.3522351327319041
192342_6838-X4850-Y2371_reg.swc,50406.461946257616,1922.0276719243654,233.0,117.0,24.0,3863.9241499899063,0.7751654692139933,2421.9018667685896,1818.0282758371568,1382.8623484286436,6,48579.07382401031,39607.16717563998,39607.16717563998,21935.58146292953,4,0,0.4515438384518526
192342_6941-X3482-Y21640_reg.swc,25598.21562373967,1994.7853056459485,203.0,102.0,19.0,3420.307139084476,0.8705461791816974,1471.800000000001,2187.7780000000007,1827.698578275414,5,24050.426500098412,22165.56626646394,22165.56626646394,18032.447609716968,4,0,0.7497766249443926
192342_8032-X5502-Y5809_reg.swc,106045.2634331486,8691.764920226386,523.0,262.0,37.0,14455.73659430479,0.8364805965074222,6118.307514808316,9376.196,3697.8081604882163,8,73824.17986666325,38259.636099505835,29986.126867356907,29986.126867356907,2,1,0.40618300022453385
192342_8141-X6037-Y23548_reg.swc,111994.33492937214,8842.478693421037,471.0,236.0,23.0,14956.150712519728,0.8376647554882712,7760.33,9499.839964270377,4464.183999999999,17,81705.67080674636,33198.88045644664,32397.004202918735,19775.67862132011,4,1,0.2420355701881986
192343_5742-X3633-Y12817_reg.swc,52834.07621199334,4528.110945006207,253.0,127.0,28.0,6858.162094147201,0.7916539287824812,4798.272999999999,4701.024,2381.0215169407497,10,42662.22112477008,18138.346914775488,16182.978358379212,16182.978358379212,3,2,0.3793280783729102
192343_6777-X4052-Y23666_reg.swc,34212.564656109476,1179.0864249786782,367.0,184.0,28.0,4685.801825510535,0.8423957215257538,915.8987761901881,1396.987000000001,1234.7815620706078,4,33536.38668269801,33536.38668269801,33536.38668269801,31831.16528797797,4,0,0.9491530971760952
192343_7174-X3824-Y23571_reg.swc,44453.79361505533,6570.721459584518,303.0,152.0,27.0,9547.935309420582,0.8069813134427544,1551.757463153659,6817.314224142634,952.104878378952,2,37803.958817058505,37803.958817058505,24903.215243365856,24903.215243365856,2,1,0.6587462271842448
192343_7524-X5744-Y25593_reg.swc,140557.35646333,8872.61588738327,685.0,343.0,28.0,13305.63700151357,0.8520853692037201,5283.0072129232385,9567.225924298027,4700.534060484433,11,106398.26411993607,48847.447388485925,31441.742596487788,20103.267063104973,7,1,0.18894356246680702
192343_7862-X5206-Y6520_reg.swc,38107.33346814641,2236.5893580626434,249.0,125.0,16.0,2689.1177446994398,0.8139402050515353,1984.7315498281605,1349.8074509554017,1695.2119334643926,4,37108.56278987382,35642.04515999568,35642.04515999568,31335.21268730081,3,0,0.8444200025944298
192348_8164-X3381-Y21012_reg.swc,25908.62026217345,3138.749303745732,191.0,96.0,16.0,6822.6859972187885,0.7304537761234469,2757.0559999999987,2028.6808023134959,2514.915713205849,6,20347.173814977657,5223.850697682361,5223.850697682361,5223.850697682361,1,0,0.25673593518118265
194065_6750-X3779-Y21393_reg.swc,40631.14749604294,2773.774352459299,233.0,117.0,17.0,3293.112400085764,0.8276678464579925,2742.890143304782,2378.2200000000003,1149.5178744986351,4,37161.19292294965,37161.19292294965,37161.19292294965,36186.42511754151,4,0,0.9737692003744542
194065_7154-X2800-Y12603_reg.swc,47089.525014244515,3015.0508142892054,355.0,178.0,23.0,4112.014332531203,0.8680622760784655,2723.434,3088.6960000000004,1535.320953825343,6,44672.30795375113,38683.43293231183,38683.43293231183,23784.418512208067,4,0,0.5324197383495807
194069_6480-X4276-Y11858_reg.swc,104299.12334605298,5005.883331539,499.0,250.0,27.0,12223.861575569683,0.8477403776413939,5396.48954555296,2990.6041536439357,5360.533707151546,19,92048.60672549397,15653.579321591413,15653.579321591413,12760.276131056158,2,0,0.1386254130832167
194069_6614-X3338-Y19996_reg.swc,113951.8983373375,4134.852777522986,673.0,337.0,34.0,12404.531874435224,0.8618763195887668,4851.517632321183,3319.7721510613637,4642.086757343809,21,96644.48484208931,17455.02637159426,17455.02637159426,4724.216839698627,5,0,0.04888242559746358
194069_6665-X4527-Y10686_reg.swc,49679.82427693043,4188.699799722673,321.0,161.0,30.0,9999.154576001532,0.8654440073110582,2622.304,2803.9713004753416,4570.901186543697,16,42662.76434578053,13021.678048054055,13021.678048054055,7897.697396818377,3,0,0.18511921386077462
194069_6771-X4023-Y23667_reg.swc,113128.5768725577,4538.417424443401,629.0,315.0,26.0,11486.843311833005,0.8815430192133173,5744.967985591358,4876.83967739949,4392.493982835691,26,95872.77569946182,19195.16945119099,19195.16945119099,11028.660843586911,5,0,0.1150343333978263
194069_7166-X5939-Y8426_reg.swc,23822.837813561502,2767.3408521304864,99.0,50.0,12.0,6245.287344816883,0.7606243143772026,2114.3392943523877,1683.8233341796004,2523.9197626687746,6,19267.378449569234,6911.096969436475,6911.096969436475,6911.096969436475,1,0,0.358694203652339
194069_7189-X5459-Y8724_reg.swc,48854.50198964226,3800.074574884546,367.0,184.0,27.0,11684.35065806342,0.8302849600814756,2225.749199526321,3285.484026325012,4330.474503971417,11,39023.041072608125,15228.428925883676,15228.428925883676,15228.428925883676,1,0,0.3902419828723481
194069_7216-X3715-Y22464_reg.swc,53503.06557033616,5025.327487497507,243.0,122.0,24.0,10439.098402992826,0.815045955084082,2730.0999999999995,3042.7211961781322,5492.316000000001,10,36127.357889826555,24103.09636831057,24103.09636831057,23820.209527990497,2,0,0.6593399273933136
194069_7313-X3495-Y20668_reg.swc,47006.1988252321,3579.264011469537,317.0,159.0,24.0,9903.519366395862,0.8555362404718003,2929.950772472819,3142.1064190451816,4176.069697232325,8,39096.533158885744,7432.786850169675,7432.786850169675,7432.786850169675,1,0,0.19011370701241762
194069_7382-X3692-Y22255_reg.swc,71223.0432137923,5119.906478905355,527.0,264.0,32.0,11132.455300162223,0.8829394281508517,4865.0686884959,3780.6642644538056,5479.989422711451,13,57882.79017006964,27205.351716244342,27205.351716244342,24867.73476261261,3,0,0.4296222536879599
194069_7406-X4443-Y11111_reg.swc,39760.04527494806,4385.972019563047,241.0,121.0,19.0,10718.309922314009,0.846116763595291,2819.2620000000006,3081.5004494989653,4353.007297374697,7,27590.11878023283,9839.300930278881,9839.300930278881,9406.533400757076,2,0,0.3409384887279451
194069_7408-X5410-Y9170_reg.swc,63248.56666109686,5277.895621561096,419.0,210.0,30.0,12042.209921789034,0.8713984370001576,4019.222269795041,3529.228156446421,5777.501,12,49297.30699691469,14971.700102048482,14971.700102048482,14971.700102048482,1,0,0.30370219012136906
194069_7499-X4635-Y10487_reg.swc,34574.48444049855,4111.662599631872,183.0,92.0,21.0,12221.233101002177,0.8343143063710727,3299.2524010584066,3434.3356933827395,4256.123,7,24216.240218476574,11703.06116252875,11703.06116252875,11703.06116252875,1,0,0.48327325203850247
194069_7541-X6312-Y7823_reg.swc,61365.60980313551,5083.388036667707,633.0,317.0,31.0,10343.961838760024,0.8787405244974071,4257.332417147391,3601.883023000055,4938.534906736244,19,43709.48863767007,10599.920887381246,10599.920887381246,4319.447635888894,5,0,0.0988217380371335
194069_7629-X6739-Y7566_reg.swc,19619.911263190737,1266.0483259141415,99.0,50.0,12.0,1690.6380947121454,0.8008934267080504,1222.545,1338.7384479008997,1761.7741817935857,4,17940.634337207568,17940.634337207568,17940.634337207568,12906.715593523262,4,0,0.7194124438931166
194069_7724-X4289-Y23661_reg.swc,62907.87655449631,5065.968673357743,533.0,267.0,31.0,10627.01085432443,0.8621185019172878,3380.176023561072,3890.9126913744476,5223.6810000000005,16,50728.16150336844,15592.161462678127,15592.161462678127,12724.9128868462,3,0,0.25084514221949955
194069_7827-X3508-Y20244_reg.swc,48101.17729897805,4043.4132673948075,327.0,164.0,26.0,12038.150817536269,0.8323091118836882,4138.096999999998,3613.500758878243,4161.190890612505,12,35755.74089138041,21653.76594426308,21653.76594426308,21653.76594426308,1,0,0.6056024963947293
194069_7890-X3746-Y21746_reg.swc,43847.35014909424,4164.715329528658,259.0,130.0,23.0,10078.631071651256,0.8685477229476609,3671.552683870911,3478.6814468320554,3621.2850000000008,9,36947.49564434276,9291.884296316368,9291.884296316368,9291.884296316368,1,0,0.2514888799435883
194069_7949-X5085-Y10196_reg.swc,44210.34719305669,4296.035356399718,437.0,219.0,25.0,12552.542423355208,0.8796652937078939,3550.794999999999,3757.685212156187,3859.2273760064954,12,31988.858936107066,6555.387847923907,6555.387847923907,6555.387847923907,1,0,0.20492721734830582
194069_7960-X3680-Y21513_reg.swc,32787.201078527265,4015.7023796991252,221.0,111.0,20.0,10670.227247989138,0.7919946859339572,2618.3437759132175,3504.1810618760555,3700.4310933784277,7,18373.831953082812,10801.844904485897,10801.844904485897,9254.780723603151,2,0,0.5036935543568177
194069_8027-X4187-Y22761_reg.swc,47424.94927207776,4826.822509878575,415.0,208.0,24.0,11535.914597802468,0.862787186243162,3641.949999999999,3880.7562313887925,4762.381929865811,14,34902.44925537579,7818.017353625366,7818.017353625366,6188.065750175181,3,0,0.17729603171680208
194069_8053-X5370-Y24809_reg.swc,52470.26244997389,4617.988066358877,339.0,170.0,22.0,10564.173281473784,0.8595559474123401,3801.602,4039.145692870343,3888.06986117774,13,41691.65141970389,10304.563043161525,10304.563043161525,9204.73441164268,2,0,0.22078123792650797
194069_8063-X5880-Y9133_reg.swc,44545.88503160108,3977.9748219760268,489.0,245.0,42.0,11534.792365758447,0.8620066182570117,3128.0530615326015,3988.870312487732,3614.368,10,36581.49561309289,13262.611611522469,13262.611611522469,13262.611611522469,1,0,0.3625497369433863
194069_8151-X5946-Y25268_reg.swc,85519.16862036928,4388.365126450078,607.0,304.0,40.0,12112.655360565535,0.860335948559166,3238.7917913691945,4629.158882065298,4109.422,13,76968.43156230813,26545.866674258497,26545.866674258497,26545.866674258497,1,0,0.3448929143472134
194069_8220-X4330-Y22689_reg.swc,50835.862508683356,3816.5402499620254,427.0,214.0,28.0,11095.535023055489,0.8626839563806954,3292.014,3936.734884643013,3247.249020395979,12,40043.97933949017,8857.52036998024,8857.52036998024,7607.056247978453,3,0,0.18996754002608832
194069_8231-X4410-Y22897_reg.swc,31186.222344034428,4849.035173064245,221.0,111.0,24.0,10219.862865998555,0.8549689612851646,3467.4230000000007,3910.056081914257,4830.352,13,22508.679089339785,6795.569386110937,6795.569386110937,4391.529637771168,3,0,0.195103836184284
194079_7452-X4416-Y23624_reg.swc,191919.11129351016,7504.222047675786,857.0,429.0,28.0,11454.55294855687,0.8316939455293714,6315.183571792768,8673.633797987655,4914.437,9,153641.023213673,67472.24633018611,62866.0302495005,22683.85137526568,5,1,0.14764189212485648
194083_6175-X4064-Y8142_reg.swc,16564.106973772297,2478.5922756442533,121.0,61.0,16.0,4810.976985207694,0.7628799447232087,1002.7669999999998,1370.118549416009,2626.897949883042,3,6816.846009356105,3375.8544938762725,3375.8544938762725,3375.8544938762725,1,0,0.4952223490515878
194083_6472-X2866-Y11440_reg.swc,32746.418086515823,1388.8992117346029,247.0,124.0,13.0,1703.7594062476412,0.8221786756454271,1427.380000000001,1352.81,1229.3959251221754,4,30888.627834495444,28520.091472639626,28520.091472639626,14938.930753121698,3,0,0.483638536265388
194083_6690-X3219-Y11189_reg.swc,32652.220402275787,3063.889609997506,163.0,82.0,17.0,8274.493305178794,0.7592104660544239,2085.5336386578765,1660.3946311981545,3124.0305347418207,5,25387.225846136876,5427.153135206847,5427.153135206847,5427.153135206847,1,0,0.21377495785080772
196476_6791-X3395-Y20868_reg.swc,32563.772220486273,2768.0824669758304,229.0,115.0,18.0,6246.070753517402,0.7903255961926193,1502.9241662618315,1033.132358976813,3081.419,6,26608.781626746168,8833.007259238027,8833.007259238027,8833.007259238027,1,0,0.3319583505604561
196476_7159-x4408-y23171_reg.swc,26078.388908267338,2494.0641761429715,153.0,77.0,15.0,5719.801163190363,0.7266965551589468,2025.2506567469045,1502.8194647547955,2204.558305866229,4,22169.143796043405,6142.914587609788,6142.914587609788,6142.914587609788,1,0,0.2770930011607455
196476_7565-x3166-y19635_reg.swc,32362.410398842203,3325.279395902053,225.0,113.0,21.0,7870.644623381137,0.805087190700358,2674.3775988808,2065.380790520852,3321.492,3,18701.187751683257,7626.77900329161,7626.77900329161,7626.77900329161,1,0,0.4078232412059035
196476_7607-X3603-Y20075_reg.swc,44862.75982489686,3182.745749626099,131.0,66.0,11.0,8181.371289685087,0.7121936671940566,3373.477962408806,2385.6812595365295,2947.6350781146093,3,35887.528474668215,26681.130946852016,26681.130946852016,26681.130946852016,1,0,0.7434652672079471
196476_7824-x4173-y21243_reg.swc,36359.676451520485,3251.9632751728614,161.0,81.0,14.0,8445.440697954675,0.729696782733057,3198.162281595344,2727.2072027998897,2544.7488987491206,4,31382.464977528154,15834.122870004165,15834.122870004165,15834.122870004165,1,0,0.5045531917694294
196476_7922-X4174-Y21695_reg.swc,23998.979252026355,3153.152602830544,119.0,60.0,13.0,7110.339614016585,0.7667565194882991,2906.691,1585.5516888696316,2576.9818648493056,3,17454.68677018332,6499.670306794467,6499.670306794467,6499.670306794467,1,0,0.3723739298431537
196476_8116-X4425-Y9934_reg.swc,30420.711244981005,3220.263106929751,201.0,101.0,25.0,6987.398206351788,0.7548867928480687,2965.3275443044204,1440.1384257273762,3086.7632091854375,6,20391.768406128558,6394.935893338523,6394.935893338523,6394.935893338523,1,0,0.313603791783776
196476_8191-X6571-Y6695_reg.swc,34706.72207069059,2916.3778352488057,191.0,96.0,18.0,7300.790442991233,0.7652277171054215,2851.6497223378474,2503.2670000000003,1999.707824010237,9,28112.619059208613,7521.334031307088,7521.334031307088,7213.2673582539055,2,0,0.2565846797504666
196476_8380-x4209-y10481_reg.swc,26869.63548959646,4065.690264549392,143.0,72.0,19.0,8866.99191622011,0.7611153772727544,3067.480999999999,2132.582733491467,3640.391695349381,4,13798.07405928119,8490.933847672202,8490.933847672202,8490.933847672202,1,0,0.6153709431615079
201603_6288-X7138-Y5937_reg.swc,106251.74483168841,5950.114635387524,441.0,221.0,22.0,7748.394379285616,0.8697455690050906,7386.096501929821,4626.4581304096,3211.419,17,101034.49270106999,54227.61670403399,54227.61670403399,18532.77354014657,6,0,0.18343016374595308
211541_5773-X16604-Y16219_reg.swc,110506.7979078547,7625.050714186627,459.0,230.0,27.0,16141.925948966747,0.8754519686933774,7711.353000000001,5233.483425585971,6954.685,25,80519.23370737443,5436.768320217016,5436.768320217016,4585.197643028645,2,0,0.05694537108602296
211541_6633-X16017-Y16343_reg.swc,46034.69485174231,4697.140150574572,153.0,77.0,17.0,9984.904379685284,0.7320718568367635,2958.508999999999,3633.927975747882,4788.067,13,32536.067428444814,1480.569510374868,1480.569510374868,915.3462017768188,2,0,0.028133277132828073
211541_6809-X4199-Y14576_reg.swc,82671.23581262624,5594.659901079778,341.0,171.0,21.0,6948.078949010721,0.8462028900032645,4422.898999999999,5048.117,3293.7664158823018,10,67268.78007620884,52615.091018667,52615.091018667,10101.514680866516,5,0,0.15016646161001437
211541_7083-X17997-Y16517_reg.swc,38938.876391553466,4560.852432518705,261.0,131.0,22.0,10308.70562674111,0.8127237522486633,2998.034026191821,2734.4083487770727,5028.365825400671,6,27090.566620143014,16089.815475733947,16089.815475733947,16089.815475733947,1,0,0.5939268713475513
211541_7198-X4422-Y13840_reg.swc,190496.4144918885,4449.774443036411,515.0,258.0,29.0,6577.881620772886,0.8033758550446592,3405.7729999999992,4242.657216955286,3303.53,11,163802.1010863884,114458.27377163916,114458.27377163916,3040.7500792299634,7,0,0.018563559680020752
211541_7381-X7249-Y16155_reg.swc,48309.75305393676,4022.458956765728,343.0,172.0,28.0,11957.496200773952,0.7875239893847308,3062.8847356990455,3543.7543575926793,3549.9208649788698,9,37199.659692499234,11651.038867978605,11651.038867978605,11651.038867978605,1,0,0.3132028347648531
211541_7397-X6860-Y15587_reg.swc,73717.85187324828,5829.244825850621,237.0,119.0,16.0,8115.334893844288,0.6628428605273263,2349.823021629115,6176.812043846403,1718.8289999999997,4,63014.86904485188,62363.859209920156,61369.32549775634,60099.01008719655,3,1,0.9537274455719345
211541_7408-X19719-Y16313_reg.swc,28334.63390831386,1313.325986909192,187.0,94.0,14.0,1822.248569221514,0.781954161718255,951.292346430133,1518.3630000000003,862.2368468378656,1,29880.79321256329,29880.79321256329,29880.79321256329,29880.79321256329,1,0,1.0
211541_7642-X7572-Y16296_reg.swc,43654.46852181611,4297.43652107649,285.0,143.0,22.0,11783.391762823047,0.8554988382140333,4043.9770000000008,3843.2257444498064,3458.4046807525147,8,29823.27674487843,6185.2085641003405,6185.2085641003405,6185.2085641003405,1,0,0.20739533811161548
211541_7867-X20439-Y14832_reg.swc,100426.09998765924,6018.9703639846175,311.0,156.0,23.0,9275.092171511355,0.7952314459911762,5433.486472981726,6194.22,2077.315193163806,12,83680.1676748485,78802.93285015805,45100.88090099424,15837.539717454232,7,3,0.1892627627013524
211541_8004-X20499-Y15083_reg.swc,41539.4978199542,4214.47276434206,335.0,168.0,24.0,10527.987630356838,0.8408731220802973,3750.8630507550397,4143.8098533510165,3056.961,12,30765.369706049598,7384.388100786348,7384.388100786348,6440.489772653228,3,0,0.20934218682204855
211550_6674-X20158-Y16621_reg.swc,75042.91924736537,5688.009428820742,923.0,462.0,36.0,11302.030008362999,0.872836432566,3703.893704737862,3026.244543905355,5712.846380342029,9,66186.37996481765,8058.6300362211705,8058.6300362211705,6332.733124148164,2,0,0.09568030654515963
211550_6721-X20655-Y16337_reg.swc,81706.3398694323,5683.542368154653,893.0,447.0,27.0,10252.59747215879,0.8748145054333565,3543.486814879294,3629.4670000000006,5525.612006550954,17,72989.53484925955,10530.517126853243,10530.517126853243,6520.189125987852,5,0,0.0893304655174686
211550_6742-X19175-Y17279_reg.swc,66723.40152165474,5949.523181440482,655.0,328.0,33.0,11890.53648739886,0.8334143971387485,3961.627037180868,2859.9810348501596,6257.416211535836,11,54523.89329180462,10777.669915174258,10777.669915174258,9804.268985915129,2,0,0.17981601081646878
211550_7524-X21483-Y15565_reg.swc,40802.41519335966,5146.365880490427,329.0,165.0,25.0,10897.26724760219,0.8250284742958555,2472.262684228617,3754.0501860591867,5087.850000000001,10,27959.71119999977,5984.3388719881505,5984.3388719881505,5643.140351238993,2,0,0.20183113877224312
211550_7555-X20812-Y16162_reg.swc,44652.58256396856,3752.24280389396,591.0,296.0,30.0,9999.280401485888,0.8634783760431427,2198.8535049266575,3353.4399360177135,3608.405794489805,9,37985.31343945879,4792.6182029944175,4792.6182029944175,3661.415387606859,2,0,0.09639029024842571
211550_7718-X19461-Y16950_reg.swc,35498.78643296987,3637.9842847026484,217.0,109.0,23.0,10844.632389931978,0.776025568093236,3358.277000000001,3247.6302603732784,3434.6423071822574,9,23824.94374663676,6473.751624283009,6473.751624283009,6473.751624283009,1,0,0.27172159116626976
211550_7772-X7691-Y18498_reg.swc,42599.12821441985,3860.95710659107,605.0,303.0,34.0,10496.810216688547,0.8296412118976766,2319.651999999999,3267.1776415965082,3551.1661083294357,8,36964.99946682555,13754.584848132765,13754.584848132765,9156.157375790966,2,0,0.2476980253714926
211550_7942-X7116-Y18251_reg.swc,43214.073637622074,3637.9368211308993,351.0,176.0,22.0,11120.727335414673,0.7948456416732983,2582.281,3538.719503255602,3266.2044242259417,10,34644.75971423306,10312.782795981842,10312.782795981842,9775.37940752822,2,0,0.282160404290875
211796_6490-X17276-Y17066_reg.swc,127376.54183261386,6075.484966139898,533.0,267.0,26.0,12439.757746876805,0.8610379063496811,4185.026518800618,3843.0025571401193,6529.52490745706,29,95148.8570270882,13640.939616777152,13640.939616777152,6029.6828717842845,4,0,0.06337104890358984
211796_7238-X7037-Y16980_reg.swc,43211.31505450314,3435.832362828702,407.0,204.0,34.0,10261.644831090767,0.8356680875698324,2270.93491724455,3327.810108270712,3196.4367142370475,8,38154.86196210493,9289.186458856158,9289.186458856158,9289.186458856158,1,0,0.24346009869154017
211796_7334-X21168-Y15440_reg.swc,68620.68349662963,3786.662230994821,917.0,459.0,28.0,10274.367613539924,0.8869647142201014,3505.7569665792807,3585.6601068032905,3719.812778012343,9,61181.69590613358,7880.4819926280525,7880.4819926280525,4030.873312467175,2,0,0.06588364792390582
211796_7385-X18532-Y16902_reg.swc,43998.23266069765,4231.640263643433,571.0,286.0,28.0,12313.379269533207,0.8525342808550239,2546.0956457341545,3281.1508753533976,3743.3257439680247,8,39268.083493552534,4991.917916211284,4991.917916211284,4991.917916211284,1,0,0.12712405271907176
211796_7534-X18739-Y16699_reg.swc,22580.205674636898,4229.897251409586,85.0,43.0,18.0,12414.512306885807,0.812330281434299,3070.227138056968,3380.9216454039047,3961.045718755572,8,13003.145438567493,7484.733905384244,7484.733905384244,7484.733905384244,1,0,0.5756094893151337
220307_6913-X8802-Y21284_reg.swc,176530.11672648735,5774.14095294694,783.0,392.0,29.0,7759.293808118345,0.836312988357012,5139.358,6013.488,4879.799,16,159690.9871158358,47712.157390240594,47712.157390240594,26821.148125014537,5,0,0.1679565554038385
220307_7080-X19635-Y21599_reg.swc,24826.59126007698,2730.7931016708308,241.0,121.0,23.0,5434.773396348622,0.7854290250394187,1593.5477102184932,1622.8278288216125,2979.1938030013316,7,20069.589528315068,9607.338321796793,9607.338321796793,8931.035703119882,2,0,0.4450034062988473
220307_7098-X6694-Y19987_reg.swc,27699.395584773465,2570.7079613526694,401.0,201.0,28.0,5645.714556539138,0.7976335607454449,1523.6745583655593,1405.2153605247827,2986.8340526300854,10,25142.659947123764,9311.417951557562,9311.417951557562,3524.4221061503767,2,0,0.14017697863163275
220307_7116-X8416-Y21177_reg.swc,122249.25132462195,6913.79822686869,447.0,224.0,26.0,11895.892481047304,0.8251952774662785,5955.584332976981,8789.75538933339,4259.22559432396,13,97957.3990504836,36279.39167984195,36279.39167984195,14192.198889906782,6,0,0.14488133645313153
220307_7229-X18109-Y21959_reg.swc,28339.280505221384,2836.3434335576917,351.0,176.0,32.0,7123.703320176663,0.811158470539927,1716.583976376578,1163.2094582748223,3157.228797046371,8,23933.991593926436,5871.097112119679,5871.097112119679,5871.097112119679,1,0,0.24530371747976826
220307_7390-X9129-Y21344_reg.swc,129586.51572164075,5655.665534792346,505.0,253.0,26.0,7733.313339031913,0.8312195072228906,6291.003923053536,8491.187298417022,4481.471,23,98890.86960560727,52721.4901184548,46593.76869319191,20908.707865345623,11,4,0.21143213674561587
220307_7919-X20996-Y20456_reg.swc,27541.91022436523,2658.6312875904964,305.0,153.0,19.0,6528.685745133559,0.758396476794013,2218.716315651459,1775.59701522735,2345.509745036905,6,23594.189350182838,6987.30631210814,6987.30631210814,6987.30631210814,1,0,0.2961452164515241
220307_8198-X20188-Y20372_reg.swc,36796.577704830306,3012.2786839212645,271.0,136.0,18.0,7107.56339966872,0.7632825320961826,2517.719682752213,1832.2419398650493,2435.103315707572,6,31598.237715568805,9431.833275227224,9431.833275227224,9431.833275227224,1,0,0.29849238302869197
220308_6054-X20031-Y16355_reg.swc,33553.4985901633,4061.3864475472424,113.0,57.0,17.0,6894.818562841535,0.7892776728463683,1279.862298238976,1669.013498375632,4357.546297119452,6,29300.443425703488,3075.241566089361,3075.241566089361,3075.241566089361,1,0,0.10495546164300161
220308_6492-X9152-Y16947_reg.swc,30765.244946152612,2770.8730346354737,303.0,152.0,22.0,6697.555512871687,0.6969397785174686,1452.4014245575345,1030.5609522446925,2979.94,8,24428.909219828765,4529.087277742908,4529.087277742908,4236.846665691627,2,0,0.17343576938149208
220308_6541-X9681-Y17291_reg.swc,89457.44933835296,3623.6984006675757,429.0,215.0,17.0,6075.898169492594,0.7402083881750465,4496.117,5151.40513094686,2839.539391195923,14,79621.94423942163,60580.50330140564,60580.50330140564,31794.950406756045,8,0,0.3993239641467338
220308_6638-X10400-Y17315_reg.swc,101021.50077787934,4955.198722250133,487.0,244.0,19.0,8450.073548881397,0.8349279540869315,5823.0707710917495,6373.633380061775,3216.373303577729,18,85212.9053032171,39477.44640200665,39477.44640200665,8842.831465495186,8,0,0.10377338308122838
220308_6660-X23024-Y15563_reg.swc,148533.8102907296,7471.057410496389,543.0,272.0,28.0,9765.810649217292,0.8370480305997878,6525.058520770292,8596.256702719711,4127.443877990573,21,107225.28446164753,32603.772289248354,31513.430197418136,11264.6851388519,7,2,0.10505623925745859
220308_6702-X23195-Y15415_reg.swc,158916.8409031347,7171.051491909506,695.0,348.0,30.0,13842.74347888995,0.8231451694013386,6449.816748118088,7718.31919937336,3928.1319999999996,19,137961.40431045744,35531.54807694072,35531.54807694072,17288.237670447306,6,0,0.12531213172883646
220308_6723-X23664-Y14930_reg.swc,182435.90404021958,8235.045241187883,793.0,397.0,26.0,12083.444468387052,0.8388486663457171,6126.952755409917,9114.313655197968,4367.504,30,148210.68969277773,89083.11422883536,73823.74678349627,9555.261518557578,15,6,0.06447079855281992
220308_6761-X10353-Y16971_reg.swc,85283.96292648332,4483.03059721769,239.0,120.0,15.0,7314.617695463796,0.7937896111446154,5335.914000000001,3234.1298133261416,1930.5280681791871,7,66416.35972979006,52508.50665109658,52508.50665109658,34117.74771996816,4,0,0.513694936891658
220308_7065-X21542-Y16233_reg.swc,99305.81241204725,4183.534751014505,427.0,214.0,17.0,6260.469937505931,0.7595853020325274,5314.580999999999,3541.969678704884,2797.4916218529406,10,98280.28621371428,89521.86522928588,89521.86522928588,72285.64399393978,6,0,0.7355050211875844
220308_7099-X22371-Y15536_reg.swc,30135.91035074732,2634.0238811664058,137.0,69.0,17.0,5827.8814945687955,0.725814850613187,2042.676688421072,2020.1752990666814,2588.7865260295166,9,23984.73351529484,6904.608977456117,6904.608977456117,4734.159761404211,3,0,0.19738221224702296
220308_7209-X6269-Y16507_reg.swc,36682.676136534035,2392.7650593480757,229.0,115.0,20.0,3665.7916171841453,0.8194440773294299,1664.4359999999997,2340.415503461789,1635.0158901682082,5,33058.51617749594,33058.51617749594,33058.51617749594,16603.54289139671,5,0,0.5022470700817271
220308_7210-X22027-Y15603_reg.swc,29927.9795314712,2748.8530953806417,151.0,76.0,15.0,6856.921159363421,0.670006748030461,2072.530009592403,1649.491529943395,2725.732895255419,5,26726.22878327696,7031.565159453362,7031.565159453362,7031.565159453362,1,0,0.2630960475745507
220308_7775-X8240-Y16877_reg.swc,51571.42857378218,2261.1539181636876,275.0,138.0,17.0,3184.986936027335,0.7766983064985813,2150.5729999999994,2970.7406258257733,1644.5969999999998,2,50430.23957557016,50430.23957557016,50430.23957557016,41834.9548060006,2,0,0.8295608975505768
220308_7820-X21073-Y15878_reg.swc,26716.874138107756,3274.9851876045964,151.0,76.0,13.0,7074.32027262835,0.727329373054996,3069.492,1783.4926436516487,2682.2189397060556,4,22581.697857058607,11221.634356103878,11221.634356103878,11221.634356103878,1,0,0.4969349261130163
220308_7875-X22200-Y14877_reg.swc,33178.91824153131,3171.6164632565115,211.0,106.0,19.0,8155.817190379399,0.6478281218651626,3171.0174335710108,2107.4410762385332,1990.5884176917164,8,30042.455820059055,6394.506003286495,6394.506003286495,5901.233794341232,3,0,0.19642980686023132
220308_8021-X22273-Y14515_reg.swc,31666.750301651806,3036.1584202697163,265.0,133.0,21.0,7659.180596238811,0.760753813314263,3193.355925070897,2292.816301744536,2159.865693699051,8,27023.993777943284,7809.472094306357,7809.472094306357,7576.477478867124,2,0,0.28036113170848087
220309_6744-X9496-Y18547_reg.swc,65632.78970148238,2792.6897753552944,325.0,163.0,26.0,3805.732054311851,0.8354208674176751,3900.4480000000012,3234.1647047139936,2677.054,10,61167.34535320322,46138.93059006661,46138.93059006661,20794.483524979936,4,0,0.3399605362126602
220315_6442-X7542-Y17434_reg.swc,66185.53396327842,4087.8533809848172,291.0,146.0,16.0,6413.3413724335005,0.8381661138106515,3853.535999999999,4790.463,3284.0578249750984,8,53969.44700615962,20251.614702837338,20251.614702837338,16895.727389930435,4,0,0.31306096925547705
