,predicted_met_type,probability,ccf_soma_location,ccf_soma_location_nolayer,ccf_soma_x,ccf_soma_y,ccf_soma_z,distance_soma_moved_out_of_brain_correction,cre_line,azimuth,altitude,auto_projection_subclass,dend_derived_predicted_subclass,dend_derived_predicted_probability,local_axon_derived_subclass,met_classifier_routing_call
182709_6984-X2452-Y12423_reg.swc,L5 ET-2,0.988,VISpm5,VISpm,8899.823,643.262,4324.473,37.416573867739416,Ai82;Ai139_375886-182709,35.21215736632139,3.519492888056115,ET,ET,0.7602194621555048,None,ET
182709_7126-X2913-Y10535_reg.swc,L5 ET-3,0.918,VISp5,VISp,9117.453,1064.075,3550.508,24.494897427831784,Ai82;Ai139_375886-182709,48.44734378948347,-0.2969909730744172,ET,ET,0.9494300442907748,None,ET
182724_5937-X3804-Y11955_reg.swc,L5 ET-2,0.724,VISa5,VISa,7168.2890000000025,953.689,3959.651,42.42640687119285,Fezf2-CreER;Ai166_405426-182724,41.86146904065375,1.6700203698682907,ET,ET,0.9281201015843208,None,ET
182724_6175-X3782-Y10859_reg.swc,L5 ET-3,0.966,VISa5,VISa,7512.552,927.64,3519.999000000001,44.7213595499958,Fezf2-CreER;Ai166_405426-182724,44.4597287001566,-10.684374654322502,ET,ET,0.9761682614362464,None,ET
182724_6354-X4834-Y8105_reg.swc,L5 ET-3,0.626,VISrl5,VISrl,7890.754,1516.527,2363.827,72.80109889280519,Fezf2-CreER;Ai166_405426-182724,17.478222284479752,5.409056837487051,ET,ET,1.0,None,ET
182724_6360-X3448-Y12540_reg.swc,L5 ET-3,0.994,VISam5,VISam,7660.996,750.794,4297.691,50.99019513592785,Fezf2-CreER;Ai166_405426-182724,41.44791884630183,-0.7409971451837846,ET,ET,1.0,None,ET
182724_6361-X3802-Y10603_reg.swc,L5 ET-3,0.964,VISa5,VISa,7749.151999999999,956.36,3444.288,54.77225575051661,Fezf2-CreER;Ai166_405426-182724,36.643828090200216,-17.59543743861344,ET,ET,0.9953448275862068,None,ET
182724_6391-X3524-Y11978_reg.swc,L5 ET-3,0.982,VISam5,VISam,7721.300999999998,811.548,4052.603,41.23105625617661,Fezf2-CreER;Ai166_405426-182724,42.44680686265422,3.90849510203616,ET,ET,1.0,None,ET
182724_6396-X3762-Y10790_reg.swc,L5 ET-2,0.59,VISam5,VISam,7783.460999999997,946.608,3533.884,53.851648071345046,Fezf2-CreER;Ai166_405426-182724,37.6092493961966,-15.348191992247678,ET,ET,1.0,None,ET
182724_6450-X3505-Y11792_reg.swc,L5 ET-3,0.98,VISam5,VISam,7809.119000000002,805.472,3986.337,31.622776601683803,Fezf2-CreER;Ai166_405426-182724,37.766669882862296,3.768171820305143,ET,ET,1.0,None,ET
182724_6457-X3810-Y19182_reg.swc,L5 ET-3,0.922,VISam5,VISam,7516.665,865.834,7173.605,0.0,Fezf2-CreER;Ai166_405426-182724,46.68926405650058,0.7537210456837548,ET,ET,0.9913595877338084,None,ET
182724_6644-X4183-Y20666_reg.swc,L5 ET-3,0.944,VISa5,VISa,7678.901,1022.238,7826.035,0.0,Fezf2-CreER;Ai166_405426-182724,42.146984610732005,-13.530367224101912,ET,ET,1.0,None,ET
182724_6690-X3748-Y10610_reg.swc,L5 ET-3,0.882,VISp5,VISp,8148.379,953.538,3507.787000000001,63.24555320336759,Fezf2-CreER;Ai166_405426-182724,32.66359825847961,-14.793074019590176,ET,ET,0.9998828887443072,None,ET
182724_7371-X5043-Y7827_reg.swc,L5 ET-3,0.996,VISp5,VISp,9129.992,1673.0929999999994,2399.425,61.64414002968977,Fezf2-CreER;Ai166_405426-182724,7.662582891252208,15.8401221202544,ET,ET,0.9811095334685598,None,ET
182724_7600-X5645-Y23085_reg.swc,L5 ET-3,0.956,VISl5,VISl,8892.898000000001,1771.3529999999994,8993.98,0.0,Fezf2-CreER;Ai166_405426-182724,7.5984303864864495,12.210853441194653,ET,ET,0.99,None,ET
182724_8055-X5917-Y23103_reg.swc,L5 ET-3,0.604,VISl5,VISl,9493.86,1954.984,9050.566,0.0,Fezf2-CreER;Ai166_405426-182724,18.202983863704286,19.305018733008733,ET,ET,0.9931210191082804,None,ET
182724_8100-X5413-Y22190_reg.swc,L5 ET-2,0.93,VISp5,VISp,9598.448,1691.075,8632.11,0.0,Fezf2-CreER;Ai166_405426-182724,29.34769761483989,22.4957733404751,ET,ET,0.9813187302901812,None,ET
182724_8150-X4450-Y19864_reg.swc,L5 ET-2,1.0,VISp5,VISp,9749.017,1190.386,7604.286999999997,0.0,Fezf2-CreER;Ai166_405426-182724,56.73946864021691,6.252818191317858,ET,ET,0.978691850173476,None,ET
182725_7341-X4593-Y22594_reg.swc,L5 ET-3,1.0,VISl5,VISl,8675.77,1906.322,9403.998,17.320508075688775,Fezf2-CreER;Ai166_405429-182725,25.892627659654,-2.276961744355721,ET,ET,1.0,None,ET
182725_7649-X3440-Y17884_reg.swc,L5 ET-3,0.712,VISp4,VISp,9343.496,867.847,7569.286,28.284271247461906,Fezf2-CreER;Ai166_405429-182725,68.9618766661624,-1.357384115545152,ET,ET,0.7607344848981475,None,ET
182725_7657-X3644-Y17105_reg.swc,L5 ET-2,1.0,VISp5,VISp,9408.151,887.789,7201.7890000000025,24.494897427831784,Fezf2-CreER;Ai166_405429-182725,59.02258583055422,-0.3302974307117645,ET,ET,0.862604734791729,None,ET
182725_7677-X7858-Y6794_reg.swc,L5 ET-3,1.0,VISpl5,VISpl,9984.318,2024.008,2583.876,31.622776601683803,Fezf2-CreER;Ai166_405429-182725,33.33172783977588,10.895287121674212,ET,ET,0.97,None,ET
18469_5853-X6133-Y22657_reg.swc,L5 ET-3,0.992,VISam5,VISam,7731.849,805.8860000000003,4138.983,0.0,Fezf2-CreER;Ai166_378667-18469,42.32884497971587,2.956132016360814,ET,ET,0.9960147601476016,None,ET
18469_5924-X6028-Y22963_reg.swc,L5 ET-3,0.874,VISam5,VISam,7811.316,774.5189999999999,4232.97,0.0,Fezf2-CreER;Ai166_378667-18469,37.01167771732051,1.179417492071488,ET,ET,0.9499354942180308,None,ET
18469_6185-X6027-Y36689_reg.swc,L5 ET-2,0.526,VISp5,VISp,8141.611,1041.388,7878.024,14.142135623730953,Fezf2-CreER;Ai166_378667-18469,32.25746287360669,-14.866905579416954,ET,ET,1.0,None,ET
18469_6590-X7059-Y41111_reg.swc,L5 ET-2,0.984,VISp5,VISp,8631.791,1582.65,8965.651,0.0,Fezf2-CreER;Ai166_378667-18469,3.3580124946702,6.685524146522273,ET,ET,0.99,None,ET
18469_6673-X5500-Y35752_reg.swc,L5 ET-3,1.0,VISp5,VISp,8842.443000000001,920.705,7583.802,0.0,Fezf2-CreER;Ai166_378667-18469,57.30127528232385,-6.739986404365383,ET,ET,0.9982119205298012,None,ET
18469_6680-X6305-Y38542_reg.swc,L5 ET-2,0.662,VISp5,VISp,8871.155999999999,1285.307,8296.349,0.0,Fezf2-CreER;Ai166_378667-18469,19.757010902739264,4.277391118793543,ET,ET,1.0,None,ET
18469_6767-X5786-Y37391_reg.swc,L5 ET-3,0.882,VISp5,VISp,8952.525,1088.1760000000004,8001.378000000002,0.0,Fezf2-CreER;Ai166_378667-18469,36.59197129156596,-0.5937128889483744,ET,ET,0.9860487804878048,None,ET
18469_6822-X8235-Y15661_reg.swc,L5 ET-2,0.988,VISl5,VISl,8923.268,1797.8010000000006,2253.073,43.588989435406745,Fezf2-CreER;Ai166_378667-18469,15.16931481124912,11.890005119253564,ET,ET,0.99,None,ET
18469_6907-X5348-Y34515_reg.swc,L5 ET-3,0.974,VISp5,VISp,9231.351,883.294,7219.118,30.0,Fezf2-CreER;Ai166_378667-18469,58.02045306968225,-1.1794399868839285,ET,ET,0.9927394957983192,None,ET
18469_6933-X5678-Y23165_reg.swc,L5 ET-2,0.812,VISpm5,VISpm,9211.031,830.3530000000003,4252.218,14.142135623730953,Fezf2-CreER;Ai166_378667-18469,53.62291051098569,-0.1872243480763496,ET,ET,0.8794703497429347,None,ET
18469_7024-X5427-Y35160_reg.swc,L5 ET-3,1.0,VISp5,VISp,9379.125,954.592,7374.316,17.320508075688775,Fezf2-CreER;Ai166_378667-18469,69.73214350733629,-0.6231796402771684,ET,ET,0.947543692777658,None,ET
18469_7048-X7499-Y17640_reg.swc,L5 ET-2,0.784,VISp5,VISp,9243.276,1576.5929999999994,2736.873,41.23105625617661,Fezf2-CreER;Ai166_378667-18469,15.769725061277946,15.767891649361824,ET,ET,0.8843005973112611,None,ET
18469_7279-X7753-Y17170_reg.swc,L5 ET-3,1.0,VISp5,VISp,9483.323,1697.565,2585.87,37.416573867739416,Fezf2-CreER;Ai166_378667-18469,18.577156874167063,20.76251834214305,ET,ET,0.99,None,ET
18868_6019-X9541-Y5296_reg.swc,L5 ET-2,0.822,VISrl5,VISrl,7534.859,1416.573,8545.344000000001,0.0,Pvalb-T2A-CreERT2;Ai166_396476-18868,26.77118379137946,-4.740443671983785,ET,ET,0.9116122513480168,None,ET
18868_6405-X11428-Y4397_reg.swc,L5 ET-2,0.51,VISp5,VISp,8050.621999999998,1086.387,7951.010999999998,0.0,Pvalb-T2A-CreERT2;Ai166_396476-18868,27.40776464929936,-16.652183754374132,ET,ET,0.9583513780010038,None,ET
191807_6402-X3434-Y19231_reg.swc,L5 ET-2,0.748,VISam5,VISam,7647.071,946.594,7541.79,31.622776601683803,Fezf2-CreER;Ai166_439168-191807,45.699542343856685,-0.960139623160378,ET,ET,0.9860487804878048,None,ET
191807_6423-X3900-Y9358_reg.swc,L5 ET-3,0.594,VISa5,VISa,7626.147,1103.735,3220.759,0.0,Fezf2-CreER;Ai166_439168-191807,28.35974687163593,-15.579799362590812,ET,ET,0.9829525591950596,None,ET
191807_6489-X5135-Y23408_reg.swc,L5 ET-3,0.984,VISal5,VISal,8021.104,1844.962,9377.861,42.42640687119285,Fezf2-CreER;Ai166_439168-191807,41.60042663692058,5.808814000393345,ET,ET,1.0,None,ET
191807_6504-X3953-Y21204_reg.swc,L5 ET-2,0.812,VISp5,VISp,7869.834,1189.6660000000004,8393.071,37.416573867739416,Fezf2-CreER;Ai166_439168-191807,10.553849126406217,-12.30342434359058,ET,ET,1.0,None,ET
191807_6625-X5034-Y23319_reg.swc,L5 ET-3,0.882,VISal5,VISal,8197.701,1743.243,9347.817,50.0,Fezf2-CreER;Ai166_439168-191807,37.544962715759134,4.7926798228508405,ET,ET,0.992230215827338,None,ET
191807_6718-X5217-Y7243_reg.swc,L5 ET-3,0.996,VISal5,VISal,8245.502,1661.016,2240.229,0.0,Fezf2-CreER;Ai166_439168-191807,22.513029895035068,6.57631144372789,ET,ET,0.99,None,ET
191807_6735-X4456-Y21792_reg.swc,L5 ET-3,0.528,VISp5,VISp,8242.3,1397.7679999999998,8636.636,37.416573867739416,Fezf2-CreER;Ai166_439168-191807,0.4131959917861078,-1.9999497606335588,ET,ET,0.9520086727198276,None,ET
191807_6796-X5727-Y6613_reg.swc,L5 ET-3,0.982,VISal5,VISal,8353.01,1908.68,1935.624,0.0,Fezf2-CreER;Ai166_439168-191807,36.85073122384082,-4.462875062469015,ET,ET,1.0,None,ET
191807_6822-X4235-Y21316_reg.swc,L5 ET-2,0.988,VISp5,VISp,8314.855,1241.996,8425.091999999999,33.166247903554,Fezf2-CreER;Ai166_439168-191807,4.9024204901618855,-3.968588408976022,ET,ET,0.9486982223506658,None,ET
191807_6909-X3717-Y18949_reg.swc,L5 ET-2,0.628,VISpm5,VISpm,8318.051,859.788,7396.717,14.142135623730953,Fezf2-CreER;Ai166_439168-191807,38.56662825935686,1.83098972808081,ET,ET,0.984757281553398,None,ET
191807_6912-X3878-Y19387_reg.swc,L5 ET-2,0.944,VISpm5,VISpm,8337.775,971.701,7576.901999999999,37.416573867739416,Fezf2-CreER;Ai166_439168-191807,45.42765808453242,-7.1022523640275805,ET,ET,0.9698942627765812,None,ET
191807_6927-X3598-Y18516_reg.swc,L5 ET-3,0.984,VISpm5,VISpm,8305.409,762.5,7215.746,20.0,Fezf2-CreER;Ai166_439168-191807,30.226062532617785,4.711968569264444,ET,ET,1.0,None,ET
191807_7017-X4048-Y11120_reg.swc,L5 ET-2,0.75,VISpm5,VISpm,8368.709,904.722,3964.364,0.0,Fezf2-CreER;Ai166_439168-191807,42.73542850662255,-0.1635326219233396,ET,ET,0.9623747891578068,None,ET
191807_7110-X4076-Y20205_reg.swc,L5 ET-3,0.602,VISp5,VISp,8611.911,1026.0,7923.163,33.166247903554,Fezf2-CreER;Ai166_439168-191807,34.82389162533954,-6.79432150283048,ET,ET,0.97,None,ET
191807_7249-X4135-Y19813_reg.swc,L5 ET-2,0.996,VISp5,VISp,8786.264000000001,992.662,7745.819,31.622776601683803,Fezf2-CreER;Ai166_439168-191807,47.077458954200615,-6.721439552921004,ET,ET,1.0,None,ET
191807_7281-X4351-Y20216_reg.swc,L5 ET-2,0.962,VISp5,VISp,8877.982,1114.516,7916.975,24.494897427831784,Fezf2-CreER;Ai166_439168-191807,38.55174570795894,-2.466843096833012,ET,ET,0.97,None,ET
191807_7289-X4771-Y9549_reg.swc,L5 ET-2,0.602,VISp5,VISp,8833.469000000001,1247.036,3270.215,0.0,Fezf2-CreER;Ai166_439168-191807,26.28085984824043,1.1288448869146577,ET,ET,0.9917081203618554,None,ET
191807_7326-X5555-Y22776_reg.swc,L5 ET-3,0.956,VISl5,VISl,9140.636,1778.7,9068.912,24.494897427831784,Fezf2-CreER;Ai166_439168-191807,12.055695257846464,16.847590456551462,ET,ET,1.0,None,ET
191807_7405-X4847-Y21105_reg.swc,L5 ET-3,0.894,VISp5,VISp,9115.779,1353.2679999999998,8306.62,17.320508075688775,Fezf2-CreER;Ai166_439168-191807,25.953810720908017,8.276240321768032,ET,ET,0.9886015831134564,None,ET
191807_7439-X5230-Y8737_reg.swc,L5 ET-2,0.56,VISp5,VISp,9085.798,1411.9070000000006,2904.1740000000004,0.0,Fezf2-CreER;Ai166_439168-191807,17.228287293831745,10.42703968958494,ET,ET,0.9969662921348316,None,ET
191807_7500-X4057-Y19214_reg.swc,L5 ET-3,0.922,VISp4,VISp,9091.705,811.309,7478.925,36.05551275463989,Fezf2-CreER;Ai166_439168-191807,62.69522956121869,-4.393648689979326,ET,ET,0.99,None,ET
191807_7529-X5296-Y9002_reg.swc,L5 ET-3,0.64,VISp5,VISp,9212.304,1406.92,3033.8,0.0,Fezf2-CreER;Ai166_439168-191807,26.26531957484613,10.989525222111746,ET,ET,0.9896510370518232,None,ET
191807_7712-X5701-Y8560_reg.swc,L5 ET-2,0.654,VISp5,VISp,9421.983,1563.5839999999994,2782.073,0.0,Fezf2-CreER;Ai166_439168-191807,23.56644818900978,18.46016332527673,ET,ET,1.0,None,ET
191807_7779-X4433-Y18625_reg.swc,L5 ET-3,0.92,VISp4,VISp,9503.385,864.301,7181.676,41.23105625617661,Fezf2-CreER;Ai166_439168-191807,59.59713530875016,-0.4781872590787357,ET,ET,0.9687507372565184,None,ET
191807_7802-X7356-Y7036_reg.swc,L5 ET-3,1.0,VISpor5,VISpor,9685.003,2391.11,2042.601,17.320508075688775,Fezf2-CreER;Ai166_439168-191807,30.94303031954354,10.990352322169466,ET,ET,1.0,None,ET
191807_7954-X5660-Y20932_reg.swc,L5 ET-3,0.578,VISp5,VISp,9895.399,1565.543,8206.189,22.36067977499789,Fezf2-CreER;Ai166_439168-191807,46.27206986720974,14.069596635079556,ET,ET,0.9626908310423072,None,ET
191807_7964-X7019-Y7647_reg.swc,L5 ET-3,0.908,VISpl5,VISpl,9810.02,2146.909,2298.535,17.320508075688775,Fezf2-CreER;Ai166_439168-191807,26.13771755335257,10.561658624722062,ET,ET,0.8390037098377686,None,ET
191807_7971-X7500-Y7211_reg.swc,L5 ET-3,1.0,VISpl5,VISpl,9851.293,2396.399,2099.718,22.36067977499789,Fezf2-CreER;Ai166_439168-191807,33.82334622611667,3.928657780972188,ET,ET,0.9718490566037736,None,ET
191807_7985-X5473-Y10063_reg.swc,L5 ET-2,0.946,VISp5,VISp,9722.543,1288.5410000000004,3473.915,10.0,Fezf2-CreER;Ai166_439168-191807,57.40077321545597,12.16328570002496,ET,ET,0.8027080090953277,None,ET
194069_6614-X3338-Y19996_reg.swc,L5 ET-2,0.916,VISam5,VISam,7792.996999999998,1013.929,7732.183000000001,0.0,Fezf2-CreER;Ai166_455391-194069,37.8494862641731,-11.81650334532655,ET,ET,0.9569662921348316,None,ET
194069_6771-X4023-Y23667_reg.swc,L5 ET-3,0.722,VISal5,VISal,7992.894,1786.669,9253.204,0.0,Fezf2-CreER;Ai166_455391-194069,34.874008919837806,8.056723159126461,ET,ET,0.9847645839676044,None,ET
194069_7189-X5459-Y8724_reg.swc,L5 ET-2,0.944,VISp5,VISp,8831.455,1436.132,2803.568,17.320508075688775,Fezf2-CreER;Ai166_455391-194069,6.411579806946311,7.68835096308188,ET,ET,1.0,None,ET
194069_7216-X3715-Y22464_reg.swc,L5 ET-2,0.88,VISp6a,VISp,8538.248,1637.9589999999994,8752.509,0.0,Fezf2-CreER;Ai166_455391-194069,-0.1979159748631394,5.102745714263801,ET,ET,0.6623726961072094,None,ET
194069_7313-X3495-Y20668_reg.swc,L5 ET-2,0.896,VISp6a,VISp,8629.485999999999,1340.335,8021.846,0.0,Fezf2-CreER;Ai166_455391-194069,24.834955697861712,-2.171596903577428,ET,ET,0.8021350226887138,None,ET
194069_7382-X3692-Y22255_reg.swc,L5 ET-2,0.538,VISp5,VISp,8738.645,1616.034,8672.565999999999,0.0,Fezf2-CreER;Ai166_455391-194069,1.2418757695232023,7.973017755141805,ET,ET,0.9096600337373484,None,ET
194069_7408-X5410-Y9170_reg.swc,L5 ET-2,0.87,VISp5,VISp,9080.715,1433.095,3008.959000000001,24.494897427831784,Fezf2-CreER;Ai166_455391-194069,21.15049568892024,9.266324367757472,ET,ET,0.9791965079621696,None,ET
194069_7541-X6312-Y7823_reg.swc,L5 ET-2,0.658,VISp5,VISp,9303.768,1842.224,2370.397,17.320508075688775,Fezf2-CreER;Ai166_455391-194069,13.693925117296155,19.41642298145313,ET,ET,1.0,None,ET
194069_7724-X4289-Y23661_reg.swc,L5 ET-3,0.722,VISl5,VISl,9151.624,2060.447,9253.272,0.0,Fezf2-CreER;Ai166_455391-194069,31.88167982358848,15.46028033344488,ET,ET,1.0,None,ET
194069_7890-X3746-Y21746_reg.swc,L5 ET-2,0.806,VISp5,VISp,9373.279,1557.115,8482.771,0.0,Fezf2-CreER;Ai166_455391-194069,27.094948920379817,16.825625687448003,ET,ET,1.0,None,ET
194069_7949-X5085-Y10196_reg.swc,L5 ET-3,0.976,VISp5,VISp,9771.997,1254.909,3525.114,22.36067977499789,Fezf2-CreER;Ai166_455391-194069,57.50140837325124,11.333542827120407,ET,ET,1.0,None,ET
194069_8027-X4187-Y22761_reg.swc,L5 ET-3,0.518,VISp5,VISp,9512.728,1901.629,8899.271,0.0,Fezf2-CreER;Ai166_455391-194069,17.876568149670007,21.59115183388131,ET,ET,0.9735147058823528,None,ET
194069_8063-X5880-Y9133_reg.swc,L5 ET-2,1.0,VISp5,VISp,9933.971,1668.795,3011.436,14.142135623730953,Fezf2-CreER;Ai166_455391-194069,42.191241689601625,15.782336166827683,ET,ET,0.8817822074298713,None,ET
194069_8220-X4330-Y22689_reg.swc,L5 ET-3,0.98,VISp5,VISp,9733.056,1967.745,8873.22,0.0,Fezf2-CreER;Ai166_455391-194069,24.924338138492868,18.863086697433104,ET,ET,1.0,None,ET
194069_8231-X4410-Y22897_reg.swc,L5 ET-3,0.59,VISp5,VISp,9739.928,2029.189,8961.738000000001,0.0,Fezf2-CreER;Ai166_455391-194069,23.757871928694826,16.00568970231814,ET,ET,0.99,None,ET
211541_5773-X16604-Y16219_reg.swc,L5 ET-2,0.884,VISa5,VISa,6932.9230000000025,1014.952,7246.842,0.0,Gpr139-IRES2-FlpO-WPRE_577267-211541 AiP1046+C-GFP RO),36.99778055599932,0.7203408916422831,ET,ET,0.7049985189648847,None,ET
211541_7083-X17997-Y16517_reg.swc,L5 ET-2,0.554,VISp5,VISp,8761.082,1203.302,7987.213000000002,0.0,Gpr139-IRES2-FlpO-WPRE_577267-211541 AiP1046+C-GFP RO),31.427762517767363,-2.085672139197479,ET,ET,1.0,None,ET
211541_7381-X7249-Y16155_reg.swc,L5 ET-2,0.554,VISp5,VISp,9560.656,1468.289,3024.23,0.0,Gpr139-IRES2-FlpO-WPRE_577267-211541 AiP1046+C-GFP RO),38.7014617201654,17.993092106582527,ET,ET,0.99,None,ET
211541_8004-X20499-Y15083_reg.swc,L5 ET-3,0.784,VISpl5,VISpl,9760.966,2192.188,9073.241,0.0,Gpr139-IRES2-FlpO-WPRE_577267-211541 AiP1046+C-GFP RO),30.086052741418595,10.616902254748604,ET,ET,0.9401851641485856,None,ET
211550_6674-X20158-Y16621_reg.swc,L5 ET-2,0.674,VISp5,VISp,8061.52,1352.11,8452.704,0.0,Chrna6-IRES2-FlpO-WPRE-neo_581039-211550 (F-GFP stereotaxic injection),3.067914447512245,-7.657337115044537,ET,ET,0.9640908446528884,None,ET
211550_6721-X20655-Y16337_reg.swc,L5 ET-2,0.628,VISp5,VISp,8141.211999999998,1449.0839999999994,8680.714,0.0,Chrna6-IRES2-FlpO-WPRE-neo_581039-211550 (F-GFP stereotaxic injection),3.053911558262191,-2.2373760639775018,ET,ET,0.9266467521381264,None,ET
182709_6204-X2976-Y9977_reg.swc,L5 ET-1 Chrna6,0.646,VISp5,VISp,7968.953,1039.191,3232.77,22.36067977499789,Ai82;Ai139_375886-182709,18.0788609919456,-16.85111626347676,ET,CT,0.3375139302161695,ET,ET
182709_7144-X3121-Y9346_reg.swc,L5 ET-1 Chrna6,0.872,VISp4,VISp,9179.982,1259.032,3034.112,24.494897427831784,Ai82;Ai139_375886-182709,25.976650998592973,8.773711189199673,ET,ET,0.9287228624416896,None,ET
182709_7463-X3586-Y20695_reg.swc,L5 ET-1 Chrna6,0.79,VISp5,VISp,9333.772,1015.418,7785.019,0.0,Ai82;Ai139_375886-182709,59.43525313511404,2.52454660218504,ET,ET,0.9483529472676204,None,ET
182709_7886-X5075-Y22541_2_reg.swc,L5 ET-1 Chrna6,0.518,VISp5,VISp,9843.388,1753.256,8668.146999999999,0.0,Ai82;Ai139_375886-182709,34.76794960814162,21.540950647327904,ET,ET,0.729733125150721,None,ET
182709_7918-X5201-Y22656_reg.swc,L5 ET-1 Chrna6,0.856,VISp5,VISp,9868.08,1820.972,8721.293,0.0,Ai82;Ai139_375886-182709,34.80946360515345,19.11896494606631,ET,ET,0.5103734692632955,None,ET
182724_6305-X3647-Y18869_reg.swc,L5 ET-1 Chrna6,0.994,VISam5,VISam,7333.945,769.852,7024.3269999999975,0.0,Fezf2-CreER;Ai166_405426-182724,41.11364748977086,-1.3148888515370794,ET,ET,0.8600425520340979,None,ET
182724_6704-X3301-Y12214_reg.swc,L5 ET-1 Chrna6,1.0,VISpm5,VISpm,8100.335999999997,671.148,4212.901,50.0,Fezf2-CreER;Ai166_405426-182724,28.24703289045007,3.968720662559233,ET,IT-NP-6b,0.6612160540140407,ET,ET
182724_7822-X5447-Y22786_reg.swc,L5 ET-1 Chrna6,0.96,VISp5,VISp,9194.703,1674.562,8876.23,0.0,Fezf2-CreER;Ai166_405426-182724,8.58809495068982,16.407005691223382,ET,ET,0.98,None,ET
182724_7871-X4578-Y21040_reg.swc,L5 ET-1 Chrna6,0.51,VISp5,VISp,9326.061,1243.258,8085.741,0.0,Fezf2-CreER;Ai166_405426-182724,44.17791557573843,7.525115693328932,ET,ET,0.974300791556728,None,ET
182724_8155-X4575-Y20238_reg.swc,L5 ET-1 Chrna6,0.502,VISp5,VISp,9751.809,1261.223,7771.476,0.0,Fezf2-CreER;Ai166_405426-182724,57.27652958028361,8.620559033453752,ET,ET,0.7501788451595804,None,ET
182724_8159-X4833-Y21213_reg.swc,L5 ET-1 Chrna6,0.628,VISp5,VISp,9710.51,1386.967,8196.594000000001,0.0,Fezf2-CreER;Ai166_405426-182724,50.13835324496693,15.747809146648178,ET,ET,0.9409456410236549,None,ET
182724_8257-X5319-Y21978_reg.swc,L5 ET-1 Chrna6,0.558,VISp4,VISp,9821.415,1652.195,8564.056999999999,0.0,Fezf2-CreER;Ai166_405426-182724,38.20114692767075,22.39119437929924,CT,ET,0.8787542090557379,ET,ET
182724_8281-X5491-Y21925_reg.swc,L5 ET-1 Chrna6,0.646,VISp5,VISp,9849.867,1745.94,8534.561,0.0,Fezf2-CreER;Ai166_405426-182724,39.6521534791858,17.771904550817954,ET,ET,0.9740467957173484,None,ET
182725_6819-X6109-Y7853_reg.swc,L5 ET-1 Chrna6,0.772,VISp5,VISp,8770.038,1184.726,3112.7340000000013,45.8257569495584,Fezf2-CreER;Ai166_405429-182725,18.96810835670926,1.9038186437360964,ET,ET,0.968650119350874,None,ET
182725_7482-X7429-Y6760_reg.swc,L5 ET-1 Chrna6,0.506,VISp4,VISp,9718.594,1789.149,2598.237,34.64101615137755,Fezf2-CreER;Ai166_405429-182725,26.54331435781567,22.720473821324934,ET,ET,0.9147381406310506,None,ET
182725_7714-X7032-Y7882_reg.swc,L5 ET-1 Chrna6,0.904,VISp5,VISp,10022.002,1703.114,3141.146,14.142135623730953,Fezf2-CreER;Ai166_405429-182725,44.17480322199193,13.138546700034386,ET,ET,0.950844380101442,None,ET
182725_7762-X3772-Y19585_reg.swc,L5 ET-1 Chrna6,1.0,VISp4,VISp,9385.934,1229.662,8260.793,17.320508075688775,Fezf2-CreER;Ai166_405429-182725,37.608995901197325,10.013778642868663,ET,ET,0.8571866151022546,None,ET
182725_7988-X4540-Y20706_reg.swc,L5 ET-1 Chrna6,0.922,VISp5,VISp,9719.628,1773.6129999999994,8685.069,0.0,Fezf2-CreER;Ai166_405429-182725,31.200597664855103,21.32274503851949,ET,ET,0.99,None,ET
182725_8028-X4256-Y19926_reg.swc,L5 ET-1 Chrna6,0.822,VISp5,VISp,9827.001,1544.628,8380.033000000001,14.142135623730953,Fezf2-CreER;Ai166_405429-182725,44.64112913413638,20.605297842077803,ET,ET,0.995764705882353,None,ET
18469_5755-X6174-Y22049_reg.swc,L5 ET-1 Chrna6,0.902,VISam5,VISam,7536.602,794.378,3979.452,10.0,Fezf2-CreER;Ai166_378667-18469,48.60817920414896,2.905584836919682,ET,ET,1.0,None,ET
18469_6572-X5325-Y34608_reg.swc,L5 ET-1 Chrna6,0.722,VISpm5,VISpm,8701.193000000001,775.079,7278.116999999997,0.0,Fezf2-CreER;Ai166_378667-18469,41.78811783452202,2.0051847491360646,ET,ET,0.9257734388633264,None,ET
18469_7066-X6108-Y38587_reg.swc,L5 ET-1 Chrna6,0.97,VISp5,VISp,9346.634,1301.91,8275.528,30.0,Fezf2-CreER;Ai166_378667-18469,34.98900758453093,10.74120238986055,ET,ET,0.99,None,ET
18469_7376-X7022-Y19051_reg.swc,L5 ET-1 Chrna6,0.86,VISp5,VISp,9804.07,1505.899,3071.17,28.284271247461906,Fezf2-CreER;Ai166_378667-18469,46.05623938282539,19.37880543976745,ET,ET,0.98,None,ET
191807_6488-X3597-Y11254_reg.swc,L5 ET-1 Chrna6,0.926,VISam5,VISam,7660.946,830.586,4046.572,0.0,Fezf2-CreER;Ai166_439168-191807,45.24999698274818,3.7105007682272375,ET,ET,0.6279138572858833,None,ET
191807_6556-X3678-Y10670_reg.swc,L5 ET-1 Chrna6,0.95,VISam5,VISam,7747.642,895.942,3793.208,0.0,Fezf2-CreER;Ai166_439168-191807,40.052224092527766,-3.771490565347972,ET,ET,0.99,None,ET
191807_7423-X4013-Y19283_reg.swc,L5 ET-1 Chrna6,0.934,VISp4,VISp,8990.442,822.8810000000003,7514.439,36.05551275463989,Fezf2-CreER;Ai166_439168-191807,60.66801411263283,-5.286776820809011,ET,ET,0.9864473684210526,None,ET
191807_7425-X7635-Y24763_reg.swc,L5 ET-1 Chrna6,0.99,VISpor5,VISpor,9461.432,2879.951,9930.79,34.64101615137755,Fezf2-CreER;Ai166_439168-191807,29.456372858041814,-1.1489144803490872,ET,ET,0.928168936385886,None,ET
191807_7446-X4048-Y18753_reg.swc,L5 ET-1 Chrna6,0.676,VISpm5,VISpm,9014.616,791.0319999999997,7275.986999999999,37.416573867739416,Fezf2-CreER;Ai166_439168-191807,50.41895379535033,-0.6968702549798645,ET,ET,0.947612694537766,None,ET
191807_7574-X4648-Y20365_reg.swc,L5 ET-1 Chrna6,0.85,VISp5,VISp,9274.124,1157.2089999999996,7969.522,14.142135623730953,Fezf2-CreER;Ai166_439168-191807,48.05823046881567,4.320064288249295,ET,ET,1.0,None,ET
191807_7786-X4425-Y19023_reg.swc,L5 ET-1 Chrna6,0.652,VISp4,VISp,9509.205,885.918,7360.914000000002,22.36067977499789,Fezf2-CreER;Ai166_439168-191807,70.23596359574553,-0.0364858359519689,ET,ET,0.5435807424240668,None,ET
191807_7822-X4840-Y19927_reg.swc,L5 ET-1 Chrna6,0.78,VISp5,VISp,9622.56,1140.947,7755.927,22.36067977499789,Fezf2-CreER;Ai166_439168-191807,65.47115032319086,8.413262456112985,ET,ET,0.4892188711629151,None,ET
191807_8102-X5725-Y9586_reg.swc,L5 ET-1 Chrna6,0.966,VISp5,VISp,9845.501,1400.493,3239.178,14.142135623730953,Fezf2-CreER;Ai166_439168-191807,50.78425702460177,16.599390671675522,ET,ET,0.8035891173829084,None,ET
191807_8158-X7179-Y9304_reg.swc,L5 ET-1 Chrna6,0.914,VISpl5,VISpl,10045.68,2154.942,3018.935,22.36067977499789,Fezf2-CreER;Ai166_439168-191807,41.03540609666577,12.504105150707948,ET,ET,0.7216396883600626,None,ET
191812_6854-X5676-Y6355_reg.swc,L5 ET-1 Chrna6,1.0,VISal5,VISal,8364.008,1852.652,1867.991,30.0,Plxnd1-CreER;Ai166_380470-191812,36.499177295288,-4.946585922861201,IT-NP-6b,ET,0.4978984479077969,ET,ET
194069_6480-X4276-Y11858_reg.swc,L5 ET-1 Chrna6,0.994,VISam5,VISam,7787.121999999998,752.7,4180.768,0.0,Fezf2-CreER;Ai166_455391-194069,39.487649532277175,2.18440260943552,ET,ET,1.0,None,ET
194069_6665-X4527-Y10686_reg.swc,L5 ET-1 Chrna6,0.944,VISpm5,VISpm,8057.69,907.093,3658.428,10.0,Fezf2-CreER;Ai166_455391-194069,34.870968020480824,-11.61130237746402,ET,ET,0.9799106588906812,None,ET
194069_7406-X4443-Y11111_reg.swc,L5 ET-1 Chrna6,0.666,VISp5,VISp,9005.195,877.66,3911.924,14.142135623730953,Fezf2-CreER;Ai166_455391-194069,61.37103579751341,-4.751723416565543,ET,ET,0.9827394957983192,None,ET
194069_7499-X4635-Y10487_reg.swc,L5 ET-1 Chrna6,1.0,VISp5,VISp,9142.917,979.829,3631.155,10.0,Fezf2-CreER;Ai166_455391-194069,54.79359610226007,-1.6354739069519035,ET,ET,0.9297040273556232,None,ET
194069_7827-X3508-Y20244_reg.swc,L5 ET-1 Chrna6,0.76,VISp5,VISp,9324.79,1224.419,7843.776999999999,10.0,Fezf2-CreER;Ai166_455391-194069,58.46931655394907,5.61239154646599,ET,IT-NP-6b,0.6729660724776614,ET,ET
194069_7960-X3680-Y21513_reg.swc,L5 ET-1 Chrna6,0.794,VISp5,VISp,9465.479,1479.763,8393.503,0.0,Fezf2-CreER;Ai166_455391-194069,34.41336746445257,16.588969522488924,ET,ET,0.6630983357143159,None,ET
194069_8053-X5370-Y24809_reg.swc,L5 ET-1 Chrna6,0.92,VISpor5,VISpor,9484.96,2722.072,9723.736,0.0,Fezf2-CreER;Ai166_455391-194069,41.77890967974501,4.952478845802691,ET,ET,1.0,None,ET
194069_8151-X5946-Y25268_reg.swc,L5 ET-1 Chrna6,0.992,VISpor5,VISpor,9567.162,3072.881,9891.793,0.0,Fezf2-CreER;Ai166_455391-194069,36.6291797833437,-11.057059303939695,ET,IT-NP-6b,0.4729824164320571,ET,ET
211541_7642-X7572-Y16296_reg.swc,L5 ET-1 Chrna6,0.926,VISp5,VISp,9872.385,1460.035,3197.979000000001,0.0,Gpr139-IRES2-FlpO-WPRE_577267-211541 AiP1046+C-GFP RO),49.568421486179616,16.251273412928757,ET,ET,0.871139283268336,None,ET
211550_6742-X19175-Y17279_reg.swc,L5 ET-1 Chrna6,0.622,VISp5,VISp,8074.565,1079.299,7994.798000000002,0.0,Chrna6-IRES2-FlpO-WPRE-neo_581039-211550 (F-GFP stereotaxic injection),25.704967258640345,-16.104667321749965,ET,ET,0.8981581406874656,None,ET
211550_7524-X21483-Y15565_reg.swc,L5 ET-1 Chrna6,0.992,VISp5,VISp,9122.161,1759.56,8998.404,0.0,Chrna6-IRES2-FlpO-WPRE-neo_581039-211550 (F-GFP stereotaxic injection),9.140430412230904,16.371408197999976,ET,ET,0.8318193203999236,None,ET
211550_7555-X20812-Y16162_reg.swc,L5 ET-1 Chrna6,0.86,VISp5,VISp,9146.62,1524.503,8638.895,0.0,Chrna6-IRES2-FlpO-WPRE-neo_581039-211550 (F-GFP stereotaxic injection),13.970320234770044,13.552754024251591,ET,ET,0.9716825842696628,None,ET
211550_7718-X19461-Y16950_reg.swc,L5 ET-1 Chrna6,1.0,VISp5,VISp,9344.26,1204.98,7981.523,0.0,Chrna6-IRES2-FlpO-WPRE-neo_581039-211550 (F-GFP stereotaxic injection),49.73927042934066,6.536960305755929,ET,IT-NP-6b,0.7630288173301895,ET,ET
211550_7772-X7691-Y18498_reg.swc,L5 ET-1 Chrna6,0.948,VISp5,VISp,8942.767,1381.315,2922.298,0.0,Chrna6-IRES2-FlpO-WPRE-neo_581039-211550 (F-GFP stereotaxic injection),14.472496788087591,7.662578184749579,ET,ET,0.699476578536765,None,ET
211550_7942-X7116-Y18251_reg.swc,L5 ET-1 Chrna6,1.0,VISp5,VISp,9151.687,1533.45,2681.6040000000007,0.0,Chrna6-IRES2-FlpO-WPRE-neo_581039-211550 (F-GFP stereotaxic injection),11.404541820503876,14.060281076627794,ET,ET,0.7577983939109698,None,ET
211796_6490-X17276-Y17066_reg.swc,L5 ET-1 Chrna6,1.0,VISpm5,VISpm,8036.826999999997,797.965,7277.706,0.0,Chrna6-IRES2-FlpO-WPRE-neo_581040-211796 M P103 7/30/2021 (F-GFP stereotaxic injection),29.25447491551653,5.0015047034657565,ET,ET,0.4698268847814163,None,ET
211796_7238-X7037-Y16980_reg.swc,L5 ET-1 Chrna6,0.996,VISp5,VISp,8858.365,1523.342,2565.607,0.0,Chrna6-IRES2-FlpO-WPRE-neo_581040-211796 M P103 7/30/2021 (F-GFP stereotaxic injection),1.326480878213012,9.697027688033096,ET,ET,0.7674051245438833,None,ET
211796_7334-X21168-Y15440_reg.swc,L5 ET-1 Chrna6,0.988,VISp5,VISp,9210.441,1789.601,9025.147,0.0,Chrna6-IRES2-FlpO-WPRE-neo_581040-211796 M P103 7/30/2021 (F-GFP stereotaxic injection),11.735474555058106,17.953105311529,ET,ET,0.9590601548556684,None,ET
211796_7385-X18532-Y16902_reg.swc,L5 ET-1 Chrna6,1.0,VISp4,VISp,9240.206,975.839,7777.722,0.0,Chrna6-IRES2-FlpO-WPRE-neo_581040-211796 M P103 7/30/2021 (F-GFP stereotaxic injection),57.27911039645159,0.0726707472504973,ET,ET,0.6190924499409367,None,ET
211796_7534-X18739-Y16699_reg.swc,L5 ET-1 Chrna6,0.994,VISp5,VISp,9441.458,1119.536,7854.668000000002,0.0,Chrna6-IRES2-FlpO-WPRE-neo_581040-211796 M P103 7/30/2021 (F-GFP stereotaxic injection),59.95671539199697,6.501785390832037,ET,ET,0.5740176081106632,None,ET
220308_6660-X23024-Y15563_reg.swc,L5 ET-1 Chrna6,0.882,VISal5,VISal,8037.236,1662.965,9160.371,0.0,Batf3-IRES2-FlpO-WPRE-neo_609513-220308 (F-GFP RO),25.12229210519107,8.89786267646546,IT-NP-6b,ET,0.8486691833095215,ET,ET
220308_6702-X23195-Y15415_reg.swc,L5 ET-1 Chrna6,0.94,VISal5,VISal,8088.384,1741.4129999999998,9236.375,0.0,Batf3-IRES2-FlpO-WPRE-neo_609513-220308 (F-GFP RO),32.23520527113788,8.396171385615327,IT-NP-6b,ET,0.7683914928128178,ET,ET
191807_6836-X4405-Y10082_reg.swc,L6 CT-1,0.828,VISp6a,VISp,8179.596,1315.539,3547.303,0.0,Fezf2-CreER;Ai166_439168-191807,29.2560705925635,-13.85733762341859,CT,CT,0.961232372744348,None,CT
191807_6864-X4028-Y18389_reg.swc,L6 CT-2,0.816,VISpm6a,VISpm,8298.651,1023.61,7156.514,0.0,Fezf2-CreER;Ai166_439168-191807,30.51121434923033,4.80690339598595,CT,IT-NP-6b,0.4517190160514099,CT,CT
191807_6920-X5119-Y8302_reg.swc,L6 CT-1,0.818,VISp6a,VISp,8486.825,1604.779,2741.7140000000004,0.0,Fezf2-CreER;Ai166_439168-191807,-0.835692862766522,3.6640404455925935,CT,CT,0.9144271050233096,None,CT
191807_7098-X4655-Y10334_reg.swc,L6 CT-1,0.99,VISp6a,VISp,8572.984,1274.582,3612.813,0.0,Fezf2-CreER;Ai166_439168-191807,37.09191865178089,-7.271418797523007,CT,CT,0.885716005823019,None,CT
191807_7300-X5089-Y9978_reg.swc,L6 CT-2,1.0,VISp6a,VISp,8860.337,1470.83,3451.272,0.0,Fezf2-CreER;Ai166_439168-191807,31.472459922845832,1.020719641156345,CT,CT,0.8460656539389003,None,CT
191807_7364-X7270-Y23865_reg.swc,L6 CT-1,0.992,VISpor6a,VISpor,9389.721,2717.907,9511.937,0.0,Fezf2-CreER;Ai166_439168-191807,34.1858295739299,3.996353996635024,CT,CT,0.7368036071542166,None,CT
191807_7399-X8056-Y6157_reg.swc,L6 CT-1,1.0,VISpor6a,VISpor,9310.131,2915.407,1682.582,0.0,Fezf2-CreER;Ai166_439168-191807,38.99948437516477,-1.7512095399121774,ET,CT,0.8759498242023821,CT,CT
191807_7494-X6168-Y8596_reg.swc,L6 CT-2,1.0,VISp6a,VISp,9318.95,1952.991,2819.28,0.0,Fezf2-CreER;Ai166_439168-191807,19.72263208211153,20.60637211668186,CT,CT,0.92228425929394,None,CT
191807_7508-X7743-Y23907_reg.swc,L6 CT-1,0.996,VISpor6a,VISpor,9581.567,2925.684,9525.676,10.0,Fezf2-CreER;Ai166_439168-191807,34.66278761956302,0.0,CT,CT,0.8166963235627898,None,CT
191807_7525-X6122-Y8722_reg.swc,L6 CT-2,1.0,VISp6a,VISp,9340.905,1918.198,2870.021,0.0,Fezf2-CreER;Ai166_439168-191807,23.26280328067813,20.936721168165207,CT,CT,0.9898480737117538,None,CT
191807_7537-X7637-Y23814_reg.swc,L6 CT-1,0.828,VISpor6a,VISpor,9605.638,2850.953,9493.633,14.142135623730953,Fezf2-CreER;Ai166_439168-191807,34.66278761956302,0.0,CT,CT,0.855516025096222,None,CT
191807_7612-X8075-Y6623_reg.swc,L6 CT-1,0.934,VISpor6a,VISpor,9539.228,2865.5240000000013,1874.117,0.0,Fezf2-CreER;Ai166_439168-191807,34.66278761956302,0.0,CT,CT,0.8742020417161318,None,CT
191807_7779-X6262-Y9318_reg.swc,L6 CT-2,0.996,VISp6a,VISp,9612.317,1860.426,3111.354000000001,0.0,Fezf2-CreER;Ai166_439168-191807,42.66838108839651,14.681126163623976,CT,CT,0.6272006227361795,None,CT
192348_8164-X3381-Y21012_reg.swc,L6 CT-2,0.94,VISp6a,VISp,9067.077,1403.1,7914.494000000002,0.0,Tacr1-T2A-Cre;Sst-IRES-FlpO;Ai188-hyg_444771-192348,40.827582054833925,3.022936388279089,CT,CT,0.8951055937476156,None,CT
194069_7166-X5939-Y8426_reg.swc,L6 CT-1,0.878,VISp6a,VISp,8826.13,1746.026,2660.58,0.0,Fezf2-CreER;Ai166_455391-194069,1.963304093840708,10.797523853724108,CT,CT,0.9386596532855284,None,CT
194083_6175-X4064-Y8142_reg.swc,L6 CT-2,0.996,VISrl6a,VISrl,7705.503000000002,1527.456,2787.932,0.0,Tle4-CreER;Ai166_482503-194083,20.71172391820094,-3.1092115603324566,CT,CT,0.6207053341861889,None,CT
194083_6690-X3219-Y11189_reg.swc,L6 CT-1,0.724,VISpm6a,VISpm,8372.205,1067.902,4025.566,0.0,Tle4-CreER;Ai166_482503-194083,43.59507257913355,-0.1886378196951041,CT,CT,0.8653988451770148,None,CT
196476_6791-X3395-Y20868_reg.swc,L6 CT-2,0.992,VISp6a,VISp,8029.98,1236.848,8073.168000000002,0.0,Tle4-CreER;Ai166_486476-196476,17.711706531771956,-15.722737033912296,CT,CT,0.6285594205137064,None,CT
196476_7159-x4408-y23171_reg.swc,L6 CT-1,0.516,VISl6a,VISl,8604.331,1883.15,8949.916,0.0,Tle4-CreER;Ai166_486476-196476,11.045298073681009,6.166331313832212,CT,CT,0.8828276621468011,None,CT
196476_7565-x3166-y19635_reg.swc,L6 CT-1,0.74,VISp5,VISp,8912.353000000001,1015.514,7474.405,0.0,Tle4-CreER;Ai166_486476-196476,60.803221237230666,-5.080165164612834,CT,CT,0.4862841496073317,None,CT
196476_7607-X3603-Y20075_reg.swc,L6 CT-2,0.996,VISp6a,VISp,9028.855,1305.645,7634.894,0.0,Tle4-CreER;Ai166_486476-196476,57.570026404673165,-1.7643587930242652,CT,CT,0.7859888568891966,None,CT
196476_7824-x4173-y21243_reg.swc,L6 CT-2,0.98,VISp6a,VISp,9344.679,1653.466,8091.819,0.0,Tle4-CreER;Ai166_486476-196476,44.30849792927631,14.736099175095,CT,CT,0.9399032161830296,None,CT
196476_7922-X4174-Y21695_reg.swc,L6 CT-2,0.814,VISp6a,VISp,9471.523,1644.961,8288.503,0.0,Tle4-CreER;Ai166_486476-196476,40.615243430265856,19.193569284281192,CT,CT,0.8785989076952468,None,CT
196476_8116-X4425-Y9934_reg.swc,L6 CT-1,0.712,VISp6a,VISp,9333.681,1514.461,3212.017000000001,0.0,Tle4-CreER;Ai166_486476-196476,38.574066981202925,12.677191354404114,CT,CT,0.5835200035291237,None,CT
196476_8191-X6571-Y6695_reg.swc,L6 CT-1,0.994,VISpor6a,VISpor,9312.944,2665.418,1863.552,0.0,Tle4-CreER;Ai166_486476-196476,38.11864005208899,9.531384493135436,CT,CT,0.7253164310397893,None,CT
196476_8380-x4209-y10481_reg.swc,L6 CT-2,0.544,VISp5,VISp,9701.583,1356.4029999999998,3454.233,0.0,Tle4-CreER;Ai166_486476-196476,56.49214449012304,12.400082978985964,CT,CT,0.5465251533615949,None,CT
211541_6633-X16017-Y16343_reg.swc,L6 CT-2,1.0,cing,VISpm,8185.079000000002,1135.652,7038.708000000001,0.0,Gpr139-IRES2-FlpO-WPRE_577267-211541 AiP1046+C-GFP RO),28.24088497675736,3.4945107257310424,CT,IT-NP-6b,0.5014282536435503,CT,CT
220307_7080-X19635-Y21599_reg.swc,L6 CT-2,1.0,VISrl6a,VISrl,7728.201999999997,1638.2,8626.443000000001,0.0,Batf3-IRES2-FlpO-WPRE-neo_609510-220307 (F-GFP RO),21.133196260721032,-1.0242597743559567,CT,CT,0.8334149595665729,None,CT
220307_7098-X6694-Y19987_reg.swc,L6 CT-2,0.994,VISrl6a,VISrl,7914.611,1508.208,2938.555,0.0,Batf3-IRES2-FlpO-WPRE-neo_609510-220307 (F-GFP RO),7.99818827469193,-7.384439736767108,CT,CT,0.9712022916419248,None,CT
220307_7229-X18109-Y21959_reg.swc,L6 CT-2,0.912,VISp6a,VISp,7879.491,1250.146,8029.041999999998,0.0,Batf3-IRES2-FlpO-WPRE-neo_609510-220307 (F-GFP RO),22.811126572763296,-18.450046795016217,CT,CT,0.6266346124748263,None,CT
220307_7919-X20996-Y20456_reg.swc,L6 CT-2,0.944,VISl6a,VISl,8971.951,2097.926,9073.561,0.0,Batf3-IRES2-FlpO-WPRE-neo_609510-220307 (F-GFP RO),24.13966743098019,14.667494720972565,CT,CT,0.872711160704213,None,CT
220307_8198-X20188-Y20372_reg.swc,L6 CT-2,1.0,VISp6a,VISp,9331.228,1984.373,8748.094000000001,0.0,Batf3-IRES2-FlpO-WPRE-neo_609510-220307 (F-GFP RO),15.7194640853495,20.849983658832112,CT,CT,0.7118743993962782,None,CT
220308_6054-X20031-Y16355_reg.swc,L6 CT-1,0.784,VISa6a,VISa,7241.842,1251.297,7813.858,0.0,Batf3-IRES2-FlpO-WPRE-neo_609513-220308 (F-GFP RO),38.55548701067217,-1.6436021357002986,CT,CT,0.8170984567809069,None,CT
220308_6492-X9152-Y16947_reg.swc,L6 CT-2,0.706,VISp6a,VISp,7871.21,1333.21,3252.634,0.0,Batf3-IRES2-FlpO-WPRE-neo_609513-220308 (F-GFP RO),15.923147219473512,-16.411109112613918,CT,IT-NP-6b,0.4151658616900303,CT,CT
220308_7099-X22371-Y15536_reg.swc,L6 CT-2,0.752,VISl6a,VISl,8570.68,1800.391,8855.953000000001,0.0,Batf3-IRES2-FlpO-WPRE-neo_609513-220308 (F-GFP RO),4.812521241219497,6.52484881701021,CT,CT,0.9154310200931552,None,CT
220308_7210-X22027-Y15603_reg.swc,L6 CT-2,0.998,VISp6a,VISp,8697.864,1803.188,8702.518,0.0,Batf3-IRES2-FlpO-WPRE-neo_609513-220308 (F-GFP RO),0.6226639101751387,8.766808046735948,CT,CT,0.9698961669658278,None,CT
220308_7820-X21073-Y15878_reg.swc,L6 CT-1,0.556,VISp6a,VISp,9497.661,1718.22,8277.396,0.0,Batf3-IRES2-FlpO-WPRE-neo_609513-220308 (F-GFP RO),41.94693687707663,19.440990835485696,CT,CT,0.804162354429579,None,CT
220308_7875-X22200-Y14877_reg.swc,L6 CT-2,1.0,VISp6a,VISp,9516.658,2191.79,8785.096,0.0,Batf3-IRES2-FlpO-WPRE-neo_609513-220308 (F-GFP RO),22.562045948166784,18.520112152760014,CT,CT,0.968578331869228,None,CT
220308_8021-X22273-Y14515_reg.swc,L6 CT-2,0.966,VISpl6b,VISpl,9710.696,2374.79,8822.27,0.0,Batf3-IRES2-FlpO-WPRE-neo_609513-220308 (F-GFP RO),35.918821049732934,7.639622802074301,CT,CT,0.8113195698158145,None,CT
17109_6201-X4328-Y6753_reg.swc,L5/L6 IT Car3,0.658,VISl6a,VISl,8982.283000000001,1925.564,2466.995,0.0,Gnb4-IRES2-CreERT2;Ai140_297974-17109,10.36824450836367,15.330841244365065,IT-NP-6b,IT-NP-6b,0.6904428952473377,None,IT-NP-6b
17109_6301-X4756-Y24516_reg.swc,L5/L6 IT Car3,1.0,VISp6a,VISp,8257.593,1523.956,8558.055,0.0,Gnb4-IRES2-CreERT2;Ai140_297974-17109,0.1076752036076176,-1.680966277555355,IT-NP-6b,IT-NP-6b,0.8096876876881872,None,IT-NP-6b
17109_6601-X4384-Y7436_reg.swc,L5/L6 IT Car3,0.496,VISl6a,VISl,8542.734,1975.742,2160.052,0.0,Gnb4-IRES2-CreERT2;Ai140_297974-17109,25.764015629400166,-2.479277890338693,IT-NP-6b,IT-NP-6b,0.6707804216387825,None,IT-NP-6b
17109_6601-X5417-Y25287_reg.swc,L5/L6 IT Car3,1.0,VISp6a,VISp,8663.07,1748.836,8848.343,0.0,Gnb4-IRES2-CreERT2;Ai140_297974-17109,2.3650463142671,7.994868724149777,IT-NP-6b,IT-NP-6b,0.6086257411170417,None,IT-NP-6b
17109_6901-X7203-Y26714_reg.swc,L6 IT-3,1.0,VISli6a,VISli,8978.894,2311.113,9404.15,0.0,Gnb4-IRES2-CreERT2;Ai140_297974-17109,40.16837244162232,4.819983412446462,IT-NP-6b,IT-NP-6b,0.6569391202617587,None,IT-NP-6b
17109_7001-X5738-Y6470_reg.swc,L5/L6 IT Car3,1.0,VISli6a,VISli,9349.028,2449.725,2146.835,0.0,Gnb4-IRES2-CreERT2;Ai140_297974-17109,33.65870237035007,12.996909801141726,IT-NP-6b,IT-NP-6b,0.8883344514196585,None,IT-NP-6b
17109_7001-X6205-Y5194_reg.swc,L5/L6 IT Car3,1.0,VISpor5,VISpor,9434.556,2658.593,1615.215,0.0,Gnb4-IRES2-CreERT2;Ai140_297974-17109,40.545713218012025,-0.3558451936997752,IT-NP-6b,IT-NP-6b,0.6696924468195339,None,IT-NP-6b
17300_5969-X27278-Y20820_reg.swc,L4/L5 IT,1.0,VISam5,VISam,7791.135999999998,864.143,7725.083,0.0,Plxnd1-CreER;Ai82;Ai140_314107-17300,37.65915799507618,-9.164426950576384,IT-NP-6b,IT-NP-6b,0.5301458966476632,None,IT-NP-6b
17543_6014-X3691-Y17288_reg.swc,L6 IT-2,1.0,VISp6a,VISp,9074.697,1454.394,8171.302,0.0,Tlx3-Cre_PL56;Ai82;Ai161_325875-17543,29.43246367638477,6.874726184405883,IT-NP-6b,IT-NP-6b,0.6584436278428136,None,IT-NP-6b
17781_6262-X6896-Y13574_reg.swc,L5/L6 IT Car3,1.0,VISrl5,VISrl,7919.665,1770.004,2296.596,0.0,Gnb4-IRES2-CreERT2;Ai82;Ai140_339951-17781,26.54752548777507,7.859303071650277,IT-NP-6b,IT-NP-6b,0.6639672108651196,None,IT-NP-6b
17781_6866-X8954-Y41812_reg.swc,L5/L6 IT Car3,0.96,VISli6a,VISli,8563.110999999999,2215.006,9320.148,0.0,Gnb4-IRES2-CreERT2;Ai82;Ai140_339951-17781,26.67629193128643,-7.0246559728941,IT-NP-6b,IT-NP-6b,0.663951760791932,None,IT-NP-6b
17787_7070-X12739-Y1410_reg.swc,L2/3 IT,1.0,VISpm1,VISpm,8549.011999999999,447.551,7505.11,0.0,Plxnd1-CreER;Ai166_351327-17787 ,46.41569276669733,-0.3184834315757475,IT-NP-6b,IT-NP-6b,0.9191552083056554,None,IT-NP-6b
182709_6172-X3564-Y6968_reg.swc,L2/3 IT,1.0,VISal2/3,VISal,8016.125,1409.868,1884.558,28.284271247461906,Ai82;Ai139_375886-182709,32.8625754359713,8.498083201372427,IT-NP-6b,IT-NP-6b,0.8924892127710595,None,IT-NP-6b
182709_6592-X3030-Y10077_reg.swc,L5 IT-2,0.7,VISp5,VISp,8439.761999999999,1137.898,3313.748,17.320508075688775,Ai82;Ai139_375886-182709,21.804875371169285,-6.374416983245353,IT-NP-6b,IT-NP-6b,0.8370205462301017,None,IT-NP-6b
182709_6812-X3137-Y8659_reg.swc,L4 IT,0.938,VISp4,VISp,8772.639000000001,1255.991,2709.035,14.142135623730953,Ai82;Ai139_375886-182709,4.353855000377719,5.991603586797155,IT-NP-6b,IT-NP-6b,0.9894544868129392,None,IT-NP-6b
182709_6886-X3406-Y21258_reg.swc,L2/3 IT,1.0,VISp2/3,VISp,8543.104,790.683,8037.035,0.0,Ai82;Ai139_375886-182709,32.09246259060238,-7.953228513970714,IT-NP-6b,IT-NP-6b,0.9885826426576528,None,IT-NP-6b
182709_7010-X2644-Y10852_reg.swc,L4 IT,1.0,VISp4,VISp,8963.312,854.76,3643.659,0.0,Ai82;Ai139_375886-182709,51.63446565819197,-5.273152628915788,IT-NP-6b,IT-NP-6b,0.9768688808506408,None,IT-NP-6b
182709_7120-X2261-Y10934_reg.swc,L2/3 IT,1.0,VISp2/3,VISp,9119.875,608.654,3674.486,14.142135623730953,Ai82;Ai139_375886-182709,56.37350072494822,-5.11445702863888,IT-NP-6b,IT-NP-6b,0.962775037045211,None,IT-NP-6b
182709_7486-X4577-Y22503_reg.swc,L5 IT-2,0.948,VISp4,VISp,9296.082,1468.736,8581.92,0.0,Ai82;Ai139_375886-182709,20.96417368753448,15.129675078396843,IT-NP-6b,IT-NP-6b,0.4131959101181292,None,IT-NP-6b
182724_6416-X3689-Y10398_reg.swc,L4/L5 IT,1.0,VISp4,VISp,7828.436,873.12,3361.4640000000004,33.166247903554,Fezf2-CreER;Ai166_405426-182724,31.88579882558083,-18.73135209701718,IT-NP-6b,IT-NP-6b,0.9565051491907148,None,IT-NP-6b
18452_7249-X11408-Y2071_reg.swc,L2/3 IT,1.0,VISp2/3,VISp,9469.189,772.507,8022.991,0.0,Cux2-CreERT2;Ai166_374707-18452,50.79238445718045,3.754893890753031,IT-NP-6b,IT-NP-6b,0.9290200759553148,None,IT-NP-6b
18453_5667-X25695-Y3103_reg.swc,L2/3 IT,1.0,VISam1,VISam,7547.557,460.918,3816.856,0.0,Cux2-CreERT2;Ai166_374712-18453 ,47.774718285248106,1.6605629411375848,IT-NP-6b,IT-NP-6b,0.7998953475391138,None,IT-NP-6b
18453_5701-X28505-Y4297_reg.swc,L2/3 IT,1.0,VISrl2/3,VISrl,7699.119000000002,968.186,2858.141,14.142135623730953,Cux2-CreERT2;Ai166_374712-18453 ,17.279008294762757,-11.746009336635888,IT-NP-6b,IT-NP-6b,0.9948440458619708,None,IT-NP-6b
18453_5766-X31719-Y6139_reg.swc,L2/3 IT,1.0,VISal2/3,VISal,7863.199,1583.062,1722.531,28.284271247461906,Cux2-CreERT2;Ai166_374712-18453 ,38.27854180394282,4.816868759491121,IT-NP-6b,IT-NP-6b,0.926052869599094,None,IT-NP-6b
18453_5941-X24629-Y3152_reg.swc,L2/3 IT,0.7,VISam2/3,VISam,7897.536,537.6659999999998,4200.953,10.0,Cux2-CreERT2;Ai166_374712-18453 ,33.648499709817706,1.7010302807710955,IT-NP-6b,IT-NP-6b,0.9487246732074804,None,IT-NP-6b
18453_5995-X24812-Y3143_reg.swc,L2/3 IT,0.99,VISam2/3,VISam,7982.996,550.262,4146.005,10.0,Cux2-CreERT2;Ai166_374712-18453 ,30.638565210033644,3.721936631413608,IT-NP-6b,IT-NP-6b,0.9874094958925688,None,IT-NP-6b
18453_6035-X24820-Y3039_reg.swc,L2/3 IT,1.0,VISam2/3,VISam,8059.866999999997,511.637,4154.09,14.14213562373091,Cux2-CreERT2;Ai166_374712-18453 ,29.14476839239881,3.969533052994086,IT-NP-6b,IT-NP-6b,0.9880552341755888,None,IT-NP-6b
18453_6181-X10238-Y3690_reg.swc,L2/3 IT,1.0,VISrl2/3,VISrl,7688.189,1072.265,8977.86,0.0,Cux2-CreERT2;Ai166_374712-18453 ,19.065001073550548,-1.540203939135954,IT-NP-6b,IT-NP-6b,0.9692581920314768,None,IT-NP-6b
18453_6316-X30559-Y4743_reg.swc,L2/3 IT,1.0,VISp1,VISp,8571.181,1146.728,2214.091,24.494897427831784,Cux2-CreERT2;Ai166_374712-18453 ,2.7361186560582302,4.769219168831097,IT-NP-6b,IT-NP-6b,0.9458872467176986,None,IT-NP-6b
18453_6477-X30376-Y5078_reg.swc,L2/3 IT,1.0,VISp2/3,VISp,8764.62,1334.686,2307.588,0.0,Cux2-CreERT2;Ai166_374712-18453 ,1.7263231646200563,7.795481357602712,IT-NP-6b,IT-NP-6b,0.8907153918280319,None,IT-NP-6b
18453_6479-X9010-Y4330_reg.swc,L2/3 IT,1.0,VISal2/3,VISal,8018.44,1379.95,9377.852,0.0,Cux2-CreERT2;Ai166_374712-18453 ,24.455328076331263,8.831572997526683,IT-NP-6b,IT-NP-6b,0.9937191973213522,None,IT-NP-6b
18453_6537-X8725-Y4484_reg.swc,L2/3 IT,1.0,VISal2/3,VISal,8083.743,1451.152,9475.468,0.0,Cux2-CreERT2;Ai166_374712-18453 ,32.23520527113788,8.396171385615327,IT-NP-6b,IT-NP-6b,0.9345829981299922,None,IT-NP-6b
18453_6561-X9442-Y3817_reg.swc,L2/3 IT,1.0,VISrl2/3,VISrl,8185.166999999998,1202.523,9249.572,0.0,Cux2-CreERT2;Ai166_374712-18453 ,12.360954194781666,5.007601377519963,IT-NP-6b,IT-NP-6b,0.921523131336514,None,IT-NP-6b
18453_6604-X9161-Y4006_reg.swc,L2/3 IT,1.0,VISal2/3,VISal,8224.259,1282.152,9340.765,0.0,Cux2-CreERT2;Ai166_374712-18453 ,17.872175055954933,6.659607926418423,IT-NP-6b,IT-NP-6b,0.9246655684793346,None,IT-NP-6b
18453_6675-X10576-Y3102_reg.swc,L2/3 IT,1.0,VISp1,VISp,8408.9,939.691,8883.823,0.0,Cux2-CreERT2;Ai166_374712-18453 ,-0.3137329743576777,-0.225987540786324,IT-NP-6b,IT-NP-6b,0.9569133725530437,None,IT-NP-6b
18453_6675-X8876-Y4461_reg.swc,L2/3 IT,1.0,VISal2/3,VISal,8270.603000000001,1471.243,9416.597,0.0,Cux2-CreERT2;Ai166_374712-18453 ,28.537379784198222,5.730446565138822,IT-NP-6b,IT-NP-6b,0.8064954730329547,None,IT-NP-6b
18453_6748-X28152-Y3578_reg.swc,L2/3 IT,1.0,VISp2/3,VISp,9089.005,838.778,3126.196,22.36067977499789,Cux2-CreERT2;Ai166_374712-18453 ,30.51930118692486,2.3713793585103806,IT-NP-6b,IT-NP-6b,0.9982444524326584,None,IT-NP-6b
18453_6846-X11548-Y2831_reg.swc,L2/3 IT,1.0,VISp2/3,VISp,8699.46,876.8919999999997,8546.673,14.142135623730953,Cux2-CreERT2;Ai166_374712-18453 ,11.734901866677056,1.2102180458475391,IT-NP-6b,IT-NP-6b,0.8317085393602336,None,IT-NP-6b
18453_7007-X11486-Y3611_reg.swc,L4 IT,1.0,VISp4,VISp,8894.575,1224.064,8525.633,0.0,Cux2-CreERT2;Ai166_374712-18453 ,12.757324396720495,6.205952637036366,IT-NP-6b,IT-NP-6b,0.9306247694323164,None,IT-NP-6b
18453_7010-X8769-Y4509_reg.swc,L2/3 IT,1.0,VISl2/3,VISl,8735.288,1542.026,9455.118,0.0,Cux2-CreERT2;Ai166_374712-18453 ,19.57055421737444,3.285218614064976,IT-NP-6b,IT-NP-6b,0.9668353747889142,None,IT-NP-6b
18453_7024-X9012-Y4138_reg.swc,L2/3 IT,1.0,VISl2/3,VISl,8791.845,1399.604,9387.249,0.0,Cux2-CreERT2;Ai166_374712-18453 ,12.720818799985116,6.543623354684229,IT-NP-6b,IT-NP-6b,0.5391026497985633,None,IT-NP-6b
18453_7112-X9089-Y4667_reg.swc,L4 IT,0.998,VISl4,VISl,8883.606,1639.766,9315.589,0.0,Cux2-CreERT2;Ai166_374712-18453 ,17.275938434174897,8.425686971857079,IT-NP-6b,IT-NP-6b,0.999118812139216,None,IT-NP-6b
18453_7132-X11495-Y3152_reg.swc,L2/3 IT,1.0,VISp2/3,VISp,9082.389,1044.405,8558.884,0.0,Cux2-CreERT2;Ai166_374712-18453 ,18.013928302531998,7.2653029204964765,IT-NP-6b,IT-NP-6b,0.9887668247721828,None,IT-NP-6b
18453_7132-X31679-Y7308_reg.swc,L4/L5 IT,0.91,VISl4,VISl,9572.096,2218.152,1903.989,10.0,Cux2-CreERT2;Ai166_374712-18453 ,35.01397885553623,12.294484743621352,IT-NP-6b,IT-NP-6b,0.9735557248473072,None,IT-NP-6b
18453_7146-X8788-Y4552_reg.swc,L2/3 IT,1.0,VISl2/3,VISl,8937.958,1586.259,9443.614,0.0,Cux2-CreERT2;Ai166_374712-18453 ,20.259848065981764,8.381856401081215,IT-NP-6b,IT-NP-6b,0.9987240662306608,None,IT-NP-6b
18453_7188-X11060-Y3637_reg.swc,L2/3 IT,1.0,VISp2/3,VISp,9124.738,1248.9589999999996,8682.885,0.0,Cux2-CreERT2;Ai166_374712-18453 ,13.169231153942922,10.675135629881886,IT-NP-6b,IT-NP-6b,0.9889238437231544,None,IT-NP-6b
18453_7223-X30215-Y5120_reg.swc,L2/3 IT,1.0,VISp1,VISp,9728.618,1424.489,2433.2960000000007,34.64101615137755,Cux2-CreERT2;Ai166_374712-18453 ,21.49123914444468,21.58812424288555,IT-NP-6b,IT-NP-6b,0.8200173107385865,None,IT-NP-6b
18453_7245-X12979-Y2864_reg.swc,L2/3 IT,1.0,VISp2/3,VISp,9333.133,898.681,8086.295999999998,0.0,Cux2-CreERT2;Ai166_374712-18453 ,44.34309262836111,3.7469296052426304,IT-NP-6b,IT-NP-6b,0.9856646902453338,None,IT-NP-6b
18453_7304-X11719-Y3749_reg.swc,L4 IT,1.0,VISp4,VISp,9311.384,1307.151,8448.454,0.0,Cux2-CreERT2;Ai166_374712-18453 ,27.111673036797693,12.029310378529903,IT-NP-6b,IT-NP-6b,0.9576117973281292,None,IT-NP-6b
18461_6043-X11080-Y1667_reg.swc,L2/3 IT,1.0,VISa2/3,VISa,6880.5480000000025,491.592,7150.17,0.0,Cux2-CreERT2;Ai166_374706-18461,36.85820317966237,0.3349970647977697,IT-NP-6b,IT-NP-6b,0.8257027301877351,None,IT-NP-6b
18461_7132-X6338-Y3287_reg.swc,L4 IT,0.872,VISal4,VISal,8224.078000000001,1456.2879999999998,9247.484,0.0,Cux2-CreERT2;Ai166_374706-18461,19.809209202220675,6.845339101692153,IT-NP-6b,IT-NP-6b,0.9730623232319112,None,IT-NP-6b
18469_6120-X7370-Y17612_reg.swc,L5 IT-2,0.948,VISrl5,VISrl,7939.246,1391.984,2796.0890000000004,22.36067977499789,Fezf2-CreER;Ai166_378667-18469,7.484847635166608,-5.793068806692261,IT-NP-6b,IT-NP-6b,0.5869666866287949,None,IT-NP-6b
18469_6420-X7388-Y41840_2_reg.swc,L5 NP,1.0,VISal5,VISal,8383.886,1667.5179999999998,9179.41,0.0,Fezf2-CreER;Ai166_378667-18469,20.59197660680771,4.137810825654329,IT-NP-6b,IT-NP-6b,0.6384976980729153,None,IT-NP-6b
18864_5637-X5637-Y31619_reg.swc,L2/3 IT,1.0,VISp2/3,VISp,8454.132,977.217,2532.894,0.0,Cux2-CreERT2;Ai166_382148-18864,-0.1743910612962657,0.4269095571597507,IT-NP-6b,IT-NP-6b,0.738631582555757,None,IT-NP-6b
18864_6139-X4843-Y27122_reg.swc,L2/3 IT,0.848,VISrl4,VISrl,7510.632,1159.224,8670.697,0.0,Cux2-CreERT2;Ai166_382148-18864,25.95634660222668,-5.546607248750089,IT-NP-6b,IT-NP-6b,0.9653970427718016,None,IT-NP-6b
18864_6321-X4387-Y7047_reg.swc,L2/3 IT,1.0,VISrl2/3,VISrl,7588.432,1063.889,2381.216,14.142135623730953,Cux2-CreERT2;Ai166_382148-18864,22.696928193679103,-0.7757539056011442,IT-NP-6b,IT-NP-6b,0.6870179427399293,None,IT-NP-6b
18864_6345-X3603-Y9891_reg.swc,L2/3 IT,1.0,VISa2/3,VISa,7591.806,692.3989999999999,3277.837,0.0,Cux2-CreERT2;Ai166_382148-18864,37.610798701288445,-16.217773768832235,IT-NP-6b,IT-NP-6b,0.9979654203119712,None,IT-NP-6b
18864_6384-X3409-Y13059_reg.swc,L2/3 IT,1.0,VISam2/3,VISam,7650.093000000003,474.372,4298.14,0.0,Cux2-CreERT2;Ai166_382148-18864,40.457741278621,-1.1001007644846286,IT-NP-6b,IT-NP-6b,0.8545163407186576,None,IT-NP-6b
18864_6523-X3601-Y10609_reg.swc,L2/3 IT,1.0,VISpm2/3,VISpm,7835.271,639.243,3506.555,0.0,Cux2-CreERT2;Ai166_382148-18864,35.94348301601527,-13.71246687545204,IT-NP-6b,IT-NP-6b,0.9825629940022894,None,IT-NP-6b
18864_6571-X4315-Y24999_reg.swc,L4 IT,1.0,VISp4,VISp,8061.143,895.65,8006.826999999997,0.0,Cux2-CreERT2;Ai166_382148-18864,27.96069632247999,-16.49333955966878,IT-NP-6b,IT-NP-6b,0.9301963776337694,None,IT-NP-6b
18864_6631-X3319-Y22547_reg.swc,L2/3 IT,1.0,VISam2/3,VISam,8053.459,466.06300000000016,7228.364,0.0,Cux2-CreERT2;Ai166_382148-18864,29.227547547110948,3.655814520761536,IT-NP-6b,IT-NP-6b,0.956791339975091,None,IT-NP-6b
18864_6672-X3537-Y12829_reg.swc,L2/3 IT,1.0,VISam2/3,VISam,8057.010999999998,502.81,4218.233,0.0,Cux2-CreERT2;Ai166_382148-18864,29.389401280368546,3.2403227808712742,IT-NP-6b,IT-NP-6b,0.956432218950922,None,IT-NP-6b
18864_6734-X4899-Y27447_reg.swc,L2/3 IT,1.0,VISp2/3,VISp,8323.159,1036.918,8774.886999999999,0.0,Cux2-CreERT2;Ai166_382148-18864,0.1744246013026495,-1.8332028549844124,IT-NP-6b,IT-NP-6b,0.955265430034388,None,IT-NP-6b
18864_6741-X4187-Y8695_reg.swc,L2/3 IT,1.0,VISp2/3,VISp,8155.106,884.398,2911.999000000001,0.0,Cux2-CreERT2;Ai166_382148-18864,6.1033647760753045,-9.02894509453135,IT-NP-6b,IT-NP-6b,0.9742545665117096,None,IT-NP-6b
18864_6805-X6340-Y4681_reg.swc,L2/3 IT,1.0,VISal2/3,VISal,8403.945,1708.1,1667.158,0.0,Cux2-CreERT2;Ai166_382148-18864,36.20785422964212,-5.937606311075388,IT-NP-6b,IT-NP-6b,0.9397631314395748,None,IT-NP-6b
18864_6821-X5144-Y6844_reg.swc,L2/3 IT,1.0,VISrl2/3,VISrl,8336.996,1251.637,2339.374,10.0,Cux2-CreERT2;Ai166_382148-18864,4.75489662222174,2.641975635859006,IT-NP-6b,IT-NP-6b,0.9889885729840964,None,IT-NP-6b
18864_7078-X6476-Y5135_reg.swc,L2/3 IT,1.0,VISl2/3,VISl,8815.163,1697.316,1826.077,14.142135623730953,Cux2-CreERT2;Ai166_382148-18864,25.91331452480436,0.9270955187316984,IT-NP-6b,IT-NP-6b,0.9956783871392504,None,IT-NP-6b
18864_7117-X4611-Y9823_reg.swc,L4 IT,1.0,VISp4,VISp,8707.499,982.671,3294.812,0.0,Cux2-CreERT2;Ai166_382148-18864,27.75995258744381,-2.956603772406456,IT-NP-6b,IT-NP-6b,0.9333089456601366,None,IT-NP-6b
18864_7516-X6276-Y6366_reg.swc,L2/3 IT,1.0,VISp2/3,VISp,9368.244,1540.201,2232.954,17.320508075688775,Cux2-CreERT2;Ai166_382148-18864,10.43722405591975,18.028050977763407,IT-NP-6b,IT-NP-6b,0.9662575887406604,None,IT-NP-6b
191812_5915-X3305-Y21307_reg.swc,L2/3 IT,1.0,VISa2/3,VISa,7183.654,956.747,8229.2,0.0,Plxnd1-CreER;Ai166_380470-191812,36.52091364286945,-5.059011962386469,IT-NP-6b,IT-NP-6b,0.4883233475297725,None,IT-NP-6b
191812_6207-X4040-Y8998_reg.swc,L4/L5 IT,1.0,VISrl4,VISrl,7438.578,1035.433,3024.784,10.0,Plxnd1-CreER;Ai166_380470-191812,30.191387566313384,-9.60515081519636,IT-NP-6b,IT-NP-6b,0.8747027901859968,None,IT-NP-6b
191812_6251-X3178-Y20913_reg.swc,L4/L5 IT,1.0,VISa4,VISa,7584.106,918.409,8035.378000000002,0.0,Plxnd1-CreER;Ai166_380470-191812,38.836225561363335,-15.123650179793762,IT-NP-6b,IT-NP-6b,0.9603313418135394,None,IT-NP-6b
191812_6426-X4032-Y23056_reg.swc,L4/L5 IT,0.996,VISrl4,VISrl,7836.355,1381.661,8973.471,0.0,Plxnd1-CreER;Ai166_380470-191812,15.95288815375259,2.4513959719898915,IT-NP-6b,IT-NP-6b,0.6904563409757526,None,IT-NP-6b
191812_6431-X3967-Y9193_reg.swc,L4/L5 IT,1.0,VISp5,VISp,7727.031999999997,1050.953,3142.997000000001,14.142135623730953,Plxnd1-CreER;Ai166_380470-191812,21.86043865691811,-16.580746409564576,IT-NP-6b,IT-NP-6b,0.8877747044268854,None,IT-NP-6b
191812_6463-X3826-Y9703_reg.swc,L4/L5 IT,1.0,VISa5,VISa,7758.382,1001.066,3366.993,10.0,Plxnd1-CreER;Ai166_380470-191812,32.88424995870175,-18.60494444389516,IT-NP-6b,IT-NP-6b,0.5535714527367807,None,IT-NP-6b
191812_6476-X3744-Y9656_reg.swc,L4/L5 IT,1.0,VISp4,VISp,7780.815,940.145,3339.094,10.0,Plxnd1-CreER;Ai166_380470-191812,30.713671223298324,-18.93036528455908,IT-NP-6b,IT-NP-6b,0.8799812756500951,None,IT-NP-6b
191812_6477-X4010-Y9201_reg.swc,L4/L5 IT,1.0,VISp5,VISp,7783.97,1089.174,3156.509,10.0,Plxnd1-CreER;Ai166_380470-191812,18.856588154602704,-16.691826314594568,IT-NP-6b,IT-NP-6b,0.50675072273805,None,IT-NP-6b
191812_6568-X3828-Y8764_reg.swc,L2/3 IT,0.69,VISp2/3,VISp,7921.236999999999,926.88,2941.213,0.0,Plxnd1-CreER;Ai166_380470-191812,9.665542636492884,-13.170257883755742,IT-NP-6b,IT-NP-6b,0.93273966978236,None,IT-NP-6b
191812_6779-X4640-Y7603_reg.swc,L4/L5 IT,1.0,VISrl4,VISrl,8240.211,1343.5479999999998,2462.5460000000007,0.0,Plxnd1-CreER;Ai166_380470-191812,4.844986924852722,1.4475212604661918,IT-NP-6b,IT-NP-6b,0.9758504634817796,None,IT-NP-6b
191812_6895-X3630-Y9992_reg.swc,L4 IT,1.0,VISp4,VISp,8330.492,900.0930000000003,3506.9840000000013,0.0,Plxnd1-CreER;Ai166_380470-191812,35.689858623129815,-12.199158550399654,IT-NP-6b,IT-NP-6b,0.9621681507755,None,IT-NP-6b
191812_7148-X3864-Y9658_reg.swc,L4/L5 IT,1.0,VISp5,VISp,8645.652,1034.132,3381.768,0.0,Plxnd1-CreER;Ai166_380470-191812,30.464269282306216,-4.736680170068524,IT-NP-6b,IT-NP-6b,0.969629304569742,None,IT-NP-6b
191812_7255-X5228-Y7090_reg.swc,L4/L5 IT,1.0,VISl4,VISl,8843.295,1638.195,2235.199,0.0,Plxnd1-CreER;Ai166_380470-191812,11.039987578536673,9.48776100889905,IT-NP-6b,IT-NP-6b,0.8585710761888792,None,IT-NP-6b
191812_7321-X4084-Y22812_reg.swc,L4/L5 IT,1.0,VISp4,VISp,8938.616,1439.141,8783.049,0.0,Plxnd1-CreER;Ai166_380470-191812,4.062542189079093,10.212764450983943,IT-NP-6b,IT-NP-6b,0.8502427926685896,None,IT-NP-6b
191812_7379-X5715-Y24777_reg.swc,L4/L5 IT,1.0,VISli5,VISli,9059.711,2279.079,9693.209,0.0,Plxnd1-CreER;Ai166_380470-191812,36.992536666072894,4.068929093812325,IT-NP-6b,IT-NP-6b,0.9208857975608354,None,IT-NP-6b
191812_7414-X5193-Y24236_reg.swc,L4/L5 IT,1.0,VISl5,VISl,9101.392,2008.012,9437.851,0.0,Plxnd1-CreER;Ai166_380470-191812,37.356579719539305,11.900515616788889,IT-NP-6b,IT-NP-6b,0.9609154317001236,None,IT-NP-6b
191812_7460-X2919-Y19536_reg.swc,L4/L5 IT,1.0,VISp5,VISp,9116.408,795.4010000000003,7398.536999999997,0.0,Plxnd1-CreER;Ai166_380470-191812,61.40239094330448,-3.5412597417379046,IT-NP-6b,IT-NP-6b,0.9682593770013076,None,IT-NP-6b
191812_7487-X5132-Y7313_reg.swc,L4 IT,1.0,VISp4,VISp,9128.266,1597.273,2350.411,0.0,Plxnd1-CreER;Ai166_380470-191812,7.112370277397631,15.376886876071556,IT-NP-6b,IT-NP-6b,0.940123985029251,None,IT-NP-6b
191812_7534-X5622-Y24592_reg.swc,L4 IT,0.744,VISli5,VISli,9235.013,2230.943,9594.914,0.0,Plxnd1-CreER;Ai166_380470-191812,41.11551310640764,10.44219349682474,IT-NP-6b,IT-NP-6b,0.978562177958683,None,IT-NP-6b
191812_7586-X4315-Y23900_reg.swc,L2/3 IT,1.0,VISl2/3,VISl,9324.966,1526.948,9316.312,0.0,Plxnd1-CreER;Ai166_380470-191812,13.399545896693262,17.49502514761902,IT-NP-6b,IT-NP-6b,0.87320787397155,None,IT-NP-6b
191812_7597-X5133-Y23993_reg.swc,L4/L5 IT,1.0,VISl4,VISl,9332.6,1984.216,9315.739,0.0,Plxnd1-CreER;Ai166_380470-191812,29.924340958640265,18.25779464214421,IT-NP-6b,IT-NP-6b,0.7761415030487754,None,IT-NP-6b
191812_7717-X6201-Y6443_reg.swc,L4 IT,0.632,VISl5,VISl,9408.853,2161.002,1944.765,0.0,Plxnd1-CreER;Ai166_380470-191812,35.029797660807006,14.136189899732583,IT-NP-6b,IT-NP-6b,0.8974765946677766,None,IT-NP-6b
191812_7881-X7006-Y5915_reg.swc,L4/L5 IT,1.0,VISpor5,VISpor,9618.42,2589.923,1671.929,0.0,Plxnd1-CreER;Ai166_380470-191812,37.339210051073856,3.264541250582913,IT-NP-6b,IT-NP-6b,0.9862769257032676,None,IT-NP-6b
191812_7886-X4342-Y22754_reg.swc,L4 IT,0.812,VISp2/3,VISp,9703.343,1562.708,8768.993,0.0,Plxnd1-CreER;Ai166_380470-191812,27.16314538432629,21.0198172903394,IT-NP-6b,IT-NP-6b,0.9989626659801414,None,IT-NP-6b
191812_7938-X6892-Y25312_reg.swc,L2/3 IT,1.0,VISpor2/3,VISpor,9761.024,2932.053,9945.052,0.0,Plxnd1-CreER;Ai166_380470-191812,34.66278761956302,0.0,IT-NP-6b,IT-NP-6b,0.9792019787383514,None,IT-NP-6b
191812_7977-X5136-Y23324_reg.swc,L4/L5 IT,1.0,VISp4,VISp,9830.941,1996.563,9013.06,0.0,Plxnd1-CreER;Ai166_380470-191812,24.71088158670157,14.212012235118143,IT-NP-6b,IT-NP-6b,0.936179826002266,None,IT-NP-6b
191812_7998-X5408-Y23691_reg.swc,L4/L5 IT,0.96,VISpl5,VISpl,9852.198,2137.898,9185.589,0.0,Plxnd1-CreER;Ai166_380470-191812,29.573389834180453,11.041078231137696,IT-NP-6b,IT-NP-6b,0.9878194829699684,None,IT-NP-6b
191812_8013-X7581-Y5690_reg.swc,L4/L5 IT,0.93,VISpor5,VISpor,9771.481,2904.587,1560.794,17.320508075688775,Plxnd1-CreER;Ai166_380470-191812,34.66278761956302,0.0,IT-NP-6b,IT-NP-6b,0.96350943874603,None,IT-NP-6b
191812_8096-X5297-Y8332_reg.swc,L4/L5 IT,0.986,VISp5,VISp,9919.771,1736.195,2822.348,0.0,Plxnd1-CreER;Ai166_380470-191812,38.19430845083455,16.991384736449355,IT-NP-6b,IT-NP-6b,0.977388972443938,None,IT-NP-6b
191812_8172-X4789-Y8339_reg.swc,L2/3 IT,1.0,VISp2/3,VISp,10054.788,1429.239,2805.027,14.142135623730953,Plxnd1-CreER;Ai166_380470-191812,40.83402897912664,20.07951883613439,IT-NP-6b,IT-NP-6b,0.974249875814066,None,IT-NP-6b
191812_8233-X6397-Y7234_reg.swc,L4/L5 IT,1.0,VISpl5,VISpl,10060.749,2300.078,2288.961,0.0,Plxnd1-CreER;Ai166_380470-191812,34.55038180082152,4.360612098876345,IT-NP-6b,IT-NP-6b,0.6116434028211194,None,IT-NP-6b
191812_8235-X5804-Y7784_reg.swc,L2/3 IT,0.84,VISpl4,VISpl,10086.985,1993.21,2558.472,0.0,Plxnd1-CreER;Ai166_380470-191812,33.435060537154044,11.924115841330964,IT-NP-6b,IT-NP-6b,0.9797778036714556,None,IT-NP-6b
191812_8356-X5861-Y7841_reg.swc,L2/3 IT,1.0,VISpl2/3,VISpl,10228.084,2031.704,2582.368,0.0,Plxnd1-CreER;Ai166_380470-191812,35.95320312499201,9.902994653573549,IT-NP-6b,IT-NP-6b,0.8755199943665414,None,IT-NP-6b
191813_6154-X4714-Y9350_reg.swc,L4/L5 IT,1.0,VISa4,VISa,7457.036999999997,824.0889999999997,3616.699,33.166247903554,Plxnd1-CreER;Ai166_380471-191813,47.19199228034104,-6.651556454028907,IT-NP-6b,IT-NP-6b,0.9792797085257456,None,IT-NP-6b
191813_6215-X5154-Y8328_reg.swc,L4/L5 IT,1.0,VISa4,VISa,7570.693,966.048,3137.62,42.42640687119285,Plxnd1-CreER;Ai166_380471-191813,28.14107649506488,-14.651062286351676,IT-NP-6b,IT-NP-6b,0.9892608170109451,None,IT-NP-6b
191813_6524-X2579-Y18950_reg.swc,L4/L5 IT,1.0,VISp4,VISp,7841.538,888.615,8109.927,33.166247903554,Plxnd1-CreER;Ai166_380471-191813,27.709872841410853,-19.00328022324127,IT-NP-6b,IT-NP-6b,0.9770528199321338,None,IT-NP-6b
191813_6588-X2661-Y18498_reg.swc,L4/L5 IT,0.998,VISpm4,VISpm,7922.106,860.933,7903.920999999998,14.142135623730953,Plxnd1-CreER;Ai166_380471-191813,33.76574648493598,-15.833185928923024,IT-NP-6b,IT-NP-6b,0.9691867706483872,None,IT-NP-6b
191813_6745-X2825-Y19481_reg.swc,L2/3 IT,1.0,VISp5,VISp,8169.146,1133.962,8311.258,31.622776601683803,Plxnd1-CreER;Ai166_380471-191813,8.508300386038014,-9.48814999678109,IT-NP-6b,IT-NP-6b,0.762219059373571,None,IT-NP-6b
191813_6829-x5209-y8545_reg.swc,L4/L5 IT,1.0,VISp4,VISp,8414.051,1023.136,3270.29,31.622776601683803,Plxnd1-CreER;Ai166_380471-191813,21.85952408560305,-7.265669345248529,IT-NP-6b,IT-NP-6b,0.9042045123198792,None,IT-NP-6b
191813_6871-x5237-y8478_reg.swc,L4/L5 IT,1.0,VISp4,VISp,8475.528,1020.557,3238.4440000000004,41.23105625617661,Plxnd1-CreER;Ai166_380471-191813,21.289047557746823,-5.600061751167019,IT-NP-6b,IT-NP-6b,0.9166020935776464,None,IT-NP-6b
191813_6879-X2723-Y19955_reg.swc,L4/L5 IT,1.0,VISp4,VISp,8343.835,1124.905,8533.732,44.7213595499958,Plxnd1-CreER;Ai166_380471-191813,3.5496433683160453,-2.9649018304433867,IT-NP-6b,IT-NP-6b,0.8663410886434904,None,IT-NP-6b
191813_7160-x2719-y18910_reg.swc,L4 IT,1.0,VISp4,VISp,8693.049,940.481,8090.626999999998,20.0,Plxnd1-CreER;Ai166_380471-191813,28.84953149553837,-3.674768718876399,IT-NP-6b,IT-NP-6b,0.9528244061705192,None,IT-NP-6b
191813_7214-X4724-Y9812_reg.swc,L4/L5 IT,1.0,VISp5,VISp,8893.917,834.3889999999999,3891.844,24.494897427831784,Plxnd1-CreER;Ai166_380471-191813,59.3923162351175,-5.2094916755967775,IT-NP-6b,IT-NP-6b,0.9506736672010964,None,IT-NP-6b
191813_7224-X2864-Y17670_reg.swc,L4/L5 IT,0.984,VISp4,VISp,8788.935,803.576,7510.73,0.0,Plxnd1-CreER;Ai166_380471-191813,57.59792347116514,-5.454949996556112,IT-NP-6b,IT-NP-6b,0.9876563659105848,None,IT-NP-6b
192337_6620-X4736-Y30611_reg.swc,L6b,1.0,or,VISal,8035.75,2085.281,9106.519,0.0,Nxph4-T2A-CreERT2;Ai166_452669-192337,38.69943330975062,6.973306006346376,IT-NP-6b,IT-NP-6b,0.7157584896417393,None,IT-NP-6b
192337_6764-X4864-Y14655_reg.swc,L6b,1.0,cing,VISam,8054.529,1168.155,4332.442,0.0,Nxph4-T2A-CreERT2;Ai166_452669-192337,29.80946356827992,3.4639520323089026,IT-NP-6b,IT-NP-6b,0.764996731511606,None,IT-NP-6b
192337_7344-X3850-Y25781_reg.swc,L6b,0.996,fp,VISp,8831.374,1507.378,7697.831999999998,0.0,Nxph4-T2A-CreERT2;Ai166_452669-192337,41.82102931800191,-2.9630934926299712,IT-NP-6b,IT-NP-6b,0.7997421957692762,None,IT-NP-6b
192337_7585-X7231-Y9932_reg.swc,L6b,0.996,VISp6a,VISp,9020.183,1830.875,2778.537000000001,0.0,Nxph4-T2A-CreERT2;Ai166_452669-192337,8.759575016083764,14.375659699964675,IT-NP-6b,IT-NP-6b,0.8058603246009902,None,IT-NP-6b
192337_7659-X5929-Y12351_reg.swc,L6b,0.998,VISp6b,VISp,9135.534,1488.7279999999994,3532.313,0.0,Nxph4-T2A-CreERT2;Ai166_452669-192337,45.74422392936744,4.819536220269112,IT-NP-6b,IT-NP-6b,0.4231255185742579,None,IT-NP-6b
192339_6660-X3904-Y20076_reg.swc,L6b,1.0,VISp6a,VISp,8595.216,1410.775,7920.369000000002,0.0,Nxph4-T2A-CreERT2;Ai166_452674-192339,27.81658529388536,-3.519178047498769,IT-NP-6b,IT-NP-6b,0.3853976407085706,None,IT-NP-6b
192339_6826-X4163-Y21198_reg.swc,L6b,1.0,or,VISp,8707.98,1743.925,8412.271,0.0,Nxph4-T2A-CreERT2;Ai166_452674-192339,7.394567666416488,7.012973583650965,IT-NP-6b,IT-NP-6b,0.927975938092834,None,IT-NP-6b
192339_6840-X3817-Y19709_reg.swc,L6b,1.0,VISp6a,VISp,8855.867,1388.794,7765.376,0.0,Nxph4-T2A-CreERT2;Ai166_452674-192339,41.23440953998287,-2.4458557446237776,IT-NP-6b,IT-NP-6b,0.5718995878604474,None,IT-NP-6b
192339_7392-X6785-Y6440_reg.swc,L6b,0.688,VISpor6b,VISpor,9314.347,2895.009,1898.852,0.0,Nxph4-T2A-CreERT2;Ai166_452674-192339,40.778772068268935,4.732103613300904,IT-NP-6b,IT-NP-6b,0.321375792708854,None,IT-NP-6b
192340_6224-X4867-Y27176_reg.swc,L6b,0.982,VISa6b,VISa,7716.559,1406.779,8080.996999999998,0.0,Nxph4-T2A-CreERT2;Ai166_452676-192340,24.500326354790044,-16.401081858922087,IT-NP-6b,IT-NP-6b,0.6696083931807648,None,IT-NP-6b
192340_6365-X5976-Y13673_reg.swc,L6b,1.0,VISpm6a,VISpm,8049.300999999998,1173.615,4129.407999999999,20.0,Nxph4-T2A-CreERT2;Ai166_452676-192340,29.4166100802118,4.896095298791448,IT-NP-6b,IT-NP-6b,0.794808351890996,None,IT-NP-6b
192341_6482-X3479-Y8069_reg.swc,L6b,0.996,or,VISrl,8150.956999999998,1822.733,2618.039,0.0,Nxph4-T2A-CreERT2;Ai166_463865-192341,12.166265034473406,4.961762502667699,IT-NP-6b,IT-NP-6b,0.8760676783288122,None,IT-NP-6b
192341_6527-X4499-Y23282_reg.swc,L6b,1.0,or,VISal,7938.608,2362.765,9298.863,0.0,Nxph4-T2A-CreERT2;Ai166_463865-192341,44.18553306558036,3.342525875142877,IT-NP-6b,IT-NP-6b,0.5378334712206465,None,IT-NP-6b
192341_7115-X3118-Y9770_reg.swc,L6b,1.0,or,VISp,8961.029,1689.7379999999994,3312.495,0.0,Nxph4-T2A-CreERT2;Ai166_463865-192341,25.994024246275163,7.111642096304226,IT-NP-6b,IT-NP-6b,0.8425854395785286,None,IT-NP-6b
192341_7303-X4923-Y6376_reg.swc,L6b,1.0,or,VISpor,9054.84,2702.789,1903.048,0.0,Nxph4-T2A-CreERT2;Ai166_463865-192341,41.39039923455998,4.777223593209944,IT-NP-6b,IT-NP-6b,0.3717456768252054,None,IT-NP-6b
192342_6838-X4850-Y2371_reg.swc,L4 IT,1.0,VISal4,VISal,8133.483,1580.1429999999998,9340.764,0.0,Plxnd1-CreER;Ai166_454426-192342,31.27639435674512,7.89633635146135,IT-NP-6b,IT-NP-6b,0.9567057796229168,None,IT-NP-6b
192342_6941-X3482-Y21640_reg.swc,L2/3 IT,1.0,VISp2/3,VISp,8228.721,911.124,8428.291,0.0,Plxnd1-CreER;Ai166_454426-192342,8.905387545218751,-8.464495184217652,IT-NP-6b,IT-NP-6b,0.9676331526056542,None,IT-NP-6b
192342_8032-X5502-Y5809_reg.swc,L4/L5 IT,1.0,VISpor4,VISpor,9584.573,2643.932,1562.4229999999998,41.23105625617661,Plxnd1-CreER;Ai166_454426-192342,40.73739651804642,5.817598829024863,IT-NP-6b,IT-NP-6b,0.9051518078292898,None,IT-NP-6b
192342_8141-X6037-Y23548_reg.swc,L4/L5 IT,1.0,VISpl5,VISpl,9803.029,2257.353,9282.664,0.0,Plxnd1-CreER;Ai166_454426-192342,27.401330074922885,11.236649414225196,IT-NP-6b,IT-NP-6b,0.8415157419406022,None,IT-NP-6b
192343_5742-X3633-Y12817_reg.swc,L2/3 IT,1.0,VISa2/3,VISa,6973.246999999999,548.6669999999998,4263.878,10.0,Plxnd1-CreER;Ai166_454427-192343,37.646559494811655,0.2686508333219488,IT-NP-6b,IT-NP-6b,0.9201804040393629,None,IT-NP-6b
192343_6777-X4052-Y23666_reg.swc,L4 IT,1.0,VISp4,VISp,8376.273000000001,1271.9260000000004,8909.312,0.0,Plxnd1-CreER;Ai166_454427-192343,0.7295625188277491,1.5451721289358724,IT-NP-6b,IT-NP-6b,0.9180880186393092,None,IT-NP-6b
192343_7174-X3824-Y23571_reg.swc,L4 IT,0.936,VISp2/3,VISp,8875.586,1271.628,8857.333,0.0,Plxnd1-CreER;Ai166_454427-192343,2.322608123723169,8.335593644514343,IT-NP-6b,IT-NP-6b,0.9783700372344004,None,IT-NP-6b
192343_7524-X5744-Y25593_reg.swc,L4/L5 IT,1.0,VISpor5,VISpor,9147.339,2433.987,9797.163,0.0,Plxnd1-CreER;Ai166_454427-192343,39.31224983372047,3.5088493148056816,IT-NP-6b,IT-NP-6b,0.9328229562452076,None,IT-NP-6b
192343_7862-X5206-Y6520_reg.swc,L2/3 IT,1.0,VISpor2/3,VISpor,9514.992,2433.05,1554.464,0.0,Plxnd1-CreER;Ai166_454427-192343,38.11864005208899,9.531384493135436,IT-NP-6b,IT-NP-6b,0.9716287509943312,None,IT-NP-6b
194065_6750-X3779-Y21393_reg.swc,L2/3 IT,1.0,VISp2/3,VISp,8287.859,676.355,8100.243,0.0,Cux2-CreERT2;Ai166_458629-194065,27.851761619545503,-12.492469370779093,IT-NP-6b,IT-NP-6b,0.9534346881869824,None,IT-NP-6b
194065_7154-X2800-Y12603_reg.swc,L2/3 IT,1.0,VISpm2/3,VISpm,8825.93,523.9159999999998,4181.065,0.0,Cux2-CreERT2;Ai166_458629-194065,37.28654818710605,2.8525210285519185,IT-NP-6b,IT-NP-6b,0.9642294420806452,None,IT-NP-6b
194069_7629-X6739-Y7566_reg.swc,L5 NP,1.0,VISl5,VISl,9414.374,2068.96,2236.475,17.320508075688775,Fezf2-CreER;Ai166_455391-194069,24.34929947372905,17.80349251679078,IT-NP-6b,IT-NP-6b,0.6692394381694459,None,IT-NP-6b
194079_7452-X4416-Y23624_reg.swc,L4/L5 IT,1.0,VISl5,VISl,9187.138,1877.787,9183.577,0.0,Plxnd1-CreER;Ai166_481971-194079,20.48367522276283,17.46946125811737,IT-NP-6b,IT-NP-6b,0.806051107871249,None,IT-NP-6b
194083_6472-X2866-Y11440_reg.swc,L5 NP,0.938,VISpm5,VISpm,8134.304,790.497,4088.169,0.0,Tle4-CreER;Ai166_482503-194083,29.2300547859612,5.176675103891389,IT-NP-6b,IT-NP-6b,0.7749356310836225,None,IT-NP-6b
201603_6288-X7138-Y5937_reg.swc,L6b,1.0,or,VISrl,7945.411,1635.2820000000006,8464.103000000001,0.0,Nxph4-T2A-CreERT2;Ai166_474594-201603,4.309695444460636,-6.472979469679262,IT-NP-6b,IT-NP-6b,0.4827260227650691,None,IT-NP-6b
211541_6809-X4199-Y14576_reg.swc,L4/L5 IT,0.738,VISli4,VISli,8871.871,2122.359,1687.54,0.0,Gpr139-IRES2-FlpO-WPRE_577267-211541 AiP1046+C-GFP RO),30.53789473823604,-2.92274858930236,IT-NP-6b,IT-NP-6b,0.9839816900204622,None,IT-NP-6b
211541_7198-X4422-Y13840_reg.swc,L5/L6 IT Car3,1.0,VISpor6a,VISpor,9168.771,2640.4240000000004,1881.371,0.0,Gpr139-IRES2-FlpO-WPRE_577267-211541 AiP1046+C-GFP RO),42.26119454173441,9.094598545017334,IT-NP-6b,IT-NP-6b,0.7761551647321234,None,IT-NP-6b
211541_7397-X6860-Y15587_reg.swc,L6 IT-1,0.974,VISp6a,VISp,9538.182,1807.493,2869.395,0.0,Gpr139-IRES2-FlpO-WPRE_577267-211541 AiP1046+C-GFP RO),31.694528851695093,22.741343015513635,IT-NP-6b,IT-NP-6b,0.7481561336569622,None,IT-NP-6b
211541_7408-X19719-Y16313_reg.swc,L4 IT,1.0,VISp4,VISp,9141.486,1421.598,8768.263,0.0,Gpr139-IRES2-FlpO-WPRE_577267-211541 AiP1046+C-GFP RO),9.93771720884678,13.062245089921795,IT-NP-6b,IT-NP-6b,0.8880853521219245,None,IT-NP-6b
211541_7867-X20439-Y14832_reg.swc,L5/L6 IT Car3,1.0,VISl6a,VISl,9537.157,2311.059,9036.706,0.0,Gpr139-IRES2-FlpO-WPRE_577267-211541 AiP1046+C-GFP RO),25.94367598003389,12.77712646474301,IT-NP-6b,IT-NP-6b,0.6859610054907299,None,IT-NP-6b
220307_6913-X8802-Y21284_reg.swc,L5 IT-2,0.642,VISa5,VISa,7513.59,896.572,3861.875,0.0,Batf3-IRES2-FlpO-WPRE-neo_609510-220307 (F-GFP RO),49.016201998608416,-0.2291113578344877,IT-NP-6b,IT-NP-6b,0.6569107498953975,None,IT-NP-6b
220307_7116-X8416-Y21177_reg.swc,L4/L5 IT,1.0,VISam5,VISam,7771.001,890.135,3684.043,0.0,Batf3-IRES2-FlpO-WPRE-neo_609510-220307 (F-GFP RO),38.38462957245877,-8.683066263484355,IT-NP-6b,IT-NP-6b,0.8299119203969592,None,IT-NP-6b
220307_7390-X9129-Y21344_reg.swc,L4/L5 IT,1.0,VISpm5,VISpm,8094.675,726.073,4024.148,0.0,Batf3-IRES2-FlpO-WPRE-neo_609510-220307 (F-GFP RO),29.437224695800435,4.689133998245581,IT-NP-6b,IT-NP-6b,0.9358671503184544,None,IT-NP-6b
220308_6541-X9681-Y17291_reg.swc,L5 IT-2,0.926,VISp5,VISp,7912.973000000001,1083.712,3457.463,0.0,Batf3-IRES2-FlpO-WPRE-neo_609513-220308 (F-GFP RO),30.20460949595241,-18.38233223927396,IT-NP-6b,IT-NP-6b,0.6269732331417422,None,IT-NP-6b
220308_6638-X10400-Y17315_reg.swc,L5 IT-2,0.948,VISpm5,VISpm,8024.634,1038.28,3773.239,0.0,Batf3-IRES2-FlpO-WPRE-neo_609513-220308 (F-GFP RO),33.79719425054955,-7.449644624229925,IT-NP-6b,IT-NP-6b,0.6185306099606092,None,IT-NP-6b
220308_6723-X23664-Y14930_reg.swc,L4/L5 IT,0.746,VISal5,VISal,8106.749,1989.407,9434.621,0.0,Batf3-IRES2-FlpO-WPRE-neo_609513-220308 (F-GFP RO),45.27788448114208,1.6853798822512305,IT-NP-6b,IT-NP-6b,0.5854727988422868,None,IT-NP-6b
220308_6761-X10353-Y16971_reg.swc,L6b,1.0,or,VISp,8176.83,1307.747,3775.523,0.0,Batf3-IRES2-FlpO-WPRE-neo_609513-220308 (F-GFP RO),38.95382289433648,-11.435113260744732,IT-NP-6b,IT-NP-6b,0.7929310284963857,None,IT-NP-6b
220308_7065-X21542-Y16233_reg.swc,L5 IT-2,1.0,VISp5,VISp,8533.034,1438.5929999999994,8503.56,0.0,Batf3-IRES2-FlpO-WPRE-neo_609513-220308 (F-GFP RO),3.2149381204681418,2.430912917156176,IT-NP-6b,IT-NP-6b,0.5447491841292029,None,IT-NP-6b
220308_7209-X6269-Y16507_reg.swc,L4 IT,1.0,VISl2/3,VISl,8757.293,1628.939,2015.247,0.0,Batf3-IRES2-FlpO-WPRE-neo_609513-220308 (F-GFP RO),19.49232288963903,4.06995269796529,IT-NP-6b,IT-NP-6b,0.8964381118381449,None,IT-NP-6b
220308_7775-X8240-Y16877_reg.swc,L5 IT-2,0.902,VISp5,VISp,9435.525,1474.812,2898.801,0.0,Batf3-IRES2-FlpO-WPRE-neo_609513-220308 (F-GFP RO),29.00429641867384,16.672933125968644,IT-NP-6b,IT-NP-6b,0.6902779016482589,None,IT-NP-6b
220309_6744-X9496-Y18547_reg.swc,L2/3 IT,1.0,VISpm2/3,VISpm,8330.956,613.443,3896.957,0.0,Batf3-IRES2-FlpO-WPRE-neo-609514-220309 (F-GFP ICV),40.59893310180618,0.3767568633816727,IT-NP-6b,IT-NP-6b,0.974075273127454,None,IT-NP-6b
220315_6442-X7542-Y17434_reg.swc,L4 IT,1.0,VISrl4,VISrl,7748.333,1263.903,2541.564,0.0,Chrna6-IRES2-FlpO-neo_605599-220315 (F-GFP RO),17.47311894718735,-1.4213308211847122,IT-NP-6b,IT-NP-6b,0.8807986495963273,None,IT-NP-6b
