specimen_id,hc_conn_4_10,hc_conn_4_15,hc_conn_4_20,hc_conn_4_25,hc_conn_4_30,hc_conn_7_10,hc_conn_7_15,hc_conn_7_20,hc_conn_7_25,hc_conn_7_30,hc_conn_10_10,hc_conn_10_15,hc_conn_10_20,hc_conn_10_25,hc_conn_10_30,hc_combo_0.5_10,hc_combo_0.5_15,hc_combo_0.5_20,hc_combo_0.5_25,hc_combo_0.5_30,hc_combo_1_10,hc_combo_1_15,hc_combo_1_20,hc_combo_1_25,hc_combo_1_30,gmm_combo_0.5_10,gmm_combo_0.5_15,gmm_combo_0.5_20,gmm_combo_0.5_25,gmm_combo_0.5_30,gmm_combo_1_10,gmm_combo_1_15,gmm_combo_1_20,gmm_combo_1_25,gmm_combo_1_30,spec_combo_0.5_10,spec_combo_0.5_15,spec_combo_0.5_20,spec_combo_0.5_25,spec_combo_0.5_30,spec_combo_1_10,spec_combo_1_15,spec_combo_1_20,spec_combo_1_25,spec_combo_1_30,kmeans_combo_0.5_10,kmeans_combo_0.5_15,kmeans_combo_0.5_20,kmeans_combo_0.5_25,kmeans_combo_0.5_30,kmeans_combo_1_10,kmeans_combo_1_15,kmeans_combo_1_20,kmeans_combo_1_25,kmeans_combo_1_30
1039273993,4,4,4,4,0,9,9,0,12,5,3,14,14,6,6,7,14,14,14,14,2,11,11,23,11,0,5,8,6,7,2,1,11,24,10,1,14,0,0,29,2,4,15,0,26,2,2,2,12,12,4,4,4,6,6
823218199,8,8,8,1,13,5,12,12,0,25,2,2,18,18,18,2,3,18,18,18,0,7,3,1,26,7,10,11,10,18,6,12,13,22,8,6,0,15,11,15,4,5,3,18,20,0,10,10,20,20,0,14,14,20,20
893366298,0,2,3,0,10,2,0,8,8,8,3,13,13,13,13,7,8,8,0,12,2,0,19,19,9,6,5,16,6,16,5,6,19,1,25,8,2,4,22,23,1,7,1,15,9,4,12,13,11,11,6,6,18,19,19
922742835,0,2,1,17,17,9,9,0,24,24,6,6,6,24,24,7,8,8,0,12,2,0,19,19,9,6,4,0,2,16,5,10,19,1,24,8,2,4,22,23,1,7,1,15,11,4,12,12,23,23,6,6,18,19,19
992219189,3,1,5,8,3,3,3,4,10,10,4,1,2,2,2,1,2,2,17,17,6,6,6,16,16,1,9,13,5,1,8,7,3,15,5,0,11,14,9,3,5,13,19,6,16,9,9,9,4,4,1,13,0,0,0
763994181,0,2,3,0,10,2,2,2,2,12,4,1,2,10,4,4,4,10,10,10,2,0,19,19,9,6,4,16,0,16,5,6,19,1,25,8,13,19,15,21,1,7,1,15,22,6,12,13,23,23,6,6,18,19,19
1010970692,1,3,0,2,2,0,4,9,9,9,1,4,0,14,14,0,10,4,4,4,7,3,16,7,7,0,8,8,15,24,4,1,10,3,10,4,3,1,0,29,2,4,0,0,26,8,8,8,23,27,4,4,15,6,6
912289883,2,0,17,3,8,4,1,16,16,16,7,3,1,1,29,3,1,15,7,3,1,12,12,5,19,8,0,4,8,3,7,2,9,9,13,7,1,5,13,24,9,0,16,9,7,1,1,1,10,10,8,8,8,21,21
899711102,3,1,5,8,3,3,3,4,10,10,4,1,2,10,4,1,2,2,17,17,6,6,6,24,24,1,9,13,5,27,8,7,3,15,5,0,11,14,6,23,5,13,19,10,16,9,0,18,4,4,1,13,13,0,13
642777215,2,0,17,3,8,2,2,2,4,4,7,3,1,1,26,3,13,13,13,2,1,2,2,22,22,4,6,14,17,14,3,4,6,20,16,8,14,17,23,4,7,8,5,16,12,6,6,6,1,26,1,1,1,1,26
646836355,9,9,9,9,9,0,10,10,21,21,1,12,12,5,5,6,6,6,6,15,8,8,18,18,8,3,13,10,3,9,9,9,5,10,26,5,4,3,5,5,3,3,4,4,10,7,7,7,15,25,7,7,7,15,15
1036259470,1,3,0,2,2,1,5,5,5,2,3,14,14,11,11,7,14,14,14,14,2,11,11,23,11,0,3,1,15,10,4,1,0,24,10,4,3,1,0,29,2,4,0,0,9,8,8,8,19,19,4,4,15,11,11
965591192,0,2,3,11,11,2,2,2,2,28,1,12,12,5,5,0,7,3,11,5,7,3,17,17,17,3,13,6,11,13,9,9,16,13,4,4,9,12,10,16,8,12,9,16,4,8,8,19,18,18,7,12,12,16,16
645529777,3,1,16,16,16,2,2,2,2,12,0,7,3,3,0,1,11,11,5,6,6,6,6,24,24,9,9,18,19,25,1,14,17,7,7,8,11,8,9,3,7,1,19,1,16,9,13,18,4,4,1,13,13,13,13
914432180,2,0,7,7,7,1,5,5,5,2,3,14,14,11,11,1,2,2,23,23,7,3,16,7,7,0,3,1,15,10,4,1,0,24,10,4,3,1,0,29,2,4,0,0,0,8,8,8,19,19,4,4,15,11,11
764477652,3,1,5,8,3,3,3,4,10,10,4,1,2,10,4,1,2,2,17,17,6,6,6,16,16,1,9,18,5,1,8,7,3,15,5,0,11,14,6,1,5,13,19,6,16,9,0,18,0,0,1,13,0,0,0
908894436,4,4,4,4,0,9,9,0,20,20,6,6,6,12,12,9,9,0,15,7,5,5,5,0,25,2,2,7,20,0,2,11,2,0,12,1,5,13,19,22,6,10,15,13,6,3,3,3,2,2,3,3,5,9,9
989163765,3,1,5,10,4,5,12,12,0,26,2,0,7,7,3,2,12,12,12,28,3,14,14,6,6,1,14,17,12,15,8,13,7,14,22,6,7,18,16,2,5,2,17,21,13,0,14,14,5,5,5,5,17,10,10
640106757,0,2,3,0,10,2,2,2,2,12,0,7,3,3,0,1,2,2,23,23,1,2,2,22,22,4,6,9,17,23,3,4,6,20,16,0,7,17,23,11,7,1,7,10,12,6,6,6,1,26,1,1,1,1,26
970080520,5,5,2,22,22,6,6,6,6,6,5,5,5,0,10,5,5,5,2,11,9,9,9,9,4,5,11,3,24,6,0,5,4,18,27,9,8,11,3,0,0,11,2,17,3,5,5,5,7,7,9,9,9,18,18
1010692386,1,3,0,2,2,1,5,5,5,2,0,7,3,3,0,7,14,14,14,14,2,11,11,23,11,0,3,8,6,10,4,1,0,24,10,4,3,1,0,29,2,4,0,0,26,8,12,8,12,27,4,4,15,11,11
853618984,4,4,4,4,0,9,9,0,20,20,6,6,6,12,12,9,9,0,15,7,5,5,5,0,25,2,2,7,20,0,2,11,2,0,12,1,5,13,19,22,6,10,10,13,6,3,3,3,2,2,3,10,10,9,9
990548306,0,2,3,0,10,2,2,2,2,12,0,7,3,3,0,7,8,8,0,25,2,0,4,4,18,6,5,16,2,21,5,6,19,1,25,8,2,10,1,9,1,7,1,15,11,6,12,12,23,23,6,6,18,19,19
853692765,3,1,5,10,4,9,9,0,24,24,6,6,6,24,24,9,9,0,24,24,5,5,5,0,0,2,2,7,9,26,2,11,11,0,6,1,5,4,17,11,6,10,15,13,1,2,2,2,9,9,3,10,3,3,3
950034792,2,0,17,3,8,4,1,16,16,16,7,3,1,1,7,3,1,15,7,3,1,12,12,5,13,8,0,4,8,17,7,2,9,9,3,7,13,9,15,6,9,0,16,9,7,1,1,1,10,10,8,8,8,21,21
908669318,8,8,8,1,1,5,12,12,0,11,2,2,4,9,9,2,3,9,9,9,4,1,1,11,2,7,12,11,10,18,6,0,8,17,29,3,12,6,24,13,4,6,8,14,14,0,11,11,14,14,0,0,19,22,22
998064533,8,8,8,1,1,5,12,12,11,0,2,0,7,7,3,2,3,9,9,9,4,1,8,8,3,7,10,11,10,15,6,0,8,11,19,6,0,15,20,28,4,6,18,22,19,0,10,10,24,24,0,0,17,7,7
893354404,0,2,3,0,10,9,9,0,12,5,3,14,14,6,6,7,14,14,14,14,2,11,11,23,11,0,3,8,6,10,4,1,0,24,10,1,3,1,0,29,2,4,15,20,26,2,12,8,12,12,4,4,15,6,6
819950000,3,1,5,10,4,2,2,2,2,12,3,14,14,6,6,1,11,11,5,27,2,11,11,23,11,9,1,18,5,27,1,7,3,15,7,0,11,14,6,11,5,13,19,6,16,9,0,0,4,4,1,13,0,0,0
919699890,3,1,5,8,3,2,2,2,2,12,7,3,1,1,7,3,1,15,7,3,1,12,12,5,19,8,0,9,8,3,7,2,9,2,13,7,1,5,13,24,9,0,7,9,25,1,1,1,10,1,8,8,1,21,1
699818438,3,1,16,16,16,9,9,0,12,5,6,6,6,24,24,9,9,0,24,24,5,5,5,10,10,2,2,7,1,0,2,11,11,0,12,1,5,13,19,7,6,10,15,10,6,3,3,3,2,9,3,3,5,2,2
973832650,7,7,15,15,15,2,2,2,4,4,1,4,0,4,1,0,7,3,11,5,7,3,17,17,17,3,13,14,7,13,9,9,16,13,4,4,10,12,21,16,8,12,9,16,4,8,8,15,18,18,7,12,12,16,16
841871826,3,1,5,8,3,3,3,4,10,10,4,1,2,2,2,1,11,11,5,6,6,6,6,24,24,1,9,13,5,27,8,7,3,15,5,0,11,14,6,3,5,13,19,1,16,9,9,18,4,4,1,13,0,0,0
969200089,0,2,3,0,10,2,0,8,8,8,3,13,13,13,13,4,4,10,10,10,2,0,4,4,29,6,4,16,2,2,2,10,11,4,1,1,13,19,15,21,6,7,1,10,22,2,2,2,11,11,3,3,3,8,8
962105846,0,2,3,0,10,2,2,2,2,12,0,7,3,3,0,7,8,8,0,25,2,0,4,4,18,6,5,16,2,29,5,10,6,4,16,8,2,4,1,9,7,7,1,10,24,6,12,12,23,23,6,6,18,8,8
1036186120,4,4,4,4,0,1,5,5,5,2,3,14,14,11,11,7,14,14,14,14,2,11,11,23,11,0,3,8,6,10,4,1,0,24,10,4,3,1,0,29,2,4,0,0,26,8,12,8,19,12,4,4,4,6,6
965771797,4,4,4,4,0,9,9,0,12,5,3,14,14,6,6,9,9,0,20,20,5,5,5,0,0,2,5,8,9,7,2,11,11,0,6,1,5,13,17,9,2,10,15,13,1,2,2,2,9,9,3,3,4,3,3
962261526,2,0,17,3,8,4,1,1,1,1,7,3,8,8,8,3,1,15,7,3,1,12,12,5,19,8,0,4,4,19,7,2,9,9,9,7,1,9,7,14,9,0,7,9,25,1,1,1,21,21,8,8,8,14,14
961114647,5,5,2,22,22,6,6,6,6,6,5,5,5,0,25,5,5,5,2,26,9,9,9,9,4,5,11,3,24,20,0,5,4,18,17,9,8,11,3,25,0,11,2,17,3,5,5,5,7,7,9,9,9,18,18
645354028,3,1,5,8,3,3,3,4,10,10,4,1,2,10,4,1,11,11,5,6,6,6,6,16,16,1,9,13,5,25,8,7,3,15,5,0,11,14,6,3,5,13,19,10,16,9,0,18,4,4,1,13,13,13,13
914354735,8,8,8,1,1,5,12,12,0,11,2,0,7,7,3,8,0,1,21,21,4,1,1,11,2,7,12,5,16,18,6,3,8,8,19,3,12,6,24,13,4,6,13,5,21,0,11,17,14,14,0,14,14,7,7
841888315,3,1,16,16,16,5,12,12,0,27,2,0,7,7,3,8,0,17,8,8,5,5,5,10,10,1,14,17,1,5,8,13,7,14,14,3,12,16,14,7,6,1,15,10,15,0,14,17,14,14,5,5,16,2,2
645530172,3,1,5,10,4,3,3,4,10,10,4,1,2,2,2,1,2,2,23,23,1,2,2,22,22,4,6,13,17,23,3,4,6,20,7,0,7,17,2,11,7,1,15,10,12,6,6,6,3,26,1,6,6,8,26
947139142,0,2,3,0,10,2,0,8,8,8,3,13,13,13,13,4,4,19,19,19,2,0,19,19,9,6,5,15,6,2,5,6,19,1,25,1,14,0,22,27,1,7,1,15,9,4,4,4,11,11,6,6,18,19,19
681931335,3,1,5,8,3,3,3,4,10,10,4,1,2,2,2,1,11,11,5,27,6,6,6,24,24,9,1,18,19,25,1,14,17,7,5,0,11,14,9,3,5,13,19,1,16,9,9,18,4,4,1,13,13,13,13
921637459,0,2,3,0,10,2,2,2,2,12,0,7,3,3,0,7,8,8,0,25,2,0,4,4,18,6,5,16,6,21,5,6,19,1,25,8,2,10,1,9,7,7,1,10,9,6,12,12,23,23,6,6,18,19,19
694841940,0,13,13,13,27,2,14,14,14,29,1,4,19,19,19,6,6,6,6,29,8,8,18,18,8,3,13,10,21,12,9,9,5,10,26,5,4,3,5,12,8,12,4,4,10,7,7,19,15,15,7,7,7,16,16
927797864,4,4,4,4,0,9,9,0,20,20,6,6,6,12,12,9,9,0,15,7,5,5,5,0,25,2,2,7,20,0,2,11,2,0,12,1,5,13,19,22,6,10,10,13,6,3,3,3,2,28,3,3,3,9,9
698675821,5,5,2,5,5,6,6,6,6,6,5,5,5,0,10,5,5,5,2,11,9,9,9,9,4,5,11,3,24,6,0,5,4,18,27,9,8,11,3,0,0,11,2,17,3,5,5,5,7,7,9,9,9,23,23
1000612469,6,6,6,6,6,1,13,13,13,13,0,10,10,22,22,0,7,3,11,5,7,3,17,17,17,3,13,12,7,12,9,9,16,13,4,4,10,12,21,16,8,12,9,16,4,8,8,19,18,18,7,12,12,16,16
896053888,0,2,3,0,10,2,2,2,2,12,0,7,3,3,0,7,8,8,0,25,2,0,4,4,18,6,5,16,2,21,5,6,19,4,25,8,2,10,1,9,7,7,1,10,9,6,12,12,23,23,6,6,18,8,8
903864968,4,4,4,4,0,9,9,0,20,20,6,6,6,12,12,9,9,0,15,7,5,5,5,0,25,2,2,7,20,0,2,11,2,0,12,1,5,13,19,22,6,10,10,13,24,3,3,3,2,2,3,10,10,3,3
681636493,8,8,8,1,1,5,12,12,11,0,2,0,7,7,3,2,12,12,12,13,4,1,8,8,3,7,10,2,10,15,6,0,8,11,19,6,0,15,20,28,4,6,13,22,19,0,10,10,24,24,0,0,17,7,7
739840659,0,2,3,0,10,4,1,1,1,1,7,3,8,8,8,3,1,15,7,3,1,12,12,5,19,8,0,4,4,19,7,2,9,9,9,7,1,9,7,14,1,7,1,15,11,1,1,1,21,21,8,8,8,14,14
847876759,2,0,17,3,8,4,1,16,16,16,7,3,1,1,29,3,1,15,7,3,1,12,12,5,19,8,0,4,8,3,7,2,9,9,13,7,1,5,13,4,9,0,7,9,25,1,1,1,10,10,8,8,8,21,21
644821657,8,8,8,1,1,5,12,12,0,11,2,0,15,15,15,8,0,1,21,21,3,4,0,20,20,7,14,5,16,18,6,3,12,8,2,3,12,6,8,8,4,2,17,11,28,0,11,16,22,22,0,14,19,7,7
845402780,3,1,16,16,16,5,12,12,0,27,2,0,7,7,3,8,0,17,8,8,5,5,5,10,10,1,9,17,1,5,8,13,11,14,14,1,7,10,17,29,6,13,15,10,1,9,14,18,14,14,5,5,16,2,2
863515305,3,1,16,16,16,9,9,0,12,5,6,6,6,24,24,9,9,0,15,7,5,5,5,10,10,2,2,7,20,0,2,11,11,0,12,1,5,13,19,22,6,10,15,10,6,3,3,3,2,9,3,3,5,2,2
893371082,4,4,4,4,0,9,9,0,24,24,6,6,6,24,24,9,9,0,15,7,5,5,5,0,25,2,2,7,9,26,2,11,2,0,12,1,5,13,19,22,6,10,10,13,6,2,2,2,9,28,3,10,10,9,9
989479628,0,10,10,21,21,7,7,15,15,15,9,9,9,20,20,6,6,6,6,29,8,8,18,18,8,3,13,10,21,12,9,9,5,10,26,5,4,3,5,12,3,3,4,4,10,7,7,19,15,15,7,7,7,16,16
716309237,4,4,4,4,0,9,9,0,12,5,3,14,14,6,6,9,9,0,24,24,2,11,11,23,11,2,3,8,6,7,2,11,15,24,10,1,14,0,0,27,2,4,15,13,6,3,4,4,12,12,4,4,4,6,6
954032889,2,0,7,7,7,3,3,4,10,10,7,3,1,1,26,3,1,15,7,3,1,2,2,14,14,8,0,9,8,3,3,4,1,2,13,7,1,17,13,4,9,8,5,23,18,1,1,1,1,1,8,1,1,1,1
902255361,3,1,5,10,4,3,3,4,10,10,4,1,2,2,2,9,9,0,24,24,6,6,6,24,24,9,1,13,19,8,1,14,17,7,24,0,13,19,15,6,6,10,10,1,24,9,9,18,4,4,3,10,10,13,13
863478540,4,4,4,4,0,9,9,0,24,24,6,6,6,24,24,9,9,0,15,7,5,5,5,0,0,2,2,7,20,0,2,11,2,0,12,1,5,13,19,9,6,10,10,13,1,3,3,3,9,28,3,3,3,9,9
904725260,4,4,4,4,0,9,9,0,12,5,3,14,14,6,6,4,4,19,19,19,2,0,15,15,15,2,5,7,6,2,2,11,15,0,6,1,14,0,2,27,6,1,15,20,17,2,4,4,12,12,3,3,6,3,3
986895113,1,3,0,2,2,1,5,5,5,2,0,7,3,3,0,7,14,14,14,14,2,11,11,23,11,0,3,1,15,10,4,1,0,24,10,4,3,1,0,1,2,4,0,0,9,8,12,8,19,27,4,4,15,11,11
681419547,3,1,5,8,3,3,3,4,10,10,4,1,2,2,2,1,11,11,5,6,6,6,6,24,24,9,9,18,5,25,8,14,17,15,5,0,11,8,9,3,5,13,19,1,16,9,9,18,4,4,1,13,13,13,13
984056604,4,4,4,4,0,9,9,0,12,5,3,14,14,6,6,7,14,14,14,14,2,11,11,23,11,0,3,8,6,7,4,1,0,24,10,1,14,0,0,27,2,4,15,0,26,4,4,4,12,12,4,4,4,6,6
820060969,0,2,3,0,10,2,0,8,8,8,3,13,13,13,13,4,4,10,10,10,2,0,4,4,18,6,5,16,2,21,5,6,15,4,1,8,14,0,22,1,7,7,1,15,9,4,4,4,11,11,6,6,18,8,8
639910703,0,2,3,11,11,2,2,2,2,12,0,7,3,3,0,3,13,13,13,2,1,2,2,22,22,4,6,14,17,14,3,4,6,20,16,8,14,0,23,1,7,8,9,16,12,6,6,15,16,26,4,12,12,1,26
990229295,8,8,8,1,13,5,12,12,0,25,2,0,7,7,3,2,3,9,9,9,4,1,7,3,1,7,10,11,10,18,6,0,8,11,28,6,0,15,11,28,4,5,18,2,27,0,10,10,5,5,0,14,17,22,22
833872706,3,1,16,16,16,5,12,12,0,27,2,0,7,7,3,8,0,17,8,8,5,5,5,10,10,9,14,17,1,5,2,3,11,14,14,1,7,16,14,7,7,1,15,10,28,3,14,14,14,14,5,5,16,2,2
823083861,8,8,8,1,1,5,12,12,0,11,2,0,15,15,15,2,3,9,9,9,4,1,8,8,3,7,14,5,16,18,6,0,12,11,19,3,12,16,24,13,4,6,13,22,19,0,11,17,14,14,0,14,17,7,7
896619350,0,2,3,0,10,9,9,0,24,24,3,13,13,13,13,4,4,10,10,10,2,0,4,4,18,6,5,16,2,21,5,6,15,4,1,8,2,4,22,27,7,7,1,20,9,4,4,13,11,11,6,6,6,8,8
947344218,2,0,17,3,8,4,1,16,16,16,7,3,1,1,7,3,1,15,7,3,1,2,2,14,14,8,0,9,8,3,3,4,1,2,13,7,1,5,13,4,9,8,5,23,18,1,1,1,10,10,8,1,1,21,21
851542876,4,4,4,4,0,9,9,0,24,24,6,6,6,24,24,9,9,0,15,7,5,5,5,0,25,2,2,7,20,0,2,11,2,0,12,1,13,19,15,21,6,10,15,13,6,3,3,3,2,28,3,3,5,9,9
681939807,3,1,5,8,3,3,3,4,10,10,4,1,2,10,4,1,2,2,17,17,6,6,6,16,16,1,9,13,5,25,8,7,3,15,5,0,11,14,6,3,5,13,19,6,16,9,9,18,4,4,1,13,0,0,0
902140767,4,4,4,4,0,9,9,0,24,24,6,6,6,24,24,9,9,0,20,20,2,0,15,15,15,2,2,7,9,26,2,11,2,0,6,1,5,10,17,9,7,1,10,10,24,2,2,2,9,28,3,3,3,3,3
646177634,5,5,2,5,5,6,6,6,6,6,5,5,5,0,10,5,5,5,2,11,9,9,9,9,4,5,11,3,24,6,0,5,4,18,27,9,8,11,3,0,0,11,2,17,3,5,5,5,7,7,9,9,9,18,18
705839974,2,0,17,3,8,4,1,16,16,16,7,3,1,1,29,3,1,15,7,3,1,12,12,5,19,8,0,9,8,3,7,4,9,2,9,7,1,5,13,4,9,0,7,23,25,1,1,1,10,1,8,1,1,21,1
901440363,8,8,8,1,1,5,12,12,0,11,2,0,7,7,3,2,12,12,12,13,4,1,1,2,27,7,10,2,10,18,6,0,8,17,29,6,7,18,20,2,4,6,8,7,14,0,14,14,24,24,0,0,17,22,22
837673842,0,2,3,0,10,2,0,8,8,8,0,7,3,3,0,7,8,8,0,12,2,0,19,19,9,6,4,15,2,21,5,10,19,1,24,8,2,4,1,23,1,9,1,15,11,4,12,12,23,27,6,6,18,4,4
1035989877,1,3,0,2,2,1,5,5,5,14,3,14,14,11,11,7,14,14,14,14,2,11,11,23,11,0,3,1,6,10,4,1,0,24,10,4,3,1,0,29,2,4,0,0,9,8,12,8,19,19,4,4,15,11,11
910287738,4,4,4,4,0,9,9,0,20,20,6,6,6,12,12,9,9,0,15,7,5,5,5,0,25,2,2,7,20,0,2,11,2,0,12,1,5,13,19,22,6,10,10,13,6,3,3,3,2,2,3,10,10,9,9
698676093,5,5,2,5,5,6,6,6,6,6,5,5,5,0,10,5,5,5,2,11,9,9,9,9,4,5,11,3,24,6,0,5,4,18,27,9,8,11,3,0,0,11,2,17,3,5,5,5,7,7,9,9,9,23,23
827638657,3,1,5,10,4,5,12,12,0,26,2,0,7,7,3,2,12,12,12,28,3,14,14,6,6,1,9,17,12,15,8,13,7,14,22,6,7,18,16,2,5,9,14,21,13,0,14,14,24,24,5,5,3,10,10
925242241,2,0,17,3,8,4,1,1,1,1,7,3,8,8,8,3,1,16,16,16,1,12,12,5,19,8,0,4,4,19,7,2,9,9,3,7,13,9,7,14,9,0,16,9,7,1,1,1,21,21,8,8,8,14,14
612410245,0,2,3,0,10,2,2,2,2,12,3,14,14,6,6,7,8,8,0,12,2,11,11,23,11,1,9,18,5,1,8,7,3,15,7,0,11,14,6,1,5,13,19,6,16,2,12,12,8,8,1,13,0,0,0
948302732,3,1,16,16,16,5,12,12,0,27,2,0,15,15,15,8,0,17,8,8,3,4,0,20,20,1,14,17,1,5,8,13,7,14,2,3,12,16,14,7,7,2,17,11,28,0,14,16,14,14,5,5,19,2,2
963019667,2,0,17,3,8,4,1,16,16,16,7,3,1,1,7,3,1,15,7,3,1,12,12,5,19,8,0,4,8,3,7,2,9,9,13,7,1,9,13,24,9,0,7,9,25,1,1,1,10,10,8,8,8,21,21
650331035,1,3,0,2,2,0,4,9,9,9,1,4,0,4,1,0,10,4,4,4,7,3,16,7,7,0,8,6,15,10,4,1,10,3,4,4,10,1,12,16,2,4,0,0,26,8,8,8,16,16,4,4,15,5,5
603902877,3,1,5,10,4,3,3,4,10,10,4,1,2,2,2,1,11,11,5,27,6,6,6,16,16,9,1,13,19,27,1,14,17,7,7,0,11,14,6,11,5,13,19,1,16,9,0,18,4,4,1,13,13,13,13
681554845,8,8,8,1,1,3,3,4,10,10,4,1,2,2,2,1,2,2,17,17,6,6,6,16,16,1,9,13,5,25,8,7,3,15,7,0,7,14,6,3,5,13,5,6,16,9,9,18,4,4,1,13,0,0,0
740410280,1,3,0,2,2,0,4,9,9,9,1,4,0,4,1,0,7,3,11,5,7,3,17,17,17,3,13,6,11,13,9,9,16,13,4,4,10,12,21,17,8,12,5,16,4,8,8,19,6,6,4,12,12,16,16
863404974,4,4,4,4,0,9,9,0,24,24,6,6,6,24,24,9,9,0,20,20,2,0,15,15,15,2,2,7,9,26,2,11,15,0,6,1,5,4,2,11,7,1,10,20,17,2,2,2,9,9,3,10,3,3,3
829305793,8,8,8,1,1,5,12,12,11,0,2,0,7,7,3,2,12,12,12,13,3,14,14,6,6,7,10,11,10,15,6,0,12,8,22,6,0,18,16,2,4,9,17,21,13,0,10,14,5,5,0,0,17,10,10
948126701,2,0,17,3,8,2,2,2,4,4,7,3,1,1,29,3,13,13,13,2,1,2,2,22,22,4,6,9,17,29,3,4,6,2,16,8,2,17,23,4,7,8,5,23,18,6,6,13,1,1,8,1,1,1,1
990213121,8,8,8,1,1,5,12,12,0,11,2,2,4,9,9,8,0,1,21,21,4,1,1,11,2,7,12,11,10,18,6,0,12,8,19,3,12,6,14,13,4,6,13,5,15,0,11,16,14,14,0,14,16,7,7
1000625161,7,7,15,15,15,2,2,2,4,4,1,4,0,4,1,0,7,3,11,5,7,3,17,17,17,4,8,14,7,14,3,4,16,13,4,4,10,12,21,19,8,12,9,16,4,8,8,15,16,18,7,12,12,16,16
698700813,0,2,3,0,10,2,2,2,2,12,3,14,14,6,6,7,8,8,0,12,2,11,11,23,11,6,5,1,6,21,5,6,19,20,25,8,3,10,22,1,2,7,1,6,9,6,12,12,8,8,6,4,18,11,11
910287886,0,2,1,17,17,9,9,0,24,24,6,6,6,24,24,9,9,0,20,20,5,5,5,0,0,2,2,7,9,26,1,11,17,7,6,1,5,10,17,9,6,10,10,1,24,2,2,2,9,28,3,10,10,24,24
941552661,0,2,1,17,17,9,9,0,24,24,6,6,6,24,24,9,9,0,15,7,5,5,5,0,25,2,2,7,20,0,2,11,2,0,12,1,5,13,19,22,6,10,10,13,6,3,3,3,2,2,3,3,5,9,9
880772136,8,8,8,1,1,5,12,12,0,11,2,2,18,18,18,2,3,9,9,9,4,1,8,8,3,7,10,11,10,18,6,0,8,11,19,6,0,15,11,15,4,5,18,14,14,0,10,10,5,5,0,14,17,7,7
652960852,8,8,8,1,1,5,12,12,11,0,2,0,7,7,3,2,3,9,9,9,4,1,8,8,3,7,10,11,10,18,6,0,8,11,19,6,0,16,20,13,4,6,13,22,19,0,10,10,5,5,0,0,17,7,7
740373591,2,0,17,3,8,4,1,1,1,1,7,3,8,8,8,3,1,16,16,16,1,12,12,5,13,8,0,4,4,19,7,2,9,9,3,7,1,9,7,14,9,0,16,9,7,1,1,1,21,21,8,8,8,14,14
989369441,1,3,0,2,2,3,3,3,3,3,3,14,14,6,6,7,8,8,0,12,2,0,19,19,9,0,3,8,6,10,4,1,10,24,10,4,3,1,0,29,2,4,0,0,26,4,12,8,19,19,4,4,4,6,6
889271408,2,0,17,3,8,4,1,16,16,16,7,3,1,1,29,3,1,15,7,3,1,12,12,5,19,8,0,4,8,3,7,2,9,9,13,7,1,5,13,24,9,0,16,9,25,1,1,1,10,10,8,8,8,21,21
947496055,2,0,17,3,8,4,1,16,16,16,7,3,1,1,29,3,1,15,7,3,1,2,2,14,14,8,0,9,8,3,3,4,1,2,13,7,13,5,13,4,9,8,5,23,18,1,1,1,10,10,8,1,1,1,1
695440507,8,8,8,1,1,9,9,0,20,20,6,6,6,24,24,8,0,17,8,8,5,5,5,0,25,1,14,17,1,5,8,13,3,14,14,0,12,14,6,3,5,13,15,10,6,0,11,17,14,14,5,5,16,2,2
983975050,1,3,0,2,2,1,5,5,5,2,1,4,0,14,14,0,10,4,4,4,7,3,16,7,7,0,8,12,13,24,4,1,10,3,4,4,10,1,12,18,8,4,0,0,26,8,8,8,17,17,4,12,15,11,11
948429967,2,0,7,7,7,3,3,4,10,10,4,1,2,2,2,1,2,2,17,17,6,6,6,16,16,4,6,13,17,23,3,10,6,20,16,0,7,17,9,4,5,13,5,6,12,6,6,9,3,26,1,13,1,1,26
990606480,2,0,7,7,7,3,3,4,10,10,3,13,13,13,13,7,8,8,0,12,2,0,4,4,18,6,4,1,0,21,5,6,19,20,25,0,3,10,1,1,7,7,15,10,11,6,12,6,19,27,1,13,18,19,19
644818070,0,2,1,17,17,3,3,4,10,10,6,6,6,24,24,9,9,0,20,20,5,5,5,0,0,9,11,3,19,8,1,14,17,7,24,8,2,8,9,11,7,1,10,1,24,9,13,18,4,4,3,10,10,8,8
902284440,4,4,4,4,0,9,9,0,20,20,6,6,6,12,12,9,9,0,15,7,5,5,5,0,25,2,2,7,20,0,2,11,2,0,12,1,5,13,19,22,6,10,10,13,6,3,3,3,2,9,3,10,10,9,9
673387671,0,2,3,0,10,3,3,4,10,10,4,1,2,2,2,4,4,10,10,10,6,6,6,24,24,9,9,16,19,8,1,14,17,7,24,8,2,4,9,11,7,1,14,1,24,9,13,13,4,4,3,10,13,13,13
698668188,5,5,2,5,5,6,6,6,6,6,5,5,5,0,10,5,5,5,2,11,9,9,9,9,4,5,11,3,23,6,0,5,4,18,27,9,8,11,3,0,0,1,2,17,3,5,5,5,7,7,9,9,9,18,18
864068767,4,4,4,4,0,9,9,0,24,24,6,6,6,24,24,9,9,0,20,20,5,5,5,0,0,2,5,7,9,26,2,11,7,0,6,8,7,10,17,9,5,13,14,10,1,2,2,2,9,28,3,3,3,24,24
901424290,3,1,5,8,3,3,3,4,10,10,4,1,2,10,4,1,11,11,5,27,6,6,6,16,16,1,9,18,5,1,8,7,3,15,5,0,11,14,6,3,5,13,19,6,16,9,0,0,0,0,1,13,0,0,0
970683578,0,2,3,0,10,2,0,8,8,8,3,14,14,6,6,7,8,8,0,25,2,0,15,15,15,6,5,16,6,21,5,6,15,4,25,8,2,10,17,9,7,1,1,10,24,4,12,12,23,23,6,6,6,8,8
792687812,3,1,5,8,3,3,3,4,10,10,0,7,3,3,0,1,2,2,23,23,6,6,6,16,16,4,6,13,17,23,3,4,6,20,16,0,7,17,23,4,5,13,7,6,12,6,6,6,3,26,1,1,1,1,26
680973517,0,2,3,0,10,2,2,2,2,12,3,14,14,6,6,7,8,8,0,12,2,11,11,23,11,4,6,15,17,23,3,4,6,20,7,4,7,10,23,1,7,4,14,6,12,6,6,12,3,26,4,4,15,11,26
914412754,2,0,17,3,8,4,1,1,1,1,7,3,8,8,8,3,1,15,7,3,1,2,2,14,14,8,0,4,4,19,7,2,9,9,13,7,13,9,7,21,9,0,7,9,22,1,1,1,21,21,8,8,1,21,21
959190247,5,5,2,5,5,6,6,6,6,6,5,5,5,0,10,5,5,5,2,26,9,9,9,9,4,5,11,3,24,6,0,5,4,18,17,9,8,11,3,25,0,11,2,17,3,5,5,5,7,7,9,9,9,18,18
643798256,3,1,5,8,3,2,2,2,2,12,0,7,3,3,0,3,13,13,13,2,1,2,2,22,22,4,6,9,17,27,3,4,6,20,16,0,11,14,6,11,7,8,7,10,12,6,6,6,1,1,1,1,1,1,1
863483123,1,3,0,2,2,0,4,9,9,9,1,4,0,4,1,0,10,4,4,4,7,3,16,7,7,0,8,14,7,14,4,1,10,3,4,4,10,17,12,16,2,4,0,16,12,8,8,15,16,16,4,12,15,5,5
948360440,3,1,16,16,16,5,12,12,0,27,2,0,7,7,3,2,12,12,12,28,3,4,0,20,20,1,14,17,1,5,8,13,7,14,2,0,7,16,14,7,7,2,17,11,28,0,14,14,24,24,5,5,19,10,10
973792505,7,7,15,15,15,2,2,2,4,4,1,4,0,4,1,0,7,3,11,5,7,3,17,17,17,4,8,14,7,13,9,9,16,13,4,4,10,12,21,17,8,12,9,16,4,8,8,15,18,18,7,12,12,16,16
603337985,3,1,5,10,4,2,2,2,2,12,0,7,3,3,0,1,2,2,23,23,1,2,2,22,22,4,6,15,17,23,3,4,6,20,16,4,7,17,23,1,7,13,14,16,12,6,6,6,3,26,1,12,12,1,26
640111874,2,0,7,7,7,3,3,4,10,10,7,3,1,1,26,1,2,2,23,23,1,2,2,14,14,4,6,9,17,23,3,4,6,20,16,0,7,17,23,4,5,8,5,6,12,6,6,6,1,26,1,1,1,1,26
904832267,2,0,17,3,8,4,1,16,16,16,7,3,1,1,7,3,1,15,7,3,1,12,12,5,13,8,0,4,8,17,7,2,9,9,3,7,1,9,13,24,9,9,5,9,7,1,1,1,10,21,8,8,8,14,14
961238285,5,5,2,5,5,6,6,6,6,6,5,5,5,0,10,5,5,5,2,11,9,9,9,9,4,5,11,3,24,6,0,5,4,18,27,9,8,11,3,0,0,11,2,17,3,5,5,5,7,7,9,9,9,23,23
945796367,8,8,8,1,1,5,12,12,0,11,2,2,4,9,9,8,0,1,21,21,4,1,1,11,2,7,14,5,16,18,6,3,12,8,14,3,12,6,8,8,4,2,13,5,21,0,11,17,14,14,0,14,14,7,7
612402470,3,1,5,8,3,3,3,4,10,10,4,1,2,10,4,1,11,11,5,27,6,6,6,16,16,1,9,18,5,27,8,7,3,15,5,0,11,14,6,3,5,13,19,6,16,9,0,0,4,4,1,13,0,0,0
992408868,0,2,3,0,10,3,3,4,10,10,4,1,2,2,2,4,4,10,10,10,6,6,6,24,24,9,4,16,19,8,1,14,17,7,24,8,2,4,9,23,1,1,19,1,24,9,13,13,4,4,6,6,13,13,13
989164849,0,2,3,0,28,0,4,9,9,9,1,4,0,4,1,0,7,3,11,5,7,3,17,17,17,3,13,12,7,13,9,9,16,13,4,4,10,12,21,16,8,12,9,16,4,8,8,19,18,18,7,12,12,16,16
916620597,8,8,8,1,1,5,12,12,0,11,2,2,4,9,9,8,0,1,1,0,0,7,3,1,23,7,12,11,18,11,6,12,18,23,23,3,12,6,8,8,4,5,3,18,20,0,11,11,22,22,0,14,14,7,7
952669499,2,0,17,3,8,4,1,16,16,16,7,3,1,1,7,3,1,15,7,3,1,12,12,5,13,8,0,4,8,17,7,2,9,9,3,7,1,9,13,24,9,0,16,9,7,1,1,1,10,10,8,8,8,14,14
961238333,2,0,17,3,8,2,2,2,4,4,6,6,6,24,24,7,8,8,0,12,2,0,4,4,18,6,4,15,2,21,5,10,6,20,16,1,5,10,1,1,6,8,10,6,24,6,12,12,8,8,6,1,18,8,26
736499017,0,2,3,0,10,2,2,2,2,12,0,7,3,3,0,7,8,8,0,25,2,0,4,4,18,6,5,16,2,21,5,6,19,4,25,8,2,10,1,9,7,7,1,10,24,6,12,12,23,23,6,6,18,8,8
887207252,3,1,5,8,3,3,3,4,10,10,4,1,2,2,2,4,4,10,10,10,2,0,4,4,18,9,9,18,5,8,8,7,17,15,5,0,13,19,15,21,5,13,19,10,16,9,9,18,4,4,1,13,13,13,13
912868696,2,0,17,3,8,4,1,1,1,1,7,3,8,8,8,3,1,15,7,3,1,12,12,5,19,8,0,4,4,19,7,2,9,9,9,7,1,9,7,24,9,0,7,9,25,1,1,1,21,1,8,8,1,14,1
914265453,1,3,0,2,2,1,5,5,5,2,0,7,3,3,0,7,14,14,14,14,2,11,11,23,11,0,8,1,15,21,4,1,10,24,10,4,3,1,0,1,2,4,0,0,9,6,12,12,23,27,4,4,15,11,11
717313398,7,7,15,15,15,2,2,2,4,4,1,4,0,4,1,3,13,13,13,2,1,2,2,22,22,4,6,14,17,14,3,4,6,20,16,4,7,17,23,4,7,8,14,16,12,6,6,15,1,26,1,1,1,1,26
644953476,3,1,16,16,16,5,12,12,0,27,2,0,7,7,3,8,0,17,8,8,5,5,5,10,10,2,2,17,1,26,2,11,11,0,14,1,5,10,17,7,6,10,15,10,6,2,2,2,9,9,3,3,16,3,2
645834123,3,1,5,10,4,3,3,4,10,10,4,1,2,2,2,4,4,10,10,10,2,0,15,15,15,9,5,16,19,8,1,14,17,7,24,8,2,4,2,11,7,1,19,1,24,4,13,4,11,11,6,6,6,13,13
913716620,3,1,16,16,16,5,12,12,0,27,2,0,7,7,3,2,12,12,12,28,3,14,14,6,6,1,9,17,12,15,8,13,7,14,14,6,0,18,16,2,5,13,14,21,13,0,14,14,24,24,5,5,17,10,10
603481505,8,8,8,1,13,5,12,12,0,25,2,0,7,7,3,8,0,1,1,0,0,13,13,13,28,7,12,11,16,18,6,3,8,19,18,6,12,7,8,13,4,6,18,5,15,0,11,11,0,0,0,0,16,7,29
992441763,0,2,3,0,10,2,2,2,2,12,0,7,3,3,0,7,8,8,0,12,2,0,4,4,18,6,5,1,6,21,5,6,19,20,25,4,7,10,1,1,2,7,1,10,9,6,12,6,19,27,1,4,18,11,26
695424422,8,8,8,1,1,5,12,12,0,11,2,0,15,15,15,8,0,17,8,8,3,4,0,20,20,1,14,17,1,5,8,13,7,14,14,0,7,16,14,3,7,2,17,11,28,9,14,18,14,14,5,5,16,2,2
919979431,0,2,3,0,10,2,2,2,2,12,0,7,3,3,0,7,8,8,0,25,2,0,19,19,9,6,4,16,2,16,5,10,19,1,24,8,2,4,1,23,1,7,1,15,11,4,13,13,23,23,6,6,18,19,19
716596648,3,1,5,10,4,3,3,4,10,10,4,1,2,2,2,1,11,11,5,27,6,6,6,16,16,1,9,18,5,1,8,7,3,15,5,0,11,14,6,3,5,13,19,6,16,9,9,0,0,0,1,13,0,0,0
916473265,8,8,8,1,1,5,12,12,0,11,2,0,7,7,3,8,0,1,21,21,4,1,1,11,2,7,14,5,16,18,6,0,12,11,19,3,12,7,24,13,4,6,13,22,15,0,11,16,14,14,0,14,17,7,7
1034933680,1,3,0,20,20,0,4,9,9,9,1,4,0,14,14,0,10,4,4,4,7,3,16,7,7,0,8,6,13,24,4,1,0,3,4,4,9,19,10,10,2,4,0,0,22,8,8,8,16,16,4,12,15,11,11
642999751,8,8,8,1,1,5,12,12,0,11,2,0,7,7,3,8,0,1,21,21,3,4,0,20,20,7,14,17,16,5,6,3,12,8,2,3,12,18,14,7,4,2,17,11,28,0,14,16,14,14,5,5,19,10,10
950265290,3,1,5,10,4,5,12,12,0,26,2,0,7,7,3,2,12,12,12,28,3,14,14,6,6,1,9,17,12,15,8,13,7,14,22,0,7,18,16,2,5,13,14,21,13,0,14,14,24,24,5,5,3,10,10
919102928,2,0,17,3,8,4,1,1,1,1,7,3,8,8,8,3,1,16,16,16,1,12,12,5,19,8,0,4,4,19,7,2,9,9,13,7,1,9,7,14,9,0,16,9,25,1,1,1,21,21,8,8,8,21,21
913765840,4,4,4,4,0,3,3,4,10,10,4,1,2,2,2,1,11,11,5,6,6,6,6,24,24,9,9,18,5,8,1,14,17,7,7,8,2,8,9,3,7,1,19,10,16,9,13,18,4,4,1,13,13,13,13
961226203,5,5,2,22,22,3,3,3,3,3,5,5,5,0,25,5,5,5,2,11,9,9,9,9,4,5,11,3,24,20,0,5,4,16,17,9,8,11,3,25,0,11,2,17,3,5,5,5,7,7,9,9,9,23,23
851580386,4,4,4,4,0,9,9,0,20,20,6,6,6,24,24,9,9,0,15,7,5,5,5,0,25,2,2,7,20,0,2,11,2,0,12,1,5,13,19,22,6,10,10,13,6,3,3,3,2,9,3,10,10,9,9
697525735,0,2,3,0,10,2,2,2,2,12,0,7,3,3,0,7,8,8,0,12,2,0,15,15,15,6,5,15,6,21,5,6,15,1,25,0,3,4,1,9,1,7,1,15,11,4,12,12,19,27,6,6,18,19,19
922613228,2,0,17,3,8,4,1,1,1,1,7,3,8,8,8,3,1,15,7,3,1,12,12,5,19,8,0,4,4,19,7,2,9,9,3,7,13,9,7,24,9,0,16,9,7,1,1,1,21,21,8,8,8,14,14
917624301,0,2,3,0,10,2,2,2,2,12,0,7,3,3,0,7,8,8,0,25,2,0,4,4,18,6,5,16,2,21,5,6,19,1,25,8,2,10,1,9,1,7,1,15,11,6,12,12,23,23,6,6,18,19,19
945063428,8,8,8,1,1,5,12,12,0,11,2,2,4,9,9,8,0,1,21,21,4,1,1,11,2,7,12,11,16,18,6,0,8,8,19,3,12,6,24,13,4,6,13,22,24,0,11,17,14,14,0,14,17,7,7
1043809804,1,3,0,2,2,1,5,5,5,2,3,14,14,11,11,7,14,14,14,14,2,11,11,23,11,0,3,8,15,10,4,1,10,24,10,4,3,1,0,29,2,4,0,0,26,8,12,8,19,19,4,4,15,6,6
702023186,3,1,16,16,16,5,12,12,0,27,2,0,7,7,3,2,12,12,12,28,3,14,14,6,6,1,9,17,12,15,8,13,7,14,22,0,7,18,16,2,5,13,14,21,13,0,14,14,24,24,5,5,17,10,10
982582806,1,3,0,2,2,1,5,5,5,2,1,4,0,14,14,0,10,4,4,4,2,11,11,23,11,0,8,1,15,22,4,1,0,3,25,4,10,1,12,1,2,4,0,0,9,8,8,15,16,16,4,4,15,11,11
863450651,4,4,4,4,0,9,9,0,20,20,6,6,6,12,12,9,9,0,15,7,5,5,5,0,25,2,2,7,20,0,2,11,2,0,12,1,5,13,19,22,6,10,10,13,6,3,3,3,2,2,3,10,10,9,9
645453340,2,0,17,3,8,2,2,2,2,12,4,1,2,10,4,1,11,11,5,27,6,6,6,16,16,1,9,18,5,1,8,7,3,15,5,0,11,14,6,3,5,13,19,6,16,9,0,0,0,0,1,13,0,0,0
954066469,2,0,17,3,8,4,1,16,16,16,7,3,1,1,7,3,1,15,7,3,1,2,2,14,14,8,0,9,8,3,7,4,1,2,13,7,1,5,13,24,9,0,5,23,18,1,1,1,10,10,8,8,1,21,21
645379626,5,5,2,22,22,3,3,3,3,3,5,5,5,0,25,5,5,5,2,26,9,9,9,9,4,5,11,3,24,20,0,5,4,18,17,9,8,11,3,25,0,11,2,17,3,5,5,5,7,7,9,9,9,18,18
1010677295,1,3,0,2,2,9,9,0,12,5,3,14,14,6,6,7,14,14,14,14,2,11,11,23,11,0,3,8,6,10,4,1,10,24,10,4,14,0,0,29,2,4,0,0,9,8,12,8,12,12,4,4,15,6,6
640026162,0,2,18,18,18,1,5,5,22,22,1,4,0,4,27,0,7,3,22,22,8,8,18,18,8,3,13,12,3,9,9,9,5,10,26,5,10,3,2,18,8,12,4,4,22,7,7,7,17,17,7,7,7,15,27
961230415,5,5,2,5,5,6,6,6,6,6,5,5,5,0,10,5,5,5,2,11,9,9,9,9,4,5,11,3,24,6,0,5,4,18,17,9,8,11,3,25,0,11,2,17,3,5,5,5,7,7,9,9,9,18,18
945833568,3,1,5,10,4,3,3,4,10,10,4,1,2,2,2,4,4,10,10,10,6,6,6,24,24,9,9,13,5,8,1,14,17,7,24,8,2,4,9,23,1,9,19,1,16,9,13,13,4,4,6,13,13,13,13
912889454,2,0,17,3,8,4,1,1,1,1,7,3,8,8,8,3,1,16,16,16,1,12,12,5,19,8,0,4,4,19,7,2,9,9,9,7,1,9,7,14,9,0,16,9,25,1,1,1,21,21,8,8,8,14,14
891594369,2,0,17,3,8,2,2,2,4,4,7,3,1,1,26,3,13,13,13,2,1,2,2,14,14,4,6,9,17,3,3,4,1,2,16,0,1,17,6,4,5,8,5,6,18,6,6,6,1,1,1,1,1,1,1
912340608,2,0,17,3,8,4,1,1,1,1,7,3,1,1,7,3,1,15,7,3,1,12,12,5,19,8,0,4,8,19,7,2,9,9,13,7,1,9,7,14,9,0,7,9,25,1,1,1,21,21,8,8,1,21,21
741213831,0,2,3,0,12,2,0,7,7,7,0,7,3,3,0,7,8,8,0,12,2,0,19,19,9,6,4,1,15,10,5,10,19,1,25,4,3,10,1,23,1,9,5,15,11,8,12,12,23,27,6,6,18,19,19
898881170,2,0,17,3,8,4,1,16,16,16,7,3,1,1,29,3,1,15,7,3,1,2,2,14,14,8,0,9,8,3,7,2,1,2,13,7,1,5,13,4,9,8,5,23,18,1,1,1,10,10,8,1,1,21,21
912918179,2,0,17,3,8,4,1,1,1,1,7,3,8,8,8,3,1,16,16,16,1,12,12,5,13,8,0,4,4,17,7,2,9,9,3,7,1,9,7,14,9,0,16,9,7,1,1,1,21,21,8,8,8,14,14
940783281,8,8,8,1,1,5,12,12,0,11,2,2,4,9,9,8,0,1,21,21,4,1,1,11,2,7,12,11,10,11,6,0,8,8,19,3,12,6,8,8,4,6,17,5,15,0,11,16,22,22,0,14,14,7,7
897009330,3,1,16,16,16,5,12,12,0,27,2,0,15,15,15,8,0,17,8,8,3,4,0,20,20,1,14,17,1,5,8,13,7,14,14,3,12,16,14,7,4,2,17,11,28,0,11,16,14,14,5,5,19,2,10
661513942,0,2,3,0,10,2,2,2,2,12,0,7,3,3,0,7,8,8,0,12,2,0,4,4,18,6,5,15,2,21,5,10,15,1,24,8,2,4,9,23,1,7,1,15,11,4,4,12,11,11,6,6,18,19,19
903853784,4,4,4,4,0,9,9,0,12,5,6,6,6,12,12,9,9,0,24,24,5,5,5,10,10,2,2,7,20,0,2,11,11,0,12,1,5,19,15,6,6,10,15,13,6,3,3,3,2,2,3,3,5,9,9
829298408,8,8,8,1,1,9,9,0,24,24,2,0,7,7,3,2,12,12,12,13,3,14,14,6,6,7,10,2,12,15,6,0,12,8,22,6,7,18,16,2,6,9,17,21,13,0,14,14,24,24,5,10,10,10,10
610440978,2,0,17,3,29,2,0,7,7,7,0,7,3,3,0,3,13,13,13,2,7,3,16,7,7,4,8,14,7,29,4,1,6,3,9,8,10,1,12,19,7,4,9,0,0,8,8,15,16,16,4,12,12,11,11
811341605,4,4,4,4,0,9,9,0,24,24,6,6,6,24,24,9,9,0,15,7,5,5,5,0,25,2,2,7,9,26,2,11,2,0,12,1,5,13,17,22,6,10,10,13,6,2,2,2,9,28,3,10,10,9,9
904935208,4,4,4,4,0,9,9,0,24,24,6,6,6,24,24,9,9,0,20,20,5,5,5,0,0,2,5,7,9,26,2,11,7,0,6,1,5,10,17,9,7,10,14,10,1,2,2,2,9,28,3,3,3,24,24
907429679,8,8,8,1,1,5,12,12,0,11,2,0,7,7,3,8,0,7,3,1,3,4,0,12,5,7,10,2,16,18,6,0,14,8,29,6,7,7,18,20,4,6,12,12,8,0,14,14,24,24,0,0,19,22,22
733620016,1,3,0,2,2,1,5,5,5,14,3,14,14,11,11,7,8,8,0,12,2,11,11,23,11,0,3,1,6,10,4,1,0,24,10,0,3,1,0,29,2,4,19,6,9,4,12,8,19,19,4,4,15,11,11
1006380866,1,3,0,2,2,3,3,3,3,3,3,14,14,6,6,7,14,14,14,14,7,3,16,7,7,0,3,8,15,10,4,1,10,24,10,4,3,1,0,29,2,4,0,0,26,8,8,8,19,27,4,4,15,6,6
637380444,8,8,8,1,1,3,3,4,10,10,2,0,7,7,3,4,4,10,10,10,2,0,4,4,29,7,10,5,10,18,6,0,8,11,19,8,7,8,14,3,7,6,8,10,24,9,9,18,4,4,5,0,17,8,8
882763615,8,8,8,1,1,5,12,12,11,0,2,0,7,7,3,2,12,12,12,13,4,1,8,8,3,7,10,2,10,15,6,0,8,11,29,6,0,15,20,28,4,6,8,22,19,0,10,10,24,24,0,0,17,10,10
906532711,3,1,5,10,4,3,3,4,10,10,4,1,2,2,2,4,4,10,10,10,2,0,15,15,15,9,4,16,19,8,1,14,17,7,24,8,2,4,2,11,7,1,14,1,17,4,13,13,11,11,6,6,6,13,8
724539260,3,1,5,10,4,3,3,4,10,10,6,6,6,24,24,9,9,0,20,20,5,5,5,0,25,2,2,7,9,26,2,11,2,0,6,1,5,4,17,9,6,9,10,13,1,2,2,2,9,28,3,10,3,24,24
942307202,4,4,4,4,0,9,9,0,12,5,3,14,14,6,6,4,4,19,19,19,2,0,15,15,15,2,5,7,9,26,2,11,15,0,6,1,5,0,2,11,7,1,14,20,1,2,4,4,9,12,3,3,3,3,3
656721795,0,2,3,0,10,3,3,4,10,10,4,1,2,2,2,4,4,10,10,10,2,0,15,15,15,9,1,13,5,8,1,10,15,4,24,0,11,14,6,23,1,1,19,20,17,9,9,18,4,4,6,6,6,4,4
1010976652,1,3,0,2,2,1,5,5,5,2,3,14,14,6,6,7,14,14,14,14,2,11,11,23,11,0,3,8,15,10,4,1,0,24,10,4,3,0,0,29,2,4,0,0,9,4,12,8,12,12,4,4,15,11,11
942421907,4,4,4,4,0,9,9,0,24,24,6,6,6,24,24,9,9,0,20,20,5,5,5,0,25,2,2,7,9,26,2,11,2,0,12,1,5,13,17,11,6,10,10,13,24,2,2,2,9,9,3,10,10,3,3
982558622,1,11,11,23,23,8,8,17,17,17,8,8,17,17,17,6,6,6,6,15,8,8,18,18,8,3,7,10,3,9,9,9,5,10,26,2,6,2,4,26,3,3,11,19,23,7,7,7,15,25,7,7,7,15,27
716793760,0,2,3,0,25,4,1,1,1,1,1,12,12,5,5,0,7,3,11,5,7,3,17,17,17,3,13,6,11,13,9,9,16,13,4,4,10,12,21,17,8,12,9,16,4,8,8,19,6,6,7,12,12,16,16
917657507,0,14,14,14,14,0,4,19,19,19,1,4,0,21,21,0,7,3,22,22,8,8,18,18,8,3,13,10,3,9,9,9,5,10,26,5,9,19,10,18,8,12,4,4,22,7,7,7,17,17,7,7,7,15,27
605493156,8,8,8,1,1,5,12,12,11,0,2,0,7,7,3,2,12,12,12,13,4,1,8,8,3,7,10,2,10,15,6,3,8,8,19,6,0,18,20,2,4,6,13,22,29,0,14,14,24,24,0,0,17,10,10
645453746,3,1,5,8,3,1,5,5,5,14,4,1,2,10,4,1,11,11,5,27,6,6,6,16,16,1,9,18,5,1,8,7,3,15,5,0,11,14,6,1,5,13,19,6,16,9,0,0,0,0,1,13,0,0,0
652789704,3,1,5,8,3,3,3,4,10,10,4,1,2,10,4,1,2,2,17,17,6,6,6,16,16,1,9,13,5,1,8,7,3,15,5,0,11,14,6,21,5,13,19,6,16,9,9,18,4,4,1,13,0,0,0
863418322,4,4,4,4,0,9,9,0,20,20,6,6,6,12,12,9,9,0,15,7,5,5,5,0,25,2,2,7,20,0,2,11,2,0,12,1,5,13,19,22,6,10,10,13,6,3,3,3,2,2,3,10,10,9,9
645363692,8,8,8,1,1,5,12,12,0,11,2,2,4,9,9,2,3,9,9,9,4,1,1,11,2,7,10,5,10,18,6,0,8,17,19,6,0,18,11,13,4,6,8,14,14,0,10,10,5,5,0,14,17,7,7
886474771,4,4,4,4,0,9,9,0,24,24,6,6,6,24,24,9,9,0,20,20,2,0,15,15,15,2,2,7,20,0,2,11,15,0,6,1,5,13,19,7,7,1,10,20,17,2,2,2,9,28,3,3,6,3,3
645834778,3,1,5,10,4,5,12,12,0,26,2,0,7,7,3,1,2,2,17,17,3,14,14,6,6,1,9,18,12,15,8,13,7,6,22,8,7,8,16,23,5,9,14,21,1,9,14,18,4,4,3,10,3,24,24
644933664,2,0,17,3,8,4,1,16,16,16,7,3,1,1,7,3,1,15,7,3,1,12,12,5,19,8,0,9,8,3,7,2,9,2,13,7,1,5,13,4,9,0,7,9,25,1,1,1,1,1,8,8,1,21,1
661481525,2,0,17,3,8,4,1,1,1,1,7,3,8,8,8,3,1,16,16,16,1,12,12,5,13,8,0,4,4,17,7,2,9,9,3,7,0,9,7,14,9,0,16,9,7,1,1,1,21,21,8,8,8,14,14
882198617,0,2,3,0,10,2,2,2,2,12,0,7,3,3,0,7,8,8,0,12,2,0,4,4,18,6,5,1,6,23,5,10,19,1,25,0,3,10,1,9,5,7,1,15,11,6,12,6,19,27,1,13,18,19,19
970078299,1,3,0,2,2,1,5,5,5,2,3,14,14,11,11,7,14,14,14,14,2,11,11,23,11,0,3,8,6,10,4,1,0,24,10,4,3,1,0,29,2,4,0,0,26,8,12,8,19,19,4,4,4,6,6
825436260,3,1,5,8,3,3,3,4,10,10,4,1,2,10,4,1,11,11,5,27,6,6,6,16,16,1,9,18,5,1,8,7,3,15,5,0,11,14,6,3,5,13,19,6,16,9,0,0,0,0,1,13,0,0,0
645449840,8,8,8,1,1,5,12,12,0,26,2,0,7,7,3,8,0,17,8,8,5,5,5,10,10,7,14,5,16,5,6,3,12,8,14,3,12,7,14,7,4,1,14,10,15,0,14,17,14,14,5,5,16,7,7
640006296,2,0,17,3,8,4,1,16,16,16,7,3,1,1,7,3,1,15,7,3,1,12,12,5,19,8,0,9,8,3,7,2,9,2,13,7,1,5,13,24,9,8,7,23,25,1,1,1,10,1,8,1,1,21,1
847902873,3,1,5,10,4,3,3,4,10,10,4,1,2,2,2,1,2,2,17,17,6,6,6,16,16,1,9,13,5,25,8,7,3,15,7,0,11,14,9,3,5,13,14,1,16,9,9,18,4,4,1,13,13,13,13
966473885,0,2,1,17,17,9,9,0,24,24,6,6,6,24,24,9,9,0,15,7,5,5,5,0,0,2,2,7,20,0,2,11,2,0,12,1,5,13,19,22,6,10,10,13,1,3,3,3,2,9,3,3,3,3,3
742717602,3,1,5,10,4,9,9,0,24,24,6,6,6,24,24,9,9,0,20,20,5,5,5,0,0,2,5,7,9,26,2,11,7,0,6,1,5,10,17,9,6,10,14,10,1,2,2,2,9,28,3,3,3,24,24
965535967,0,2,3,0,10,9,9,0,24,24,3,14,14,6,6,4,4,19,19,19,2,0,15,15,15,6,5,15,19,2,5,6,15,4,1,1,14,0,2,27,7,1,15,20,9,4,4,4,12,12,6,6,6,8,8
934844641,0,2,3,0,10,2,0,8,8,8,4,1,2,2,2,4,4,10,10,10,2,0,4,4,18,6,4,16,2,16,5,6,19,1,25,8,13,19,15,6,1,7,1,15,22,4,13,13,11,11,6,6,18,19,19
712153315,5,5,2,22,22,3,3,3,3,3,5,5,5,0,25,5,5,5,2,26,9,9,9,9,4,5,11,3,24,20,0,5,4,18,17,9,8,11,3,25,0,11,2,17,3,5,5,5,7,7,9,9,9,18,18
644827374,3,1,5,10,4,5,12,12,0,11,2,0,15,15,15,8,0,1,21,21,3,4,0,20,20,1,14,17,16,5,8,3,12,14,14,3,12,6,24,13,4,2,17,11,28,0,11,16,22,22,5,5,19,10,10
919091442,0,2,3,0,10,2,2,2,2,12,0,7,3,3,0,7,8,8,0,25,2,0,19,19,9,6,5,16,2,21,5,10,15,1,24,8,2,4,1,23,1,7,1,15,11,4,12,12,23,23,6,6,18,19,19
653195521,4,4,4,4,0,9,9,0,24,24,6,6,6,24,24,9,9,0,15,7,5,5,5,0,0,2,2,7,20,0,2,11,2,0,12,1,5,13,19,22,6,10,15,13,6,2,2,2,9,28,3,3,3,3,3
915441937,1,3,0,2,2,2,2,2,2,12,0,7,3,3,0,7,8,8,0,12,2,0,19,19,9,6,5,1,0,21,5,6,19,1,25,8,3,10,1,23,1,7,1,15,11,6,12,12,19,27,6,6,18,19,19
681400617,8,8,8,1,1,5,12,12,0,11,2,0,15,15,15,8,0,1,21,21,3,4,0,20,20,1,14,5,16,5,8,13,12,14,2,3,13,19,24,6,4,2,17,11,28,0,14,16,14,14,5,5,19,10,10
904948028,4,4,4,4,0,9,9,0,24,24,6,6,6,24,24,9,9,0,15,7,5,5,5,0,0,2,2,7,9,26,2,11,7,0,6,1,5,13,17,9,6,10,14,13,1,2,2,2,9,28,3,3,3,24,24
893401406,3,1,5,10,4,3,3,4,10,10,4,1,2,2,2,1,2,2,23,23,2,0,15,15,15,9,5,16,19,8,1,14,15,7,1,8,2,8,2,27,7,1,14,1,17,4,9,9,3,3,6,6,6,8,8
1035970888,1,3,0,20,20,0,4,9,9,9,1,4,0,14,14,0,10,4,4,4,7,3,16,7,7,0,8,6,13,24,4,1,10,3,4,4,9,1,12,10,2,4,0,0,26,8,8,8,16,16,4,4,15,11,11
697538916,1,3,0,2,2,2,2,2,2,12,0,7,3,3,0,7,8,8,0,12,2,0,19,19,9,6,4,1,6,10,5,10,19,1,25,4,3,10,1,23,1,7,1,15,11,6,12,8,19,27,6,4,18,19,19
681912683,8,8,8,1,1,5,12,12,11,0,2,0,7,7,3,2,12,12,12,13,4,1,8,8,3,7,10,2,10,15,6,0,8,11,29,6,7,7,20,1,4,6,8,22,19,0,14,14,24,24,0,0,17,22,22
891558275,0,2,3,0,10,2,0,8,8,8,3,13,13,13,13,4,4,10,10,10,2,0,4,4,18,6,4,16,0,29,5,6,19,1,1,8,2,4,22,21,1,7,1,15,22,6,12,12,23,23,6,6,18,19,19
652544407,8,8,8,1,1,5,12,12,0,11,2,0,15,15,15,2,12,12,12,28,3,4,0,20,20,1,14,17,14,5,8,13,7,14,2,3,12,18,14,2,4,2,17,11,28,0,14,16,5,5,5,5,19,10,10
908675487,0,2,3,0,10,2,2,2,2,12,3,13,13,13,13,4,4,10,10,10,2,0,4,4,18,6,5,16,6,21,5,6,15,4,25,8,14,8,9,1,7,7,1,10,9,4,2,12,11,11,6,6,18,8,8
975325599,0,10,10,21,21,7,7,15,15,15,9,9,9,20,20,6,6,6,6,29,8,8,18,18,8,3,13,10,21,12,9,9,5,10,26,5,4,3,5,12,3,3,4,4,10,7,7,7,15,15,7,7,7,16,16
603511210,3,1,5,10,4,3,3,4,10,10,4,1,2,2,2,1,11,11,5,27,6,6,6,16,16,9,1,18,5,27,1,7,17,15,5,0,11,14,6,3,5,13,19,10,16,9,0,0,4,4,1,13,0,0,0
910375338,2,0,17,3,8,4,1,16,16,16,7,3,1,1,29,3,1,15,7,3,1,12,12,5,13,8,0,4,8,3,7,2,9,9,3,7,13,9,15,24,9,0,16,9,7,1,1,1,10,10,8,8,8,21,21
961104301,5,5,2,22,22,3,3,3,3,3,3,14,14,6,6,5,5,5,2,26,9,9,9,9,4,5,1,8,24,20,0,5,4,16,17,0,3,14,6,25,0,11,2,17,3,9,9,9,19,19,9,9,9,18,18
971708843,0,2,3,0,10,9,9,0,24,24,3,13,13,13,13,4,4,10,10,10,2,0,4,4,18,6,5,16,19,21,5,6,15,4,1,8,2,8,9,27,7,1,1,10,9,4,13,13,11,11,6,6,6,8,8
916490671,2,0,7,7,7,0,4,9,9,9,1,4,0,4,1,0,7,3,11,5,7,3,17,17,17,3,13,6,11,13,9,9,16,13,4,4,9,12,10,17,8,12,5,16,4,8,8,19,18,18,7,12,12,16,16
908855729,4,4,4,4,0,9,9,0,20,20,6,6,6,24,24,9,9,0,15,7,5,5,5,0,25,2,2,7,1,0,2,11,2,0,12,1,5,13,19,9,6,10,10,10,6,3,3,3,9,28,3,3,5,9,9
895740352,8,8,8,1,13,5,12,12,0,25,2,2,18,18,18,2,3,9,9,9,4,1,7,3,1,7,10,11,10,28,6,0,8,8,21,6,0,15,11,15,4,5,8,7,14,0,10,10,5,5,0,14,17,7,7
827873742,8,8,8,1,1,5,12,12,0,11,2,0,7,7,3,8,0,1,21,21,4,1,1,11,2,7,12,11,16,18,6,0,8,8,19,3,12,16,24,13,4,6,13,5,21,0,14,17,14,14,0,14,14,7,7
826780116,3,1,5,10,4,5,12,12,0,26,2,0,7,7,3,2,12,12,12,28,3,14,14,6,6,1,14,17,12,15,8,13,7,14,22,6,0,18,16,2,5,9,17,21,13,0,10,14,5,5,5,5,17,10,10
741206508,0,2,3,0,10,2,0,8,8,8,3,14,14,6,6,4,4,19,19,19,2,0,15,15,15,6,5,15,6,2,5,6,15,4,1,1,14,0,2,27,1,7,1,20,17,4,4,4,12,12,6,6,6,4,4
904690163,4,4,4,4,0,9,9,0,12,5,6,6,6,24,24,9,9,0,15,7,5,5,5,0,0,2,2,7,9,26,2,11,11,0,6,1,5,10,17,9,6,10,15,13,6,2,2,2,8,8,3,3,3,24,24
880871943,8,8,8,1,1,5,12,12,0,11,2,0,15,15,15,8,0,1,21,21,3,4,0,20,20,1,14,5,14,5,8,13,12,14,2,3,13,19,15,6,6,2,17,11,28,0,14,16,14,14,5,5,19,10,10
1006389773,0,2,3,0,12,2,0,7,7,7,0,7,3,3,28,0,10,4,4,4,7,3,17,17,17,0,8,6,13,24,4,10,10,3,0,4,9,12,10,10,1,9,5,0,22,8,8,8,16,16,4,12,12,6,25
1039243792,1,3,0,20,20,0,4,9,9,9,1,4,0,14,14,0,10,4,4,4,7,3,16,7,7,3,8,6,13,24,9,9,16,3,4,4,9,12,10,10,8,4,0,0,22,8,8,19,18,18,4,12,15,11,11
825002523,2,0,17,3,8,2,2,2,4,4,7,3,1,1,26,1,2,2,23,23,1,2,2,22,22,4,6,13,17,23,3,4,6,20,7,0,7,17,15,4,2,8,7,6,12,6,6,9,3,26,1,1,1,1,26
828885535,3,1,5,10,4,5,12,12,0,26,2,0,7,7,3,2,12,12,12,28,3,14,14,6,6,1,14,17,12,15,8,13,7,14,22,6,12,18,16,2,5,9,14,21,13,0,14,14,5,5,5,5,17,10,10
610400799,0,12,12,12,26,1,11,11,23,23,0,11,11,23,23,6,6,6,6,15,8,8,18,18,8,3,13,10,3,4,9,9,5,10,26,5,4,3,5,5,3,3,4,4,10,7,7,7,13,13,7,7,7,12,12
975477315,1,3,0,2,2,0,4,9,9,9,1,4,0,4,1,0,7,3,11,5,7,3,17,17,17,3,13,12,7,13,9,9,16,13,4,4,10,12,21,16,8,12,9,16,4,8,8,15,18,18,7,12,12,16,16
912329296,1,3,0,2,2,2,2,2,2,12,0,7,3,3,0,7,8,8,0,25,2,0,4,4,18,6,5,15,2,21,5,10,19,1,25,8,3,10,1,9,1,7,1,15,11,4,12,12,23,27,6,6,18,19,19
926866005,2,0,17,3,8,4,1,1,1,1,7,3,1,1,7,3,1,16,16,16,1,12,12,5,13,8,0,4,4,19,7,2,9,9,3,7,1,9,7,14,9,0,16,9,7,1,1,1,21,21,8,8,8,14,14
917588572,0,2,3,0,10,2,0,8,8,8,3,13,13,13,13,4,4,10,10,10,2,0,4,4,18,6,4,1,6,16,5,6,19,1,25,8,2,10,9,1,1,7,1,15,11,4,12,12,11,11,6,6,18,19,19
982542941,0,2,3,0,10,1,5,5,5,2,3,13,13,13,13,0,10,4,4,4,2,11,11,23,11,0,3,1,15,7,4,1,0,24,1,0,13,19,12,21,2,4,15,20,9,4,4,4,11,11,4,4,15,11,11
604527243,3,1,5,10,4,3,3,4,10,10,4,1,2,2,2,1,11,11,5,6,6,6,6,16,16,9,1,13,5,25,8,7,3,15,7,0,11,14,6,3,5,13,19,6,16,9,9,18,4,4,1,13,0,13,13
904862358,2,0,17,3,8,4,1,16,16,16,7,3,1,1,7,3,1,15,7,3,1,12,12,5,19,8,0,4,8,19,7,2,9,9,13,7,1,9,13,24,9,0,16,9,25,1,1,1,10,10,8,8,8,21,21
827968165,8,8,8,1,1,5,12,12,0,11,2,2,4,9,9,8,0,1,21,21,4,1,1,2,12,7,12,11,10,18,6,0,8,17,19,3,12,6,8,13,4,5,18,8,5,0,11,11,14,14,0,14,14,7,7
992021164,8,8,8,1,1,5,12,12,0,11,2,2,4,9,9,8,0,1,21,21,4,1,1,2,12,7,12,11,16,18,6,0,12,8,19,3,12,6,8,8,4,5,18,8,5,0,11,16,22,22,0,14,14,7,7
971586225,0,2,3,0,10,2,0,8,8,8,3,13,13,13,13,4,4,10,10,10,2,0,4,4,18,6,4,15,2,29,5,6,6,4,1,8,14,0,23,27,7,1,1,10,9,4,4,4,11,11,6,6,18,8,8
644864693,0,2,3,0,10,3,3,4,10,10,4,1,2,2,2,4,4,10,10,10,6,6,6,24,24,9,9,18,19,8,1,14,17,7,24,8,2,4,9,11,7,1,19,1,16,9,13,13,4,4,3,13,13,13,13
637414095,3,1,5,10,4,3,3,4,10,10,4,1,2,2,2,1,2,2,17,17,6,6,6,16,16,1,9,13,5,25,8,7,3,15,7,0,11,8,6,3,5,13,19,10,16,9,9,18,4,4,1,13,13,13,13
895580896,8,8,8,1,1,5,12,12,0,11,2,2,4,9,9,8,0,7,3,1,0,10,10,21,21,7,10,19,22,18,6,0,14,12,11,3,12,7,18,20,4,14,6,3,2,0,11,11,14,14,0,11,11,17,17
990350059,8,8,8,1,1,5,12,12,0,11,2,0,7,7,3,8,0,1,21,21,3,4,0,20,20,7,14,11,16,18,6,3,12,8,2,6,12,18,14,7,4,2,17,11,28,0,10,16,5,5,5,5,19,10,10
673643261,3,1,5,8,3,3,3,4,10,10,4,1,2,2,2,1,11,11,5,6,6,6,6,24,24,9,14,18,19,8,1,14,17,7,5,0,11,8,9,3,5,13,19,1,16,9,0,18,4,4,5,13,13,13,13
990354179,8,8,8,1,1,5,12,12,0,26,2,0,7,7,3,2,3,9,9,9,4,1,8,8,3,7,10,11,10,15,6,0,8,11,19,6,0,15,20,28,4,6,8,22,19,0,10,10,24,24,0,0,17,10,10
681937682,3,1,5,8,3,3,3,4,10,10,4,1,2,10,4,1,2,2,17,17,6,6,6,16,16,1,9,18,5,1,8,7,3,15,5,0,7,7,6,21,5,13,19,6,16,9,0,18,0,0,1,13,0,0,0
973384481,3,1,5,10,4,5,12,12,0,26,2,0,7,7,3,2,12,12,12,28,3,14,14,6,6,1,9,17,12,15,8,13,7,14,22,6,7,18,16,2,5,13,14,21,13,9,14,14,24,24,5,5,17,10,10
740305711,0,2,3,0,10,9,9,0,24,24,6,6,6,24,24,4,4,10,10,10,2,0,15,15,15,6,5,16,2,21,5,10,15,4,1,8,2,4,2,9,1,1,1,20,17,4,12,13,23,23,6,6,6,4,4
895548208,0,2,3,0,10,2,0,8,8,8,3,13,13,13,13,4,4,10,10,10,2,0,4,4,18,7,4,16,2,8,6,6,17,7,1,8,2,8,9,27,7,1,1,1,9,4,13,13,11,11,6,6,18,8,8
977029946,4,4,4,4,0,1,5,5,5,2,3,14,14,11,11,7,8,8,0,12,2,11,11,23,11,0,3,8,6,10,4,1,0,24,10,0,3,1,0,29,2,4,15,6,16,9,12,8,19,19,4,4,4,6,6
742734652,3,1,16,16,16,5,12,12,0,27,2,0,7,7,3,8,0,17,8,8,5,5,5,10,10,1,9,17,12,5,8,13,7,14,14,1,7,7,14,7,7,2,15,10,28,3,14,14,24,24,5,5,16,10,10
681405248,8,8,8,1,1,5,12,12,0,11,2,0,15,15,15,8,0,1,21,21,3,4,0,20,20,7,14,5,16,18,6,3,12,8,2,3,13,19,24,6,4,2,17,11,28,0,11,16,14,14,0,5,19,7,10
895740736,3,1,5,8,3,2,2,2,2,12,7,3,1,1,7,3,13,13,13,2,1,2,2,22,22,8,0,9,8,3,3,4,9,2,13,7,1,5,13,4,9,8,7,10,25,1,1,1,1,1,8,1,1,1,1
867650384,2,0,7,7,7,0,4,9,9,9,1,4,0,4,1,3,1,16,16,16,1,2,2,22,22,4,0,4,4,19,3,4,9,20,9,7,1,17,7,14,7,8,7,16,25,1,1,1,21,21,8,12,1,14,26
644836206,8,8,8,1,1,5,12,12,0,11,2,0,7,7,3,2,3,9,9,9,4,1,8,8,3,7,10,11,10,18,6,3,8,11,19,6,0,15,20,28,4,6,13,22,29,0,10,17,5,5,0,14,17,7,7
971647853,3,1,5,10,4,2,2,2,4,4,1,4,0,4,1,7,8,8,0,12,2,0,4,4,18,4,6,15,17,29,1,14,6,7,16,8,7,10,2,11,7,10,10,1,24,6,6,6,1,27,1,10,10,13,13
823024502,8,8,8,1,1,5,12,12,11,0,2,0,7,7,3,2,3,9,9,9,4,1,8,8,3,7,10,11,10,18,6,3,12,11,19,6,0,15,20,28,4,6,13,22,29,0,10,10,5,5,0,14,17,7,7
961846146,3,1,16,16,16,9,9,0,12,5,6,6,6,24,24,9,9,0,24,24,5,5,5,10,10,2,2,7,20,0,2,11,11,0,12,1,5,19,15,6,6,10,15,10,6,3,3,3,2,9,3,3,5,2,2
985869192,3,1,5,10,4,2,0,8,8,8,6,6,6,24,24,9,9,0,24,24,5,5,5,10,10,2,2,7,20,7,2,11,11,0,12,1,5,13,19,7,6,1,15,20,17,3,3,3,2,2,3,3,5,3,3
638806925,3,1,5,10,4,3,3,4,10,10,4,1,2,2,2,1,11,11,5,6,6,6,6,24,24,9,1,13,19,27,1,14,17,7,7,0,11,14,9,11,5,1,19,1,16,9,13,18,4,4,1,13,13,13,13
904731534,4,4,4,4,0,9,9,0,20,20,6,6,6,24,24,8,0,17,8,8,5,5,5,0,25,2,2,7,20,0,2,11,2,0,12,1,5,13,19,22,6,10,15,13,6,3,3,3,2,9,3,3,5,9,9
1000110992,9,9,9,9,9,0,10,10,21,21,1,12,12,5,5,6,6,6,6,15,8,8,18,18,8,3,13,10,3,9,9,9,5,10,26,5,4,3,5,5,3,3,4,4,10,7,7,7,13,13,7,7,7,15,15
984034203,4,4,4,4,0,9,9,0,12,5,3,14,14,6,6,9,9,0,24,24,2,11,11,23,11,0,3,8,6,2,4,1,0,24,10,1,14,0,0,27,2,4,15,6,9,4,4,4,12,12,4,4,4,6,6
712145820,5,5,2,22,22,3,3,3,3,3,5,5,5,0,25,5,5,5,2,26,9,9,9,9,4,5,11,3,24,20,0,5,4,18,17,9,8,11,3,25,0,11,2,17,3,5,9,9,7,7,9,9,9,18,18
645807027,8,8,8,1,1,5,12,12,11,0,2,0,7,7,3,8,0,17,8,8,4,1,1,11,2,7,10,5,16,18,6,0,8,11,15,6,12,7,24,13,4,6,18,5,15,0,11,17,14,14,0,14,14,7,7
701074357,5,5,2,5,5,6,6,6,6,6,5,5,5,0,10,5,5,5,2,11,9,9,9,9,4,5,11,3,24,6,0,5,4,18,27,9,8,11,3,0,0,11,2,17,3,5,5,5,7,7,9,9,9,18,18
935046071,2,0,17,3,8,4,1,1,1,1,7,3,8,8,8,3,1,16,16,16,1,12,12,5,13,8,0,4,4,19,7,2,9,9,3,7,1,9,7,14,9,0,16,9,7,1,1,1,21,21,8,8,8,14,14
824990654,2,0,7,7,7,3,3,4,10,10,7,3,1,1,26,1,2,2,17,17,6,6,6,16,16,4,6,13,17,23,3,4,6,20,16,0,7,10,9,23,5,13,5,6,11,6,6,6,1,26,1,1,1,1,26
895609799,2,0,17,3,8,4,1,16,16,16,7,3,1,1,29,3,1,15,7,3,1,12,12,5,19,8,0,9,8,3,7,2,1,2,13,7,1,5,13,4,9,8,7,23,25,1,1,1,10,10,8,1,1,21,1
651041745,3,1,5,8,3,3,3,4,10,10,4,1,2,10,4,1,11,11,5,6,6,6,6,16,16,1,9,13,5,25,8,7,3,15,7,0,11,14,6,3,5,13,19,10,16,9,9,18,4,4,1,13,13,13,13
701074400,5,5,2,22,22,6,6,6,6,6,5,5,5,0,25,5,5,5,2,26,9,9,9,9,4,5,11,3,24,20,0,5,4,18,17,9,8,11,3,25,0,11,2,17,3,5,5,5,7,7,9,9,9,18,18
962821095,2,0,17,3,8,2,2,2,4,4,7,3,1,1,29,3,13,13,13,2,1,12,12,5,19,8,0,9,8,3,7,4,9,2,13,7,1,5,13,4,9,8,7,23,18,1,1,1,10,1,8,1,1,21,1
915479566,0,2,1,24,24,5,12,12,11,0,0,7,3,3,0,3,1,15,7,3,1,12,12,5,19,8,0,4,8,19,7,2,9,9,13,7,1,9,7,24,9,0,16,9,25,1,1,1,21,21,8,8,8,21,21
811375643,4,4,4,4,0,9,9,0,20,20,6,6,6,12,12,9,9,0,15,7,5,5,5,0,25,2,2,7,20,0,2,11,2,0,12,1,5,13,19,22,6,10,10,13,6,3,3,3,2,28,3,3,3,9,9
898559010,2,0,17,3,8,4,1,16,16,16,7,3,1,1,7,3,1,15,7,3,1,12,12,5,19,8,0,4,8,19,7,2,9,9,13,7,1,9,13,24,9,0,16,9,25,1,1,1,10,21,8,8,8,21,21
841882659,0,2,3,0,10,2,2,2,2,12,0,7,3,3,0,7,8,8,0,25,2,0,19,19,9,6,4,16,2,16,5,6,19,1,25,8,2,4,1,23,1,7,1,15,11,4,12,13,23,23,6,6,18,19,19
932678695,0,2,1,17,17,9,9,0,24,24,6,6,6,24,24,9,9,0,24,24,5,5,5,0,0,2,2,7,20,0,2,11,11,0,12,1,5,13,19,22,6,10,10,13,24,3,3,3,2,9,3,10,10,3,3
680954928,2,0,7,7,7,0,4,9,9,9,1,4,0,4,1,3,1,16,16,16,1,2,2,22,22,4,8,14,7,14,3,4,16,20,9,4,10,17,23,14,7,8,9,16,12,8,6,15,16,26,8,12,12,1,26
642763833,3,1,16,16,16,3,3,4,10,10,4,1,2,10,4,1,2,2,17,17,6,6,6,16,16,9,9,13,5,25,8,7,17,15,7,0,11,14,9,11,5,13,19,10,16,9,9,18,4,4,1,13,13,13,13
988957754,1,3,0,2,2,0,4,9,9,9,1,4,0,14,14,0,10,4,4,4,7,3,16,7,7,0,8,6,7,24,4,1,10,3,4,4,10,1,12,10,2,4,0,0,26,8,8,15,16,16,4,4,15,5,5
839584863,1,3,0,2,2,0,4,9,9,9,1,4,0,14,14,0,10,4,4,4,7,3,16,7,7,0,8,6,15,24,4,1,10,3,10,4,10,1,12,10,2,4,0,0,26,8,8,8,16,16,4,4,15,5,5
765881445,0,2,3,0,10,2,0,8,8,8,3,14,14,6,6,4,4,19,19,19,2,0,15,15,15,6,5,15,6,2,5,10,15,4,1,8,14,0,2,27,7,1,1,20,17,4,4,4,12,12,6,6,6,4,4
841817193,4,4,4,4,0,9,9,0,20,20,6,6,6,12,12,9,9,0,15,7,5,5,5,0,25,2,2,7,20,0,2,11,2,0,12,1,5,13,19,22,6,10,10,13,6,3,3,3,2,2,3,10,10,9,9
912063608,3,1,16,16,16,3,3,4,10,10,6,6,6,24,24,9,9,0,15,7,5,5,5,10,10,2,2,7,1,8,2,11,11,0,12,9,8,8,9,9,7,1,15,10,6,5,13,5,7,7,9,3,5,2,2
828894369,3,1,5,10,4,3,3,4,10,10,4,1,2,2,2,1,2,2,17,17,3,14,14,6,6,1,9,13,12,15,8,13,7,6,22,0,7,18,16,2,5,9,14,21,1,9,9,14,4,4,3,10,3,24,24
927833265,2,0,17,3,8,4,1,16,16,16,7,3,1,1,7,3,1,15,7,3,1,2,2,14,14,8,0,9,8,3,7,4,9,9,13,7,1,5,13,24,9,8,7,6,18,1,1,1,10,1,8,1,1,1,1
914250949,4,4,4,4,0,9,9,0,12,5,6,6,6,12,12,9,9,0,24,24,5,5,5,10,10,2,2,7,20,7,2,11,11,0,12,1,13,19,15,6,6,10,15,13,6,3,3,3,2,2,3,3,5,2,2
826830025,3,1,5,10,4,5,12,12,0,26,2,0,7,7,3,2,12,12,12,28,3,14,14,6,6,1,9,17,12,15,8,13,7,6,22,6,0,18,16,2,5,9,14,21,13,0,14,14,5,5,5,5,17,10,10
644832461,0,2,3,0,10,2,2,2,2,12,3,13,13,13,13,7,8,8,0,12,2,0,19,19,9,6,4,1,0,16,5,6,19,1,25,8,3,10,1,23,1,7,1,15,11,6,12,12,23,27,6,6,18,19,19
645913812,8,8,8,1,1,5,12,12,0,11,2,2,4,9,9,8,0,7,3,1,3,4,0,12,5,7,14,5,16,5,6,3,8,8,20,3,12,7,14,7,4,1,13,24,29,0,14,17,14,29,0,14,19,7,7
984104151,1,3,0,2,2,9,9,0,12,5,3,14,14,6,6,7,14,14,14,14,2,11,11,23,11,2,5,8,6,7,2,11,11,0,10,1,3,16,0,29,2,4,0,0,9,2,2,2,12,12,4,4,4,8,6
992394456,3,1,5,10,4,3,3,4,10,10,4,1,2,2,2,1,11,11,5,6,6,6,6,24,24,9,1,13,5,25,1,14,17,7,24,0,11,14,9,11,5,1,19,1,16,9,9,9,4,4,1,13,13,13,13
824937690,2,0,17,3,8,2,2,2,4,4,7,3,1,1,26,3,13,13,13,2,1,2,2,14,14,8,0,9,8,3,3,4,9,2,13,7,13,17,15,21,9,8,7,6,22,1,1,1,1,1,8,1,1,1,1
971517180,1,3,0,2,2,2,2,2,2,12,0,7,3,3,0,7,8,8,0,12,2,0,19,19,9,6,4,1,0,21,5,10,19,1,25,8,7,10,1,23,1,9,5,15,11,6,6,6,19,27,6,6,18,19,19
948366592,0,2,3,0,10,2,2,2,2,12,0,7,3,3,0,7,8,8,0,25,2,0,4,4,18,6,4,16,2,29,5,10,6,20,16,8,2,4,22,11,7,8,5,1,24,6,6,12,23,23,6,6,18,8,26
1036061965,4,4,4,4,0,9,9,0,12,5,3,14,14,6,6,9,9,0,24,24,2,11,11,23,11,0,3,8,6,7,4,1,0,24,10,1,14,0,0,29,2,4,15,0,26,3,3,4,12,12,4,4,4,6,6
639827216,3,1,5,10,4,3,3,4,10,10,4,1,2,2,2,1,11,11,5,6,6,6,6,24,24,5,11,3,19,8,1,14,17,7,24,9,11,8,9,11,7,1,10,1,24,5,13,5,4,4,9,10,13,13,13
982658324,0,2,3,0,12,2,0,8,8,8,0,7,3,3,0,1,2,2,23,23,7,3,16,7,7,4,6,1,15,23,4,10,6,20,1,4,2,17,12,23,1,9,5,20,0,8,8,9,3,3,6,6,15,4,4
978607419,1,3,0,2,2,0,4,9,9,9,1,4,0,4,1,0,10,4,4,4,7,3,16,7,7,0,8,6,7,24,4,1,10,3,4,4,10,1,12,16,2,4,0,0,26,8,8,15,16,16,4,12,15,5,5
983928133,1,3,0,2,2,1,5,5,5,2,3,14,14,6,6,7,8,8,0,12,2,11,11,23,11,6,5,15,6,21,5,6,0,24,10,1,14,0,0,29,2,7,1,15,9,4,12,12,8,8,6,4,18,11,11
966819173,0,2,3,0,10,2,2,2,2,12,0,7,3,3,0,7,8,8,0,25,2,0,4,4,18,6,5,16,2,21,5,10,6,4,16,8,2,10,1,9,7,1,1,10,24,6,12,12,23,23,6,6,18,8,8
603229579,3,1,5,10,4,3,3,4,10,10,2,0,7,7,3,1,11,11,5,6,6,6,6,16,16,1,14,17,1,5,8,13,3,14,2,0,7,8,14,3,5,2,17,11,28,3,14,14,24,14,5,5,19,2,2
907337101,3,1,5,10,4,9,9,0,24,24,6,6,6,24,24,9,9,0,20,20,5,5,5,0,0,2,5,7,9,26,2,11,7,0,6,1,5,10,17,9,5,10,14,10,1,2,2,2,9,28,3,3,3,24,24
841866643,4,4,4,4,0,9,9,0,12,5,6,6,6,24,24,8,0,17,8,8,5,5,5,10,10,1,14,17,1,5,8,13,11,14,14,1,12,16,24,7,2,13,15,10,6,0,14,17,14,14,5,5,16,2,2
648093076,3,1,5,8,3,3,3,4,10,10,4,1,2,10,4,1,11,11,5,6,6,6,6,16,16,9,9,18,5,25,8,7,17,15,5,0,11,8,9,3,5,13,19,10,16,9,0,18,4,4,1,13,13,13,13
764497316,1,3,0,2,2,1,5,5,5,14,3,14,14,11,11,7,14,14,14,14,2,11,11,23,11,0,3,1,15,10,4,1,0,24,10,4,3,1,0,29,2,4,0,6,9,8,12,8,19,19,4,4,15,11,11
989502887,6,6,6,6,6,1,13,13,13,13,0,10,10,22,22,0,7,3,22,22,8,8,18,18,8,3,13,12,13,13,9,9,16,13,4,4,10,12,17,18,8,12,9,16,4,7,7,7,17,17,7,12,7,16,16
794963377,0,2,3,0,10,2,0,8,8,8,3,13,13,13,13,4,4,10,10,10,2,0,4,4,29,7,10,15,2,18,6,10,8,4,1,1,5,13,9,22,6,10,1,10,24,2,2,2,11,11,3,3,18,8,8
828890584,4,4,4,4,0,9,9,0,20,20,6,6,6,12,12,2,12,12,12,28,3,14,14,6,6,9,1,17,1,5,1,13,7,7,22,0,7,18,14,3,5,2,17,21,28,3,14,14,4,4,5,5,5,10,10
811355609,0,2,1,17,17,9,9,0,24,24,6,6,6,24,24,9,9,0,20,20,5,5,5,0,0,2,3,8,9,7,2,11,15,24,6,1,5,13,17,9,6,10,14,6,1,2,2,2,9,28,2,2,4,24,24
902000094,4,4,4,4,0,9,9,0,20,20,6,6,6,12,12,9,9,0,15,7,5,5,5,0,25,2,2,7,20,0,2,11,2,0,12,1,5,13,19,22,6,10,15,13,6,3,3,3,2,2,3,3,5,9,9
966819294,0,2,3,0,10,2,0,8,8,8,3,13,13,13,13,7,8,8,0,12,2,0,19,19,9,6,5,16,6,16,5,10,15,1,1,8,2,4,2,27,1,1,1,20,17,4,4,4,11,11,6,6,6,4,4
912301547,2,0,7,7,7,4,1,16,16,16,7,3,1,1,7,3,1,16,16,16,1,12,12,5,13,8,0,4,4,17,7,2,9,9,3,7,1,9,7,14,9,0,5,9,7,1,1,1,21,21,8,8,8,14,14
963063283,2,0,17,3,8,2,2,2,4,4,7,3,1,1,29,3,13,13,13,2,1,2,2,14,14,8,0,9,8,3,7,4,1,2,13,7,1,5,13,4,9,8,5,23,18,1,1,1,10,1,8,1,1,21,21
841854478,8,8,8,1,1,5,12,12,0,11,2,2,4,9,9,8,0,1,21,21,4,1,1,11,2,7,12,11,10,18,6,0,12,11,15,3,12,6,8,13,4,5,18,8,5,0,10,17,22,22,0,14,14,7,7
698658322,5,5,2,22,22,3,3,3,3,3,5,5,5,0,25,5,5,5,2,26,9,9,9,9,4,5,11,3,24,20,0,5,4,5,17,9,3,16,9,25,0,11,2,17,3,5,9,9,12,12,9,9,9,18,18
681639459,8,8,8,1,1,5,12,12,0,26,2,0,7,7,3,2,12,12,12,13,4,1,8,8,3,7,14,2,12,15,6,3,8,14,2,6,7,7,20,2,5,13,8,22,16,0,14,14,24,24,5,0,17,10,10
929533489,2,0,17,3,8,4,1,1,1,1,7,3,8,8,8,3,1,15,7,3,1,12,12,5,19,8,0,4,4,19,7,2,9,9,9,7,1,9,7,14,9,0,7,9,25,1,1,1,21,21,8,8,1,14,14
936001075,2,0,17,3,8,4,1,1,1,1,7,3,1,1,7,3,1,15,7,3,1,12,12,5,13,8,0,4,4,17,7,2,9,9,3,7,1,9,7,24,9,0,16,9,7,1,1,1,21,21,8,8,8,14,14
971546167,3,1,16,16,16,5,12,12,0,27,2,0,7,7,3,2,12,12,12,28,3,14,14,6,6,1,14,17,12,15,8,13,7,14,22,6,7,18,16,2,5,2,17,21,13,0,14,14,24,24,5,5,17,10,10
907460164,4,4,4,4,0,9,9,0,20,20,6,6,6,12,12,9,9,0,15,7,5,5,5,0,25,2,2,7,20,0,2,11,2,0,12,1,5,13,19,22,6,10,10,13,6,3,3,3,2,2,3,10,10,9,9
975429194,8,8,8,1,1,5,12,12,0,11,2,0,7,7,3,8,0,1,21,21,3,4,0,20,20,7,14,5,16,18,6,3,12,8,14,3,12,18,14,7,4,2,17,11,28,0,10,16,14,14,5,5,19,10,10
652959315,3,1,5,8,3,3,3,4,10,10,4,1,2,10,4,1,11,11,5,27,6,6,6,16,16,9,9,18,5,1,8,7,3,15,5,0,11,14,6,3,5,13,19,6,16,9,0,0,4,4,1,13,0,0,0
740318831,0,2,3,0,10,2,0,8,8,8,3,13,13,13,13,4,4,19,19,19,2,0,15,15,15,6,5,15,6,2,5,10,15,4,1,1,14,0,2,27,1,1,1,20,17,4,4,4,12,12,6,6,6,4,4
711573106,3,1,5,8,3,3,3,4,10,10,4,1,2,2,2,1,11,11,5,6,6,6,6,24,24,9,9,13,5,8,1,14,17,7,7,0,11,14,9,11,5,13,19,1,16,9,9,18,4,4,1,13,13,13,13
907357811,4,4,4,4,0,9,9,0,24,24,6,6,6,24,24,9,9,0,15,7,2,0,15,15,15,2,2,7,20,26,2,11,11,0,12,1,5,13,15,9,7,1,15,10,1,2,2,2,9,28,3,3,3,3,3
604098167,8,8,8,1,1,5,12,12,0,11,2,2,4,9,9,8,0,1,21,21,4,1,1,11,2,7,12,11,16,18,6,8,8,8,19,3,12,7,24,13,4,6,13,5,21,0,11,17,14,14,0,14,14,7,28
827903615,8,8,8,1,1,5,12,12,0,11,2,2,4,9,9,8,0,1,21,21,4,1,1,2,12,7,12,11,16,18,6,0,8,21,19,3,12,7,24,13,4,6,18,8,5,0,11,11,14,14,0,0,19,7,7
701075085,3,1,5,8,3,2,2,2,2,12,0,7,3,3,0,7,8,8,0,12,2,0,4,4,18,4,5,15,17,23,5,4,6,20,16,1,7,10,1,9,7,1,14,10,24,6,6,6,3,27,1,13,18,8,26
884596365,0,2,3,0,10,2,0,8,8,8,3,13,13,13,13,4,4,19,19,19,2,0,19,19,9,6,4,15,2,16,5,10,19,1,24,8,2,4,22,27,1,7,1,15,11,4,4,4,11,11,6,6,18,4,19
601628311,3,1,5,10,4,3,3,4,10,10,4,1,2,2,2,1,11,11,5,6,6,6,6,24,24,9,11,3,24,8,1,14,17,7,7,8,2,8,9,11,7,1,19,1,16,5,13,9,4,4,9,13,13,13,13
970079895,1,3,0,2,2,1,5,5,5,2,3,14,14,11,11,9,9,0,24,24,2,11,11,23,11,0,3,1,6,7,4,1,0,24,10,0,3,19,15,21,2,4,15,0,26,4,12,8,19,19,4,4,4,6,6
922562221,0,2,3,0,10,2,0,8,8,8,3,13,13,13,13,4,4,19,19,19,2,0,19,19,9,6,4,15,2,2,5,10,19,1,1,8,14,0,22,27,1,7,1,15,11,4,4,4,11,11,6,6,18,4,4
903814839,4,4,4,4,0,9,9,0,24,24,6,6,6,24,24,9,9,0,20,20,5,5,5,0,0,2,2,7,9,26,2,11,2,0,6,1,5,10,17,9,6,10,10,13,24,2,2,2,9,28,3,10,10,24,24
850968263,0,2,3,0,10,2,0,8,8,8,4,1,2,2,2,1,2,2,23,23,2,0,15,15,15,9,5,16,19,8,1,10,15,4,1,8,7,17,2,27,7,1,14,20,17,4,4,9,3,3,6,6,6,4,4
989351643,0,2,3,0,10,2,2,2,2,12,0,7,3,3,0,0,10,4,4,4,7,3,16,7,7,0,8,12,15,24,4,1,10,3,4,4,10,1,12,10,8,9,0,0,26,8,8,8,16,16,4,12,12,6,6
1039503078,1,3,0,2,2,1,5,5,5,2,1,4,0,14,14,0,10,4,4,4,7,3,16,7,7,0,8,6,15,24,4,1,10,3,4,4,10,1,12,10,2,4,0,0,26,8,8,8,16,16,4,4,15,11,11
935214823,4,4,4,4,0,9,9,0,20,20,6,6,6,24,24,9,9,0,15,7,5,5,5,0,25,2,2,7,20,0,2,11,2,0,12,1,5,13,19,22,6,10,10,13,6,2,2,2,9,28,3,10,10,9,9
975392497,6,6,6,6,6,1,13,13,13,13,0,10,10,22,22,6,6,6,6,15,8,8,18,18,8,3,13,10,3,9,9,9,5,10,26,5,4,3,5,18,3,3,4,4,10,7,7,7,15,25,7,7,7,15,15
899424012,0,2,3,0,10,2,0,8,8,8,3,13,13,13,13,7,8,8,0,12,2,0,4,4,18,6,5,15,6,2,5,6,19,1,25,8,14,0,22,1,1,7,1,15,9,4,12,12,8,8,6,6,18,19,19
899452696,3,1,5,8,3,3,3,4,10,10,4,1,2,2,2,1,11,11,5,6,6,6,6,24,24,9,9,18,5,8,1,14,17,7,5,8,2,8,9,3,7,1,19,10,16,9,13,13,4,4,5,13,13,13,13
899583778,3,1,5,10,4,2,2,2,2,12,0,7,3,3,0,3,13,13,13,2,1,2,2,22,22,8,6,9,17,3,3,4,9,20,16,7,1,17,23,4,7,8,7,10,12,6,6,6,1,1,8,1,1,1,1
972447551,0,2,3,0,10,2,0,8,8,8,3,14,14,6,6,4,4,19,19,19,2,0,15,15,15,6,5,15,2,2,5,10,15,1,1,1,14,0,22,27,1,7,1,20,17,4,4,4,8,8,6,6,6,4,4
824909637,2,0,17,3,8,4,1,16,16,16,7,3,1,1,7,3,1,15,7,3,1,12,12,5,19,8,0,9,8,3,7,2,9,2,13,7,1,5,13,4,9,0,7,9,25,1,1,1,10,1,8,8,1,21,21
903831367,4,4,4,4,0,9,9,0,12,5,6,6,6,24,24,9,9,0,15,7,5,5,5,0,0,2,2,7,20,0,2,11,11,0,12,1,5,13,19,22,6,10,15,13,6,3,3,3,2,9,3,3,5,9,9
908894026,4,4,4,4,0,9,9,0,20,20,6,6,6,12,12,9,9,0,15,7,5,5,5,0,25,2,2,7,20,0,2,11,2,0,12,1,5,13,19,22,6,10,15,13,6,3,3,3,2,2,3,3,5,9,9
983936858,5,5,2,5,5,6,6,6,6,6,5,5,5,0,10,5,5,5,2,11,9,9,9,9,4,5,11,3,24,6,0,5,4,18,27,9,8,11,3,0,0,11,2,17,3,5,5,5,7,7,9,9,9,18,18
929406809,0,2,1,17,17,9,9,0,24,24,6,6,6,24,24,9,9,0,20,20,5,5,5,0,0,2,5,7,9,26,2,11,7,0,6,1,5,13,17,9,6,10,14,13,1,2,2,2,9,28,3,3,3,24,24
962355052,2,0,17,3,8,4,1,16,16,16,7,3,1,1,29,3,1,15,7,3,1,12,12,5,19,8,0,9,8,3,7,2,9,2,13,7,1,5,13,24,9,0,7,23,25,1,1,1,10,10,8,8,1,21,21
742023028,0,2,3,0,10,2,0,8,8,8,3,13,13,13,13,4,4,10,10,10,2,0,15,15,15,6,4,16,2,8,5,10,15,1,1,8,2,8,22,27,1,1,1,20,17,4,13,13,11,11,6,6,6,4,4
1010970495,0,2,1,17,17,9,9,0,24,24,6,6,6,24,24,9,9,0,20,20,5,5,5,0,0,2,5,8,9,26,2,11,15,4,6,1,5,13,17,9,6,1,14,6,1,2,2,2,9,28,2,2,2,3,3
924610453,2,0,17,3,8,4,1,16,16,16,7,3,1,1,7,3,1,15,7,3,1,12,12,5,19,8,0,4,8,3,7,2,9,9,13,7,1,5,13,24,9,0,7,23,25,1,1,1,10,10,8,8,8,21,21
950075297,2,0,17,3,8,4,1,16,16,16,7,3,1,1,7,3,1,15,7,3,1,2,2,14,14,8,0,9,8,3,3,4,1,2,13,7,1,5,13,4,9,8,5,23,18,1,1,1,10,1,8,1,1,1,1
948318130,0,2,3,0,10,2,2,2,2,12,3,13,13,13,13,4,4,10,10,10,2,0,19,19,9,6,4,1,0,16,5,6,19,1,25,8,13,19,22,21,1,7,1,15,22,6,12,12,23,23,6,6,18,19,19
969301940,0,2,3,0,10,2,0,8,8,8,3,13,13,13,13,7,8,8,0,12,2,0,19,19,9,6,5,16,19,16,5,10,15,1,24,8,2,4,22,23,1,7,1,15,11,4,4,4,11,11,6,6,18,4,4
829296573,3,1,5,10,4,3,3,4,10,10,4,1,2,2,2,1,2,2,17,17,3,14,14,6,6,1,9,13,12,27,8,14,7,6,22,0,11,4,16,23,5,9,14,21,1,9,9,18,4,4,1,13,3,24,24
990236615,0,2,1,17,17,9,9,0,24,24,6,6,6,24,24,8,0,17,8,8,4,1,1,11,2,7,10,11,10,18,6,0,8,11,29,6,5,7,24,13,4,6,13,22,15,0,10,17,14,14,0,14,17,7,7
958619600,5,5,2,5,5,6,6,6,6,6,5,5,5,0,10,5,5,5,2,11,9,9,9,9,4,5,11,3,24,20,0,5,4,18,17,9,8,11,3,25,0,11,2,17,3,5,5,5,7,7,9,9,9,23,23
864030679,0,2,1,17,17,9,9,0,24,24,6,6,6,24,24,9,9,0,20,20,5,5,5,0,0,2,5,7,9,26,2,11,7,0,6,1,5,13,17,9,6,10,14,6,1,2,2,2,9,28,2,2,2,24,24
706461666,2,0,17,3,8,4,1,16,16,16,7,3,1,1,29,3,1,15,7,3,1,12,12,5,19,8,0,9,8,3,7,4,9,2,13,7,1,5,13,4,9,0,7,23,25,1,1,1,10,10,8,1,1,21,21
826765287,0,2,19,19,19,3,3,18,18,18,4,1,16,16,16,0,7,3,11,5,7,3,17,17,17,3,8,6,11,13,9,9,16,13,4,4,9,12,10,17,8,12,14,21,4,8,8,19,6,6,7,12,12,16,16
628756464,3,1,5,8,3,3,3,4,10,10,4,1,2,10,4,1,11,11,5,6,6,6,6,16,16,1,9,18,5,25,8,7,3,15,5,0,11,8,6,3,5,13,19,10,16,9,0,18,4,4,1,13,13,13,13
643002356,3,1,16,16,16,5,12,12,0,27,2,0,7,7,3,2,12,12,12,28,4,1,8,8,3,1,14,17,1,5,8,13,7,14,2,1,7,18,14,2,5,2,17,11,28,0,14,14,24,24,5,5,19,10,10
902029302,4,4,4,4,0,9,9,0,24,24,6,6,6,24,24,9,9,0,20,20,5,5,5,0,0,2,5,7,9,26,2,11,7,0,6,1,5,10,17,9,6,10,14,10,1,2,2,2,9,28,3,3,3,24,24
831254527,4,4,4,4,0,9,9,0,20,20,6,6,6,24,24,9,9,0,15,7,5,5,5,0,25,2,2,7,20,0,2,11,2,0,12,1,5,13,19,22,6,10,10,13,6,3,3,3,2,9,3,10,10,9,9
