specimen_id,sweep_number,avg_rate,max_inst_rate
978149378,19,2.0,1.828889132740773
978149378,20,12.0,14.832393948383261
978149378,21,16.0,26.795284030010784
823218199,18,4.0,236.9668246445497
823218199,21,4.0,190.8396946564918
823218199,22,4.0,214.5922746781117
944750626,16,3.0,124.3781094527373
944750626,19,10.0,110.1321585903073
944750626,20,15.0,101.01010101010081
965861424,20,3.0,81.56606851549724
965861424,23,7.0,126.90355329949242
965861424,26,4.0,50.352467270896305
896692280,14,3.0,155.76323987538987
896692280,17,10.0,122.8501228501223
896692280,18,13.0,129.8701298701292
947396671,17,2.0,52.24660397074208
947396671,18,6.0,105.48523206751005
947396671,19,10.0,93.28358208955169
971702340,20,3.0,91.407678244973
971702340,21,8.0,70.82152974504238
971702340,23,11.0,60.024009603841506
742596680,12,1.0,1.0
742596680,15,5.0,110.61946902654809
742596680,16,6.0,144.50867052023276
950243428,20,6.0,243.90243902439067
950243428,26,3.0,217.3913043478238
645955689,12,8.000000000000004,169.49152542372835
645955689,18,9.000000000000004,72.35890014471809
904839273,15,3.0,2.585983966899405
904839273,18,12.0,17.85714285714284
904839273,19,16.0,35.335689045936405
906485870,18,2.0,2.681108906643787
906485870,25,12.0,13.315579227696414
906485870,26,18.0,29.815146094215848
932130950,15,4.0,209.2050209205018
932130950,18,9.0,228.31050228310238
932130950,19,12.0,238.09523809522656
973488284,16,3.0,122.24938875305676
973488284,19,9.0,115.20737327188913
973488284,20,12.0,129.8701298701292
896110766,14,1.0,1.0
896110766,17,11.0,17.40341106856942
896110766,18,15.0,38.2848392036753
908644527,16,3.0,144.50867052023042
908644527,19,7.0,144.9275362318837
908644527,20,9.0,153.84615384615503
899473601,19,1.0,1.0
899473601,22,9.0,10.902747492368073
899473601,23,12.0,18.960940462646946
820945099,16,5.0,121.35922330097213
820945099,19,10.0,81.96721311475417
820945099,20,14.0,97.84735812133066
970760401,14,4.0,292.3976608187153
970760401,17,12.0,292.3976608187153
970760401,18,17.0,294.1176470588271
827969748,15,2.0,2.0554984583761566
827969748,18,8.0,19.312475859405158
827969748,19,10.0,47.12535344015076
896602326,39,2.0,28.296547821165877
896602326,44,13.0,28.735632183908002
896602326,49,18.0,66.75567423230977
989163765,19,1.0,1.0
989163765,22,12.0,23.946360153256695
989163765,23,15.0,29.63841138114998
995574011,16,1.0,1.0
995574011,19,8.0,11.539349180706214
995574011,20,12.0,21.73913043478264
912589058,16,2.0,2.00096046102129
912589058,19,10.0,12.63583522870862
912589058,20,13.0,17.568517217146884
908632324,17,6.0,326.7973856209202
908632324,18,9.0,241.54589371980487
908632324,19,12.0,245.09803921568792
957120771,21,4.0,156.24999999999824
957120771,27,5.0,87.7192982456143
957120771,31,9.0,105.7082452431287
813003041,16,1.0,1.0
813003041,19,7.0,10.642826734780765
813003041,20,10.0,113.37868480725702
898949412,16,2.0,87.7192982456143
898949412,17,5.0,111.11111111111101
898949412,18,7.0,111.11111111111101
970723621,18,5.0,303.03030303030584
970723621,21,14.0,289.01734104046085
970723621,22,19.0,297.6190476190548
645447975,12,4.000000000000002,4.25930658488798
645447975,13,10.000000000000005,31.387319522912744
926761275,15,1.0,1.0
926761275,18,10.0,127.22646310432606
926761275,19,12.0,97.08737864077693
648143167,12,2.000000000000001,2.5511505689065768
648143167,13,10.000000000000005,12.963443090484835
914399613,14,2.0,122.5490196078423
914399613,17,6.0,163.93442622950835
914399613,18,7.0,157.72870662460537
975282560,15,2.0,1.5620118712902218
975282560,18,11.0,84.3170320404723
975282560,19,14.0,75.52870090634488
645529985,14,2.000000000000001,2.075980900975711
645529985,18,9.000000000000004,99.80039920159541
950284677,16,3.0,144.9275362318837
950284677,17,7.0,151.51515151515036
950284677,18,10.0,138.1215469613255
908669318,14,4.0,211.86440677965842
908669318,17,7.0,216.45021645021845
908669318,18,10.0,185.18518518518655
994718096,13,5.0,208.33333333332737
994718096,16,8.0,176.0563380281719
994718096,17,10.0,178.57142857143054
998064533,13,2.0,84.45945945945894
998064533,16,5.0,83.47245409015032
998064533,17,8.0,97.84735812133066
826782115,13,2.0,1.4720169576353521
826782115,16,11.0,33.422459893048064
826782115,17,15.0,53.82131324004294
898683305,13,3.0,160.25641025640965
898683305,16,13.0,171.23287671233004
898683305,17,17.0,169.49152542373153
651055533,12,2.000000000000001,164.47368421053002
651055533,13,6.000000000000003,174.82517482517645
950272456,23,5.0,150.15015015015015
950272456,24,8.0,158.2278481012688
950272456,25,8.0,135.5013550135512
716591562,15,1.0000000000000004,1.0000000000000004
716591562,16,4.000000000000002,4.009944662763655
948376025,16,2.0,130.89005235602127
948376025,19,6.0,166.66666666666652
948376025,20,8.0,154.32098765432264
645542364,13,3.0000000000000013,92.59259259259328
645542364,17,8.000000000000004,92.25092250922543
898953706,15,3.0,2.734631371691097
898953706,18,14.0,44.802867383512535
898953706,19,18.0,56.05381165919293
916681208,16,3.0,179.85611510791335
916681208,19,10.0,148.8095238095225
916681208,20,12.0,141.24293785310562
915788289,17,1.0,1.0
915788289,18,4.0,4.225471140032112
915788289,19,7.0,22.331397945511423
867099146,12,4.0,217.3913043478238
867099146,15,13.0,166.11295681063052
867099146,16,17.0,154.79876160990662
989467159,20,2.0,45.08566275924283
989467159,29,2.0,96.33911368015363
904876570,15,2.0,2.1214306928592648
904876570,18,12.0,17.889087656529497
904876570,19,16.0,27.11496746203903
1000780329,15,5.0,144.9275362318837
1000780329,16,11.0,141.24293785310562
1000780329,17,14.0,130.54830287206266
908628525,13,1.0,1.0
908628525,22,9.0,119.33174224343598
908628525,23,12.0,116.27906976744116
940794414,19,4.0,234.74178403755639
940794414,23,13.0,229.35779816513602
940794414,24,18.0,228.31050228310818
914354735,15,7.0,174.82517482517645
914354735,18,9.0,175.4385964912269
914354735,19,11.0,147.49262536873138
972517935,18,3.0,5.337318531169941
972517935,21,11.0,13.099292638197525
972517935,22,14.0,19.19385796545104
982745652,15,4.0,217.3913043478238
982745652,19,13.0,234.74178403756252
982745652,20,16.0,127.55102040816215
841888315,15,1.0,1.0
841888315,18,10.0,30.693677102516936
841888315,19,12.0,54.704595185995736
901403196,13,2.0,218.34061135371044
901403196,16,9.0,239.2344497607614
901403196,17,11.0,220.2643171806173
990282326,13,3.0,2.8830075534797905
990282326,16,11.0,17.94687724335966
990282326,17,16.0,31.96930946291563
830435948,15,2.0,176.67844522968204
830435948,18,6.0,174.82517482517304
830435948,19,8.0,162.86644951139974
681636493,10,3.0000000000000013,44.60303300624465
681636493,11,6.000000000000003,65.70302233902754
965771919,23,2.0,78.1249999999998
965771919,24,7.0,89.60573476702551
965771919,25,8.0,94.87666034155603
644821657,13,1.0000000000000004,1.0000000000000004
644821657,18,7.0000000000000036,42.91845493562255
960656026,16,3.0,224.2152466367759
960656026,19,13.0,204.91803278688545
960656026,20,18.0,212.76595744680682
845402780,13,3.0,3.092528451261753
845402780,16,14.0,28.7191269385411
845402780,17,19.0,46.51162790697682
983638695,16,3.0,130.208333333333
983638695,19,7.0,107.29613733905585
983638695,20,10.0,134.04825737265574
637383404,9,3.0000000000000013,138.88888888888704
637383404,54,8.000000000000004,106.60980810234354
637383404,55,12.000000000000005,110.86474501108613
827867891,15,3.0,76.68711656441687
827867891,16,6.0,73.42143906020517
827867891,17,8.0,102.04081632653144
965821175,37,2.0,88.18342151675472
965821175,40,6.0,101.21457489878543
965821175,41,8.0,117.64705882353007
994882296,14,4.0,168.35016835016674
994882296,17,10.0,157.2327044025149
994882296,18,11.0,176.67844522968204
993993470,24,1.0,1.0
993993470,25,12.0,190.83969465648772
993993470,26,15.0,203.25203252032375
992400811,15,2.0,204.08163265306058
992400811,18,12.0,224.21524663677033
992400811,19,13.0,231.48148148148198
992396042,31,2.0,111.35857461024514
992396042,32,5.0,94.69696969696957
992396042,33,7.0,119.04761904761958
916624146,15,1.0,1.0
916624146,18,9.0,13.609145345672294
916624146,19,12.0,24.679170779861796
913695508,16,7.0,185.18518518519036
913695508,19,11.0,194.55252918287812
913695508,20,15.0,178.571428571427
880853797,40,1.0,1.0
880853797,43,10.0,14.144271570014148
880853797,44,13.0,22.779043280182208
990229295,16,3.0,149.25373134328518
990229295,19,8.0,148.80952380952496
990229295,21,13.0,161.2903225806456
899683133,85,3.0,3.512469265893924
899683133,88,11.0,13.13370107696349
833872706,17,4.0,4.082299150881777
833872706,20,13.0,41.84100418410036
833872706,21,16.0,100.80645161290282
990225226,20,3.0,99.80039920159763
990225226,21,7.0,87.26003490401376
990225226,22,12.0,113.3786848072556
907125584,14,2.0,162.86644951139974
907125584,17,8.0,192.30769230769295
907125584,18,11.0,176.67844522968204
898667347,18,3.0,2.4960063897763587
898667347,21,10.0,15.873015873015888
898667347,22,13.0,30.432136335970785
906597203,16,3.0,161.81229773462587
906597203,23,11.0,156.25000000000094
906597203,24,15.0,154.32098765432
823083861,15,2.0,61.72839506172843
823083861,18,8.0,86.95652173913078
823083861,19,11.0,98.42519685039422
989131618,21,5.0,169.4915254237347
989131618,22,8.0,157.23270440251767
989131618,23,11.0,179.85611510791335
866083691,14,2.0,193.79844961240525
866083691,17,8.0,203.25203252032375
866083691,18,15.0,204.08163265306058
901440363,16,4.0,308.64197530864
901440363,19,12.0,304.87804878049246
901440363,20,11.0,301.2048192771094
895562607,14,1.0,1.0
895562607,17,10.0,17.099863201094397
895562607,18,13.0,61.72839506172843
828842878,18,1.0,1.0
828842878,21,4.0,28.935185185185155
828842878,22,6.0,46.46840148698888
827638657,15,1.0,1.0
827638657,20,9.0,26.483050847457616
827638657,21,13.0,39.58828186856681
899462020,18,1.0,1.0
899462020,45,8.0,10.121457489878543
899462020,22,14.0,25.746652935118444
896111494,16,2.0,56.433408577877884
896111494,17,6.0,60.38647342995162
896111494,18,9.0,72.35890014471809
948302732,17,4.0,4.531858968548902
948302732,22,18.0,39.84063745019918
948302732,23,21.0,60.168471720818005
828879764,14,1.0,1.0
828879764,17,10.0,41.186161449752746
828879764,18,13.0,59.45303210463713
826848163,14,3.0,117.0960187353631
826848163,17,9.0,114.67889908256801
826848163,18,12.0,109.89010989010993
990557098,17,3.0,187.26591760299584
990557098,20,5.0,163.93442622950835
990557098,21,8.0,154.32098765432
992412609,16,3.0,201.6129032258034
992412609,17,7.0,168.3501683501699
992412609,19,10.0,180.50541516245522
829305793,17,1.0,1.0
829305793,20,2.0,192.30769230769295
829305793,21,4.0,213.6752136752129
828879817,18,1.0,1.0
828879817,19,3.0,10.354110581901015
828879817,21,4.0,16.270745200130175
898962389,17,4.0,264.55026455026416
898962389,22,12.0,230.41474654377825
898962389,23,12.0,226.24434389140376
826909667,15,6.0,247.52475247525166
826909667,18,12.0,233.64485981308076
826909667,19,15.0,233.64485981308076
829305835,12,4.0,3.844083954793572
829305835,15,10.0,13.444474321054047
829305835,16,12.0,30.769230769230795
898671597,15,6.0,181.81818181817982
898671597,18,11.0,155.27950310559004
898671597,19,14.0,136.98630136986353
972563450,14,3.0,88.18342151675472
972563450,17,7.0,117.37089201877973
972563450,18,9.0,113.12217194570188
908649467,17,4.0,193.7984496124011
908649467,20,7.0,231.48148148148198
908649467,21,11.0,229.35779816514184
990213121,18,5.0,165.5629139072896
990213121,22,7.0,153.8461538461524
990213121,23,11.0,155.27950310559004
973501446,25,1.0,1.0
973501446,28,11.0,12.462612163509458
973501446,29,14.0,15.513496742165694
926770192,16,1.0,1.0
926770192,19,9.0,23.843586075345744
926770192,20,12.0,41.63197335553698
973472798,17,7.0,208.333333333337
973472798,18,10.0,230.41474654377825
973472798,19,12.0,229.35779816514184
645444644,14,4.000000000000002,7.419498441905333
645444644,16,10.000000000000005,91.7431192660558
906552358,13,3.0,154.79876160990662
906552358,20,6.0,177.30496453900778
906552358,21,10.0,160.25641025640965
880772136,39,5.0,197.6284584980212
880772136,42,10.0,235.8490566037724
880772136,43,13.0,195.31250000000372
991953962,19,3.0,152.90519877675862
991953962,22,7.0,115.47344110854502
991953962,23,9.0,123.15270935960567
645444689,11,4.000000000000002,5.099439061703214
645444689,13,12.000000000000005,19.17913310318379
652960852,10,5.000000000000003,158.22784810126325
652960852,13,13.000000000000005,125.62814070351811
989385812,20,2.0,127.55102040816215
989385812,22,8.0,217.3913043478238
989385812,24,15.0,161.2903225806427
823268448,20,3.0,155.76323987538987
823268448,23,6.0,179.85611510791335
823268448,24,7.0,183.15018315018247
957039728,21,1.0,1.0
957039728,31,9.0,15.225334957369071
957039728,32,13.0,24.16626389560169
947504249,17,8.0,292.3976608187153
947504249,18,11.0,284.0909090909117
947504249,19,14.0,274.7252747252765
970810491,14,1.0,1.0
970810491,17,5.0,76.56967840735027
970810491,18,9.0,141.24293785310783
695440507,12,1.0000000000000004,1.0000000000000004
695440507,13,6.000000000000003,7.0018204733230665
799954058,15,7.0,240.38461538461877
799954058,18,14.0,247.52475247525166
799954058,19,15.0,217.39130434782905
973374623,14,2.0,95.05703422053155
973374623,17,10.0,88.18342151675472
973374623,20,10.0,101.01010101010081
965113010,16,1.0,1.0
965113010,19,11.0,38.66976024748647
965113010,20,15.0,50.70993914807284
970085557,14,2.0,98.03921568627463
970085557,17,8.0,156.7398119122244
970085557,18,11.0,135.5013550135512
990258379,16,3.0,195.3124999999995
990258379,19,7.0,202.42914979756858
990258379,20,8.0,177.30496453900778
929535184,16,3.0,239.23444976076775
929535184,19,16.0,274.7252747252765
929535184,20,19.0,247.52475247524487
992023765,16,3.0,224.21524663677033
992023765,19,9.0,202.42914979756858
992023765,20,10.0,221.23893805309888
908960987,15,5.0,125.62814070351811
908960987,16,8.0,100.20040080160332
908960987,17,12.0,106.83760683760644
743134436,14,2.0,2.0028841531805797
743134436,17,9.0,246.30541871920798
743134436,18,10.0,85.91065292096232
915690724,31,1.0,1.0
915690724,32,9.0,64.51612903225778
915690724,39,13.0,68.77579092159561
906552550,17,6.0,177.3049645390043
906552550,18,11.0,190.1140684410671
906552550,19,12.0,159.2356687898073
826750185,14,1.0,1.0
826750185,18,9.0,15.792798483891335
826750185,19,13.0,42.26542688081147
992769264,17,2.0,156.73981191222714
992769264,20,4.0,106.60980810234605
992769264,21,6.0,125.62814070351811
972461300,23,2.0,1.2112109687265327
972461300,24,6.0,6.655131106082787
972461300,27,8.0,16.181229773462793
948360440,15,3.0,3.2469640885771813
948360440,18,15.0,18.294914013904158
948360440,19,18.0,33.53454057679414
945796367,16,3.0,3.010959894014213
945796367,19,12.0,219.29824561403467
945796367,20,14.0,203.25203252032375
965088550,22,2.0,156.24999999999824
965088550,25,7.0,180.50541516245522
965088550,26,8.0,183.8235294117647
916620597,18,3.0,114.15525114155264
916620597,21,7.0,133.33333333333223
916620597,22,10.0,134.4086021505376
823260493,21,4.0,147.9289940828405
823260493,24,5.0,142.04545454545362
823260493,25,8.0,133.68983957219177
965719385,21,3.0,25.49719530851604
965719385,24,6.0,43.668122270742295
965719385,25,8.0,54.58515283842794
989128029,15,1.0,1.0
989128029,16,4.0,71.83908045977046
989128029,17,7.0,83.33333333333402
829318500,16,1.0,1.0
829318500,20,6.0,46.511627906976585
829318500,21,9.0,45.45454545454542
992195946,42,2.0,123.76237623762412
992195946,20,2.0,157.2327044025149
642999662,12,3.0000000000000013,4.0866366979975455
642999662,14,13.000000000000005,15.151515151515138
940778879,22,3.0,134.04825737265375
940778879,27,6.0,115.74074074074099
940778879,28,9.0,117.37089201877819
898553217,18,3.0,236.9668246445497
898553217,19,9.0,217.39130434782905
898553217,20,10.0,209.2050209205018
948360577,23,4.0,92.42144177449124
948360577,25,3.0,103.30578512396671
948360577,27,4.0,107.5268817204304
898598276,13,3.0,150.6024096385547
898598276,20,8.0,132.62599469496035
898598276,21,11.0,114.67889908256946
950322566,19,1.0,1.0
950322566,21,9.0,19.623233908948194
950322566,22,14.0,31.113876789047968
991966596,15,3.0,229.35779816514184
991966596,18,9.0,192.30769230769295
991966596,19,13.0,193.05019305019445
913716620,17,3.0,2.983471567515961
913716620,20,15.0,25.075225677031078
913716620,21,19.0,37.45318352059917
965072268,15,3.0,136.61202185792362
965072268,18,10.0,214.5922746781117
965072268,21,14.0,118.76484560569939
947340690,23,5.0,5.679881858457348
947340690,26,14.0,24.213075060532752
947340690,27,18.0,37.397157816006
901346711,16,2.0,141.24293785310562
901346711,19,10.0,184.50184501845087
901346711,20,13.0,158.73015873015942
929527191,19,1.0,1.0
929527191,22,9.0,98.2318271119846
929527191,23,11.0,87.87346221441166
991978907,15,6.0,165.56291390728353
991978907,18,8.0,84.033613445378
991978907,19,11.0,86.65511265164649
603481505,9,5.000000000000003,264.5502645502564
603481505,50,2.000000000000001,155.27950310559004
603481505,51,3.0000000000000013,158.73015873015942
695424422,11,4.000000000000002,4.745634016704631
695424422,14,19.000000000000007,23.674242424242518
1043785128,18,5.0,160.25641025640965
1043785128,19,5.0,164.473684210527
1043785128,20,8.0,162.33766233766383
978159020,14,3.0,3.3357795716859036
978159020,17,12.0,47.214353163361714
978159020,18,15.0,166.11295681063052
992396717,19,4.0,128.2051282051314
992396717,22,7.0,132.97872340425582
992396717,23,9.0,162.8664495114027
916473265,16,4.0,131.92612137203307
916473265,37,9.0,150.15015015015015
916473265,38,15.0,132.97872340425582
1035142577,16,3.0,89.7666068222618
1035142577,17,5.0,88.33922261484102
1035142577,18,9.0,99.20634920634943
970683827,19,5.0,231.48148148148198
970683827,22,14.0,222.2222222222138
970683827,25,19.0,234.74178403755639
975488447,16,3.0,2.7181299266104926
975488447,19,11.0,179.21146953404923
975488447,20,14.0,220.2643171806173
642999751,10,4.000000000000002,3.7080984870958185
642999751,12,14.000000000000007,37.06449221645663
950265290,14,6.0,7.503001200480188
950265290,17,14.0,24.236548715462874
950265290,18,17.0,33.53454057679414
950322658,13,4.0,172.41379310345076
950322658,21,7.0,173.01038062283715
950322658,22,10.0,180.50541516245522
992220647,15,3.0,156.25000000000094
992220647,18,9.0,162.33766233766383
992220647,19,8.0,152.43902439024367
973846017,15,1.0,1.0
973846017,18,12.0,30.084235860409102
973846017,19,15.0,48.97159647404507
945063428,18,3.0,186.56716417910337
945063428,21,11.0,240.38461538461877
945063428,22,14.0,303.0303030302956
1040463370,18,1.0,1.0
1040463370,24,1.0,1.0
1040463370,25,3.0,26.539278131634866
898676236,14,5.0,126.58227848101414
898676236,17,14.0,132.97872340425582
898676236,18,18.0,122.2493887530551
702023186,10,5.000000000000003,6.083465141744739
702023186,11,14.000000000000007,34.01360544217702
970073623,14,3.0,177.3049645390043
970073623,17,10.0,175.4385964912269
970073623,18,14.0,187.26591760299584
880784944,97,1.0,1.0
880784944,98,6.0,55.24861878453037
880784944,100,6.0,5.931198102016609
908543551,27,1.0,1.0
908543551,34,10.0,22.09456473707464
908543551,35,15.0,24.950099800399197
987121219,18,1.0,1.0
987121219,20,4.0,3.563030000712604
987121219,21,8.0,219.29824561404
937854542,18,3.0,210.08403361344597
937854542,21,9.0,205.76131687242903
937854542,22,15.0,179.85611510791335
948405847,15,2.0,123.45679012345686
948405847,18,9.0,133.68983957219177
948405847,19,11.0,133.68983957219177
992790109,16,3.0,158.227848101266
992790109,19,11.0,149.70059880239478
992790109,20,15.0,131.23359580052562
994887261,13,2.0,23.062730627306237
994887261,16,13.0,54.704595185995736
994887261,17,16.0,73.09941520467822
880784997,18,4.0,301.2048192771094
880784997,21,6.0,232.55813953488533
880784997,22,9.0,222.22222222222476
926803573,18,3.0,138.1215469613255
926803573,19,11.0,160.77170418006423
926803573,22,14.0,164.473684210527
940635765,15,1.0,1.0
940635765,18,5.0,142.45014245014417
940635765,19,7.0,134.4086021505376
908682883,14,4.0,4.126433935792688
908682883,17,14.0,63.29113924050663
908682883,18,18.0,163.39869281045713
826840735,27,2.0,147.49262536873138
826840735,33,6.0,138.1215469613255
826840735,36,6.0,125.94458438287238
895833764,18,1.0,1.0
895833764,19,4.0,119.61722488038387
895833764,20,8.0,114.15525114155264
940783281,16,3.0,201.6129032258034
940783281,19,5.0,205.76131687242903
940783281,20,7.0,209.2050209205018
897009330,15,2.0,1.611084259706783
897009330,18,11.0,46.38218923933204
897009330,19,15.0,57.07762557077632
982738610,16,3.0,163.39869281045713
982738610,19,7.0,82.64462809917356
982738610,20,10.0,107.7586206896557
991975097,18,3.0,140.0560224089629
991975097,21,10.0,151.97568389057682
991975097,22,15.0,188.6792452830199
978147006,20,2.0,122.54901960784396
978147006,23,7.0,112.86681715575648
978147006,24,10.0,116.82242990654188
826840774,15,3.0,226.24434389140376
826840774,21,3.0,223.21428571428928
992749267,17,5.0,175.4385964912269
992749267,18,5.0,173.01038062283715
992749267,19,10.0,140.84507042253531
827655895,17,4.0,4.449982200071199
827655895,20,14.0,15.571473061351618
827655895,21,18.0,26.34351949420443
829302487,17,4.0,4.464285714285713
829302487,20,11.0,25.9470679813181
829302487,21,14.0,53.937432578209275
829298408,26,1.0,1.0
829298408,27,1.0,1.0
829298408,28,2.0,21.72968274663187
896124663,19,3.0,289.01734104046085
896124663,20,6.0,226.24434389140376
896124663,21,9.0,218.34061135371044
973772579,17,1.0,1.0
973772579,22,10.0,31.133250311332468
973772579,23,13.0,49.95004995004986
972560174,16,4.0,220.2643171806173
972560174,19,10.0,28.39295854628059
972560174,20,13.0,36.954915003695525
907429679,18,4.0,271.7391304347814
907429679,22,8.0,252.52525252524777
907429679,23,10.0,252.52525252525484
839337787,19,2.0,77.04160246533132
839337787,23,10.0,103.51966873706002
839337787,24,13.0,102.88065843621452
926926652,13,3.0,160.25641025640965
926926652,16,10.0,117.37089201877973
926926652,17,13.0,116.00928074245992
990607167,18,3.0,223.21428571428373
990607167,34,6.0,121.65450121654494
990607167,35,9.0,130.20833333333488
901412692,15,2.0,45.955882352941174
901412692,18,7.0,53.87931034482752
901412692,19,10.0,79.49125596184467
637380444,15,3.0000000000000013,114.15525114155409
637380444,53,12.000000000000005,73.74631268436569
637380444,54,14.000000000000007,115.20737327188913
973440862,14,2.0,1.564602434521388
973440862,17,10.0,82.50825082508237
973440862,18,13.0,96.15384615384545
882763615,14,4.0,195.3124999999995
882763615,17,7.0,190.83969465648772
882763615,18,10.0,183.15018315018247
645818223,13,5.000000000000003,125.3132832080185
645818223,14,8.000000000000004,128.20512820512772
880875384,289,3.0,2.5219408857056393
880875384,175,6.0,106.83760683760644
880875384,176,9.0,128.5347043701798
992782216,15,3.0,3.2632815559326454
992782216,18,12.0,252.52525252525484
992782216,19,16.0,236.9668246445497
906581896,19,3.0,171.8213058419263
906581896,22,9.0,165.56291390728353
906581896,23,12.0,161.8122977346288
989460363,17,2.0,151.97568389057682
989460363,20,8.0,159.2356687898073
989460363,21,13.0,166.11295681063052
605493156,12,5.000000000000003,176.05633802816502
605493156,46,5.000000000000003,154.79876160990395
605493156,47,7.0000000000000036,120.19230769230938
945768358,32,3.0,81.56606851549797
945768358,35,7.0,131.23359580052562
945768358,36,10.0,159.74440894568863
995575732,15,2.0,1.4698533086397978
995575732,18,13.0,27.793218454697044
995575732,19,17.0,41.288191577208885
904050612,13,4.0,223.21428571428373
904050612,16,9.0,162.86644951139974
904050612,17,13.0,168.3501683501699
898967483,19,2.0,93.45794392523425
898967483,23,11.0,186.56716417910337
898967483,24,15.0,163.93442622950835
828880827,14,2.0,2.7043106712099094
828880827,18,9.0,22.73760800363801
828880827,19,13.0,36.28447024673436
965052351,15,5.0,249.99999999999977
965052351,25,9.0,225.22522522522524
965052351,26,13.0,236.9668246445559
948312017,18,2.0,170.06802721088445
948312017,21,10.0,193.05019305019445
948312017,22,14.0,181.1594202898561
992393180,15,5.0,136.2397820163506
992393180,19,16.0,151.97568389057938
992393180,20,21.0,157.2327044025149
645363692,16,3.0000000000000013,133.68983957219373
645363692,17,8.000000000000004,200.00000000000426
990271469,14,4.0,259.0673575129551
990271469,17,8.0,246.30541871920124
990271469,18,12.0,243.90243902439067
898967534,14,3.0,274.7252747252765
898967534,18,14.0,273.22404371584724
898967534,19,17.0,271.7391304347814
990238702,18,3.0,150.6024096385547
990238702,21,10.0,148.80952380952496
990238702,22,13.0,155.76323987538987
961935353,22,4.0,111.11111111111101
961935353,24,7.0,114.67889908256946
961935353,25,10.0,91.24087591240809
823220235,19,1.0,1.0
823220235,22,9.0,45.08566275924261
823220235,23,10.0,66.93440428380158
645834778,13,1.0000000000000004,1.0000000000000004
645834778,17,8.000000000000004,14.033118158854878
992393250,18,3.0,128.5347043701798
992393250,21,6.0,136.2397820163506
992393250,22,10.0,139.2757660167138
940603431,16,4.0,151.51515151515292
940603431,19,13.0,165.56291390728353
940603431,23,16.0,94.16195856873757
644581427,10,5.000000000000003,224.21524663676473
644581427,11,11.000000000000005,216.45021645021325
947390515,15,3.0,245.09803921568127
947390515,18,11.0,173.01038062283715
947390515,19,14.0,117.9245283018862
965744709,63,1.0,1.0
965744709,66,8.0,9.349289454001491
965744709,67,11.0,16.44736842105264
841889888,17,8.0,109.64912280701733
841889888,18,13.0,109.89010989010993
841889888,19,17.0,120.19230769230778
644548713,9,4.000000000000002,4.329754069968829
644548713,10,15.000000000000007,17.74308019872251
645449840,11,2.000000000000001,2.338743626923616
645449840,14,11.000000000000005,173.61111111111148
867207304,16,4.0,131.23359580052372
867207304,17,8.0,108.45986984815612
867207304,18,8.0,106.15711252653946
983472272,15,2.0,187.26591760299584
983472272,18,6.0,189.39393939393716
983472272,19,9.0,191.57088122605356
826837153,18,3.0,83.19467554076518
826837153,19,8.0,88.8099467140316
826837153,20,10.0,123.15270935960567
898939046,16,2.0,214.5922746781117
898939046,19,4.0,221.23893805309345
898939046,20,6.0,220.2643171806173
951720102,19,3.0,3.062036866923879
951720102,29,1.0,1.0
989153463,16,2.0,1.557923599426684
989153463,19,10.0,128.5347043701798
989153463,20,17.0,156.7398119122244
845555925,13,3.0,2.6228820227666163
845555925,16,9.0,16.041065126724426
845555925,17,12.0,29.222676797194598
644827374,9,1.0000000000000004,1.0000000000000004
644827374,10,10.000000000000005,22.851919561243133
645458163,12,3.0000000000000013,152.90519877675862
645458163,13,6.000000000000003,176.05633802816502
989464819,20,3.0,3.551136363636363
989464819,26,16.0,25.82644628099175
989464819,27,20.0,46.3392029657089
865208579,16,3.0,149.2537313432827
865208579,19,8.0,151.05740181268976
865208579,20,11.0,159.23566878981012
912767246,23,1.0,1.0
912767246,38,11.0,65.10416666666697
912767246,39,13.0,39.09304143862402
909547798,17,1.0,1.0
909547798,20,12.0,290.6976744186048
909547798,21,16.0,265.95744680851163
681400617,10,1.0000000000000004,1.0000000000000004
681400617,13,6.000000000000003,33.003300330033014
972458284,19,3.0,66.57789613848237
972458284,22,9.0,191.57088122605356
972458284,23,13.0,131.23359580052562
961235271,14,8.0,270.2702702702676
961235271,17,13.0,253.80710659898125
961235271,19,13.0,259.0673575129551
847862090,16,2.0,79.113924050633
847862090,19,7.0,100.60362173038281
847862090,20,9.0,84.45945945945974
951683418,16,2.0,1.6352160120351902
951683418,20,6.0,28.089887640449465
951683418,21,9.0,60.901339829476285
901445982,15,4.0,265.95744680851163
901445982,18,10.0,255.1020408163243
901445982,19,11.0,219.29824561403467
898529637,15,3.0,3.3983551960850953
898529637,18,14.0,25.380710659898483
898529637,19,18.0,47.214353163361466
681912683,16,3.0000000000000013,104.82180293501177
681912683,17,6.000000000000003,146.62756598240367
940583276,13,2.0,2.5006251562890722
940583276,18,11.0,27.533039647577162
940583276,19,14.0,56.81818181818198
901376365,13,3.0,245.09803921568792
901376365,18,12.0,120.77294685990405
901376365,19,15.0,109.17030567685522
926894447,14,1.0,1.0
926894447,17,9.0,98.23182711198353
926894447,18,12.0,98.61932938855979
882829701,14,4.0,240.38461538461877
882829701,19,7.0,106.60980810234479
882829701,20,9.0,120.48192771084214
989522310,16,3.0,3.175813008130081
989522310,19,16.0,49.652432969215376
989522310,20,20.0,98.81422924901169
647764362,17,4.000000000000002,3.9625931209383434
647764362,18,8.000000000000004,64.10256410256386
652544407,13,2.000000000000001,1.500870504892838
652544407,14,9.000000000000004,9.048136083966707
915675559,15,3.0,211.86440677965842
915675559,18,6.0,193.79844961240525
915675559,19,8.0,196.85039370078414
603511210,39,2.000000000000001,2.1354745024344406
603511210,9,8.000000000000004,11.967448539971267
603511210,42,11.000000000000005,18.52537977028532
895740352,15,4.0,331.1258278145792
895740352,18,13.0,340.1360544217753
895740352,19,17.0,326.7973856209202
901433799,16,4.0,248.75621890547805
901433799,21,10.0,248.75621890547117
901433799,22,13.0,215.5172413793114
827873742,16,4.0,264.55026455026416
827873742,19,11.0,239.23444976076775
827873742,20,14.0,242.718446601941
915642833,14,3.0,82.23684210526275
915642833,18,8.0,35.21126760563383
915642833,19,11.0,51.17707267144319
826780116,13,1.0,1.0
826780116,16,9.0,18.228217280349977
826780116,17,12.0,29.052876234747234
880847320,32,3.0,153.84615384615503
880847320,33,7.0,165.56291390728353
880847320,34,10.0,158.73015873015942
882440699,17,1.0,1.0
882440699,20,7.0,34.989503149055224
882440699,21,8.0,112.61261261261262
880871943,22,1.0,1.0
880871943,23,5.0,11.064394777605663
880871943,25,10.0,22.563176895306846
828885535,15,1.0,1.0
828885535,18,3.0,9.228497600590623
828885535,19,6.0,22.686025408348453
973388326,16,5.0,161.2903225806456
973388326,19,7.0,185.87360594795746
973388326,20,10.0,211.86440677966343
906545713,17,3.0,297.619047619045
906545713,20,9.0,295.85798816568587
906545713,21,12.0,285.71428571428095
939539000,18,2.0,2.1326508850501176
939539000,21,11.0,34.38789546079781
939539000,22,14.0,44.8833034111309
987036222,15,2.0,2.053472421865374
987036222,18,11.0,33.624747814391405
987036222,19,14.0,45.662100456621175
973478464,14,4.0,4.91980714355997
973478464,17,16.0,49.11591355599203
973478464,18,20.0,90.74410163339358
990231113,16,2.0,122.54901960784396
990231113,19,11.0,140.0560224089629
990231113,20,15.0,173.61111111111148
916699724,20,4.0,204.91803278688545
916699724,23,7.0,154.32098765432
916699724,24,9.0,203.25203252032375
899705429,16,4.0,185.87360594795362
899705429,19,11.0,167.7852348993267
899705429,20,15.0,161.8122977346288
963287636,17,5.0,245.09803921568792
963287636,18,8.0,182.48175182481617
963287636,19,11.0,182.48175182481987
992393816,16,3.0,161.8122977346288
992393816,18,7.0,147.05882352941114
992393816,19,12.0,144.50867052023042
898894447,14,4.0,297.619047619045
898894447,17,6.0,253.80710659898125
898894447,18,9.0,255.1020408163243
915757680,17,2.0,159.74440894568863
915757680,26,6.0,125.62814070351811
915757680,27,9.0,133.68983957219177
973486704,16,2.0,81.69934640522857
973486704,19,6.0,98.61932938855979
973486704,20,8.0,96.89922480620159
796858996,12,4.0,212.76595744680682
796858996,15,14.0,180.50541516245522
796858996,16,16.0,226.24434389140376
963283581,20,4.0,268.8172043010712
963283581,23,10.0,214.5922746781117
963283581,24,13.0,151.05740181268723
880777888,15,2.0,160.77170418006423
880777888,18,7.0,148.8095238095225
880777888,19,10.0,152.43902439024367
909564578,17,4.0,183.8235294117647
909564578,18,10.0,163.93442622950835
909564578,21,17.0,168.3501683501699
827968165,16,7.0,224.21524663677033
827968165,19,11.0,229.35779816514184
827968165,20,15.0,226.24434389140376
983550630,15,1.0,1.0
983550630,18,9.0,18.8040616773223
983550630,19,12.0,38.81987577639751
992021164,16,6.0,194.55252918288232
992021164,19,8.0,194.55252918287812
992021164,20,9.0,203.25203252032375
898947776,17,2.0,208.333333333337
898947776,18,5.0,206.6115702479358
898947776,19,8.0,174.82517482517645
818825921,16,2.0,1.3883489753984564
818825921,19,10.0,100.80645161290282
818825921,20,13.0,124.06947890818927
895580896,17,4.0,328.947368421048
895580896,18,9.0,299.40119760478956
895580896,19,13.0,277.7777777777741
990350059,17,3.0,211.86440677965842
990350059,20,13.0,243.90243902439067
990350059,21,16.0,248.75621890547117
982731503,15,4.0,207.4688796680478
982731503,18,14.0,238.09523809523915
982731503,21,17.0,178.571428571427
962087670,24,4.0,297.619047619045
962087670,27,12.0,284.0909090909117
962087670,31,15.0,284.0909090909117
990354179,15,2.0,68.39945280437772
990354179,18,7.0,72.2543352601158
990354179,19,10.0,101.83299389002099
972557075,16,2.0,107.99136069114547
972557075,17,4.0,102.24948875255728
972557075,18,8.0,206.6115702479358
990599962,15,2.0,1.4595557112414979
990599962,18,17.0,40.03202562049639
990599962,19,22.0,63.53240152477773
976964380,15,3.0,167.7852348993267
976964380,18,7.0,140.84507042253531
976964380,19,9.0,131.23359580052562
973384481,16,5.0,7.80396441392227
973384481,19,15.0,25.879917184265004
973384481,20,20.0,42.553191489361765
975477551,23,3.0,3.7464408811628944
975477551,29,8.0,10.586491636671608
975477551,30,10.0,17.39735560194851
992774965,13,6.0,135.86956521739273
992774965,16,17.0,126.90355329949242
992774965,17,21.0,140.44943820224688
742734652,22,2.0,2.961032808243516
742734652,27,11.0,28.985507246376834
742734652,28,15.0,48.449612403100794
681405248,12,2.000000000000001,2.2735540196435067
681405248,14,7.0000000000000036,119.04761904761958
914389834,15,3.0,246.3054187192147
914389834,18,9.0,185.18518518518655
914389834,19,13.0,132.62599469496035
951700309,13,2.0,1.477890754315441
951700309,16,7.0,31.928480204342257
951700309,17,10.0,192.30769230769295
827882326,20,7.0,210.08403361344108
827882326,23,13.0,225.22522522522524
827882326,24,19.0,225.22522522522524
948321114,18,1.0,1.0
948321114,22,8.0,15.128593040847191
948321114,23,11.0,22.904260192395768
992205657,27,3.0,193.79844961240525
992205657,31,9.0,187.26591760299584
992205657,32,13.0,190.1140684410631
828009310,18,7.0,8.591065292096216
828009310,35,15.0,22.58355916892503
991980391,18,4.0,210.08403361344597
991980391,19,9.0,193.7984496124011
991980391,20,12.0,122.85012285012398
899513194,15,3.0,226.24434389139807
899513194,18,6.0,214.5922746781066
899513194,19,8.0,196.07843137254926
644836206,8,6.000000000000003,115.4734411085465
644836206,12,9.000000000000004,121.0653753026644
971561834,16,2.0,1.8724487885256338
971561834,19,8.0,49.60317460317444
971561834,20,11.0,66.31299734748018
901151599,18,2.0,4.977600796416128
901151599,21,13.0,34.84320557491296
901151599,22,16.0,40.29008863819508
823024502,18,7.0,98.81422924901169
823024502,21,11.0,107.06638115631675
823024502,22,14.0,92.08103130754986
992406414,19,1.0,1.0
992406414,20,7.0,11.55001155001155
992406414,21,10.0,28.835063437139617
992205711,17,3.0,121.06537530266277
992205711,18,6.0,120.77294685990243
992205711,19,9.0,119.04761904761958
694451109,11,35.000000000000014,181.81818181817982
694451109,12,85.00000000000004,204.91803278688545
742521771,11,2.0,170.64846416382
742521771,14,6.0,151.97568389057682
742521771,15,7.0,187.26591760299584
989477803,18,3.0,3.3331111259249377
989477803,21,9.0,29.568302779420495
989477803,22,11.0,57.01254275940707
827595695,16,1.0,1.0
827595695,19,4.0,21.285653469561506
827595695,22,4.0,28.137310073156993
645807027,12,6.000000000000003,171.82130584191972
645807027,16,9.000000000000004,55.24861878453037
971582405,14,2.0,155.76323987539254
971582405,17,8.0,174.2160278745621
971582405,18,12.0,174.21602787456544
880774141,17,3.0,138.8888888888892
880774141,20,10.0,153.37423312883246
880774141,21,14.0,128.20512820512954
828886063,23,5.0,7.825950853028643
828886063,26,14.0,31.11387678904786
828886063,38,17.0,32.78688524590167
865311811,18,3.0,80.38585209003212
865311811,21,6.0,97.65624999999974
865311811,22,7.0,132.97872340425582
991968323,17,3.0,116.27906976744266
991968323,22,8.0,117.0960187353631
991968323,24,13.0,119.33174224343598
972549205,16,2.0,223.21428571428928
972549205,19,8.0,217.3913043478238
972549205,20,12.0,224.21524663677033
902278249,17,1.0,1.0
902278249,22,8.0,20.86811352253758
902278249,24,12.0,28.026905829596465
896044181,12,1.0,1.0
896044181,15,12.0,19.223375624759683
896044181,16,15.0,34.435261707989035
1034751127,18,3.0,210.08403361344597
1034751127,21,10.0,160.25641025640965
1034751127,22,13.0,142.04545454545362
742538397,18,3.0,93.28358208955265
742538397,21,6.0,111.11111111111101
742538397,22,8.0,115.20737327189059
828894369,15,1.0,1.0
828894369,18,8.0,13.213530655391127
828894369,19,11.0,21.786492374727697
978652336,18,3.0,78.74015748031537
978652336,19,9.0,93.28358208955265
978652336,20,13.0,85.3242320819108
882449590,15,2.0,187.26591760299584
882449590,18,9.0,257.73195876288696
882449590,19,13.0,235.8490566037724
896126139,14,2.0,2.5545394165431965
896126139,17,11.0,14.033118158854899
896126139,18,14.0,29.585798816568097
826830025,15,3.0,6.4724919093851145
826830025,19,9.0,15.847860538827247
826830025,21,13.0,27.731558513588478
645913812,12,7.0000000000000036,110.13215859030865
645913812,13,13.000000000000005,135.1351351351338
902266075,21,5.0,248.75621890547805
902266075,24,8.0,247.52475247525845
902266075,25,13.0,264.55026455026416
939633886,18,1.0,1.0
939633886,21,8.0,153.37423312883504
939633886,22,10.0,195.3124999999995
978676960,21,4.0,132.27513227513208
978676960,22,9.0,175.4385964912303
978676960,23,12.0,183.8235294117647
975449315,16,3.0,2.640473172792564
975449315,19,16.0,172.41379310345076
975449315,20,22.0,155.76323987538987
827944175,16,4.0,5.519372999227287
827944175,19,13.0,22.01673271686481
827944175,20,18.0,37.06449221645663
982703343,73,5.0,4.845430758794457
982703343,79,12.0,25.06265664160405
982703343,81,18.0,44.326241134751726
989134063,15,4.0,106.60980810234479
989134063,18,8.0,121.95121951219534
989134063,19,10.0,115.74074074074099
970747135,18,3.0,3.3584094572810312
970747135,19,10.0,13.635124079629112
970747135,21,16.0,26.680896478121618
963308801,15,5.0,227.27272727272936
963308801,18,14.0,120.77294685990405
963308801,19,17.0,113.63636363636324
926842115,14,3.0,3.658179689786362
926842115,17,13.0,29.222676797194598
926842115,19,15.0,50.200803212851284
1034747172,16,3.0,2.678667095253401
1034747172,19,12.0,174.82517482517304
1034747172,20,16.0,136.23978201634853
642993450,10,2.000000000000001,2.378347524140227
642993450,11,9.000000000000004,41.80602006688974
908688687,18,4.0,249.99999999999977
908688687,21,11.0,252.5252525252407
908688687,22,13.0,242.71844660194756
895593803,15,2.0,1.358880282647099
895593803,18,9.0,11.296882060551297
895593803,19,14.0,23.364485981308377
952581459,22,3.0,3.4230163620182124
952581459,25,12.0,17.869907076483198
952581459,26,15.0,36.76470588235294
994889056,17,3.0,102.45901639344272
994889056,20,6.0,113.37868480725702
994889056,21,8.0,131.92612137203307
681897314,13,1.0000000000000004,1.0000000000000004
681897314,15,7.0000000000000036,8.382229673093045
951696740,19,5.0,94.517958412098
951696740,22,11.0,79.36507936507901
951696740,23,14.0,147.05882352941114
841866603,19,2.0,106.83760683760644
841866603,22,10.0,162.3376623376609
841866603,23,12.0,107.29613733905585
937880943,21,2.0,204.08163265306058
937880943,24,7.0,177.30496453900778
937880943,25,8.0,182.48175182481987
908602736,12,3.0,2.4514610707981954
908602736,15,14.0,77.76049766718518
908602736,16,17.0,103.30578512396671
975408498,16,3.0,3.292289458089156
975408498,19,13.0,58.685446009389864
975408498,21,17.0,166.66666666666652
972483962,15,3.0,3.485778025655325
972483962,18,14.0,15.979546180888443
972483962,19,19.0,33.78378378378383
637394306,14,3.0000000000000013,3.809814081072843
637394306,42,14.000000000000007,18.6150409530901
637394306,43,18.000000000000007,28.55511136493428
982732167,21,2.0,202.42914979757313
982732167,24,6.0,196.07843137254926
982732167,25,10.0,196.85039370078843
603229579,10,2.000000000000001,2.238739142115161
826842508,18,4.0,221.23893805309888
826842508,22,16.0,207.4688796680478
826842508,23,22.0,210.97046413502258
841866643,18,1.0,1.0
841866643,21,11.0,34.84320557491296
841866643,22,14.0,56.882821387940716
990219668,20,4.0,145.3488372093024
990219668,21,12.0,170.06802721088445
990219668,23,17.0,154.79876160990662
965057941,16,4.0,242.718446601941
965057941,19,16.0,260.4166666666622
965057941,20,16.0,261.78010471204635
645442972,9,2.000000000000001,3.4604470897639974
645442972,11,13.000000000000005,13.69863013698631
899673509,17,5.0,199.20318725099506
899673509,22,8.0,196.85039370078843
1044635068,23,0.0,0.0
1044635068,25,0.0,0.0
1044635068,26,0.0,0.0
982728140,26,4.0,196.85039370078843
982728140,29,11.0,157.2327044025149
982728140,30,15.0,213.6752136752129
947162577,17,3.0,203.25203252032375
947162577,22,8.0,170.06802721088445
827772373,13,4.0,4.052849152954527
827772373,16,11.0,27.88622420524261
827772373,17,14.0,42.15851602023596
828890584,17,1.0,1.0
828890584,20,10.0,29.103608847497135
828890584,21,13.0,55.187637969094844
898485751,15,3.0,218.34061135371573
898485751,18,10.0,219.29824561403467
898485751,19,13.0,222.22222222221927
973778435,16,3.0,107.5268817204304
973778435,19,9.0,153.37423312883246
973778435,20,12.0,141.24293785310783
645451268,10,3.0000000000000013,273.22404371584724
645451268,12,8.000000000000004,239.2344497607614
898670093,14,3.0,282.4858757062068
898670093,17,11.0,210.08403361344108
898670093,18,16.0,231.48148148148198
841854478,17,5.0,128.86597938144348
841854478,20,10.0,98.03921568627463
841854478,21,13.0,105.93220338983046
950300190,16,3.0,301.2048192771094
950300190,19,9.0,253.8071065989884
950300190,23,6.0,235.8490566037724
681639459,10,5.000000000000003,103.51966873706002
681639459,11,10.000000000000005,115.4734411085465
951729703,17,3.0,3.0650401520259924
951729703,20,9.0,48.16955684007707
951729703,21,12.0,71.02272727272737
907148849,16,3.0,136.61202185792362
907148849,19,7.0,148.8095238095225
907148849,20,10.0,146.62756598240367
948338231,17,2.0,83.33333333333326
948338231,20,8.0,88.96797153024889
948338231,21,10.0,93.45794392523425
971546167,16,1.0,1.0
971546167,19,10.0,191.57088122605356
971546167,20,13.0,205.76131687242903
908639803,13,4.0,4.020262121090294
908639803,16,13.0,17.863522686673804
908639803,17,16.0,28.555111364934373
912014913,15,3.0,201.61290322580788
912014913,16,8.0,186.56716417910337
912014913,17,11.0,151.05740181268723
975429194,16,4.0,3.6501679077237528
975429194,19,13.0,284.0909090909117
975429194,20,17.0,52.854122621564656
990531168,20,1.0,1.0
990531168,21,15.0,31.8471337579618
990531168,22,21.0,56.30630630630631
898952816,19,6.0,183.82352941176845
898952816,20,9.0,179.2114695340528
898952816,26,16.0,213.6752136752129
604098167,13,3.0000000000000013,170.6484641638232
827903615,17,4.0,251.2562814070292
827903615,20,10.0,247.52475247524487
827903615,21,12.0,224.21524663677033
841875079,14,2.0,120.19230769230778
841875079,17,9.0,107.29613733905585
841875079,18,10.0,98.81422924901169
853892758,17,2.0,1.339871908245572
853892758,20,9.0,11.26633618747184
853892758,21,12.0,13.908205841446438
645443249,9,1.0000000000000004,1.0000000000000004
645443249,10,10.000000000000005,14.71886959081545
908537533,20,2.0,1.8000504014112395
908537533,21,8.0,122.24938875305676
908537533,22,11.0,138.50415512465366
866049737,53,3.0,3.028467595396729
866049737,56,11.0,27.839643652561197
866049737,57,15.0,38.10975609756092
645373650,16,1.0000000000000004,1.0000000000000004
645373650,17,9.000000000000004,22.33139794551137
908615401,18,1.0,1.0
908615401,19,10.0,14.83679525222554
908615401,20,15.0,18.903591682419638
947363567,22,2.0,1.9744895944398377
947363567,25,15.0,29.256875365710954
947363567,26,19.0,41.32231404958678
992227058,14,1.0,1.0
992227058,17,8.0,36.656891495601215
992227058,18,12.0,55.24861878453037
867147516,17,2.0,157.72870662460812
867147516,21,5.0,168.35016835016674
867147516,22,6.0,141.64305949008588
902311705,16,4.0,227.27272727272936
902311705,17,9.0,196.07843137254926
902311705,18,12.0,205.76131687242432
987172681,35,1.0,1.0
987172681,36,9.0,114.67889908256946
987172681,37,12.0,129.53367875647567
984092499,21,3.0,223.21428571428373
984092499,24,9.0,199.20318725099506
984092499,25,13.0,196.85039370078843
642998101,13,6.000000000000003,115.4734411085465
642998101,14,13.000000000000005,159.2356687898073
907087713,17,2.0,155.27950310559004
907087713,20,8.0,157.23270440251767
907087713,21,12.0,168.3501683501699
951537534,18,2.0,3.134206732276062
951537534,21,13.0,15.73316551290118
951537534,22,18.0,23.79819133745832
992219017,25,2.0,185.87360594795746
992219017,26,5.0,189.39393939393716
992219017,27,11.0,179.85611510791335
992399256,28,5.0,190.1140684410671
992399256,41,5.0,217.39130434782905
992399256,47,12.0,176.05633802816845
899674024,54,2.0,1.7910875483593638
899674024,59,11.0,20.781379883624297
899674024,60,15.0,31.407035175879418
901369771,16,3.0,2.7027027027027026
901369771,19,11.0,15.243902439024392
901369771,20,14.0,22.421524663677143
945758130,16,4.0,251.25628140703623
945758130,19,8.0,232.55813953488533
945758130,21,12.0,225.22522522522524
829296573,21,2.0,5.093205663644699
829296573,24,4.0,10.458063166701535
829296573,25,8.0,18.2083029861617
990236615,16,2.0,175.4385964912269
990236615,19,9.0,162.86644951139974
990236615,20,12.0,175.4385964912269
995565521,15,3.0,132.97872340425582
995565521,18,7.0,118.48341232227484
995565521,19,11.0,138.8888888888892
896118739,14,2.0,191.57088122605356
896118739,17,4.0,186.56716417910337
896118739,18,6.0,186.56716417910337
957104091,15,2.0,1.4530659691950016
957104091,22,7.0,13.487995683841383
957104091,23,11.0,30.525030525030516
963325924,16,1.0,1.0
963325924,17,7.0,8.060615831049489
963325924,18,10.0,17.45810055865922
826765287,15,1.0,1.0
826765287,18,7.0,17.58705592683784
826765287,19,11.0,40.61738424045495
950255593,21,5.0,233.64485981309286
950255593,23,7.0,205.76131687242432
950255593,24,11.0,145.3488372093024
643002356,13,4.000000000000002,5.122425980944577
643002356,15,7.0000000000000036,7.854225573358461
948277237,30,3.0,116.27906976744266
948277237,34,7.0,105.26315789473736
948277237,35,10.0,135.1351351351338
826798072,15,6.0,196.078431372545
826798072,18,11.0,188.6792452830199
826798072,19,14.0,198.41269841270105
