,PC1,PC2,PC3,PC4,PC5,PC6,PC7,PC8,PC9,PC10,PC11,PC12,PC13,PC14,PC15,PC16,PC17,PC18,PC19,PC20
993546249,-2.7463393546320303,35.44173425597289,37.24329411377164,-0.1817466461846371,-2.963208883114852,-4.224886566340602,-9.869553561552316,-10.890749619065808,6.859955988836424,-5.0090292286046125,2.8694768329983553,-2.780524983033124,-0.9876410632013664,1.3972295803565522,-0.9639874718748165,6.56830906397453,3.8901088386745224,7.438528144786531,0.31791388674340926,-0.6808157055709967
716853260,-1.6097830573903074,42.211633671334845,17.547338074870108,-2.0830442817382098,4.767022796505694,-6.086927501695887,-4.942975873011939,-1.9612016372756254,5.288745737078711,-3.636796914099917,0.9321364847297937,-3.4502242724928562,3.7917866847569934,-0.6533895056837069,3.484334774971656,-5.009540517655983,0.8742509852597782,5.31762510171627,3.109231361328915,5.423603586762253
953065561,10.178542106669608,30.41563945453835,27.899652810590222,-3.477278485573434,2.2768708171400767,-5.575900450990785,-6.259359955317402,-5.060165924522708,7.250810168235914,-8.746591533537748,4.181846314866487,-4.733514787084298,-2.009917941484499,-2.1758583633900286,-0.010257126386852722,5.083353961611915,2.726318541543808,-1.0305630074116845,-3.634355130208707,1.5549933891156749
912289883,-1.8165091486010254,16.75395163368412,17.885475786296517,1.4550137293766316,-1.5802903672214696,-6.638539135129172,-6.956895210078505,-3.918019266756531,5.844837228978961,2.9258460859338364,0.06009984519612446,-2.959557689868683,-4.405025865746655,-1.4537162022733892,-3.324381862998747,0.00031790223787209193,5.68480807841767,5.891293658681449,1.6603993273912105,1.6051518050575817
919085315,2.9150963312780096,25.003645341479313,21.59331052033815,0.6788672405247167,-1.970613950827811,-1.0318961896419876,-4.912654346367866,-5.057080456869088,3.771671357866847,-5.791410551016645,4.300751362676946,-6.226700656157157,1.9659485527444405,1.9257999041735594,-0.5349010605094339,0.3275671407935101,0.4027592413424752,-0.11929429266622704,-1.2693766784828808,-0.7238067987975396
950034792,0.4238364462191244,41.913573033716375,30.517013643499894,-2.1059957819185255,-1.1420184225157057,-6.856069472912776,-12.231342295144291,-9.544024810346453,9.410887618835606,-4.435466939835022,1.4040336427449123,-1.64249763512183,-0.03774647793348468,0.9742981609576904,0.036767727232218106,1.4364028930038888,4.62057587933803,7.653263094297035,-2.345893276483779,-2.13865764282467
919699890,4.351509393698507,38.30609049425966,32.90193935453356,-0.6513548262527098,-0.036550637834519506,-4.869176725633315,-11.765070666568874,-7.4318941537370895,12.119654001901043,-3.8638644177741193,4.748056261218334,-6.221774126436357,-1.5245744186787382,-3.2106258038979556,-2.637020570619301,1.5852296716078866,2.7858807815713864,4.802800456225061,6.687710305473443,-1.1027617354034183
969998828,0.24670245911867406,24.149982767581342,21.415485122852175,1.1695965594659454,0.5174545698054202,0.01743696182532739,-10.754286480249217,-9.705795501680292,7.8063051257807,-2.2779892814962412,2.518687496550453,-1.7412123128503136,1.712251917088914,-0.2852037763902111,-5.645058212158554,-0.08500440460713898,1.0035057774571157,1.3395068575079117,-0.4311036546431134,3.342505633320295
680858122,-10.985000112700405,9.129819855446044,29.47240584482835,-2.4631343664868437,4.261207125356487,-9.324250514445486,-7.993309340943723,-5.079144585691829,1.4116594031562832,-2.670885605612483,-6.840937040930848,-1.0545940333919908,1.7906551205201984,3.8616798483627277,-0.035387671176453916,1.6941721890149677,6.372730869127274,3.484239464674763,3.098526281794305,0.9775394379858751
962261526,11.278272003249068,19.92812277770538,6.614625980463932,-0.13437179337693927,1.0493192861524419,1.7363132402134078,-5.051780661476185,-3.0918011065923543,3.7581583914914867,-4.823080761655872,1.5814497656589832,-5.656653780755153,-3.408789951367705,2.8519932391713154,-3.9297290313925455,3.3599487916947774,-1.1930305165351736,-1.2063024156621258,-4.324755908752205,1.5889746265772495
896877084,-5.170062177841123,22.059836234235224,41.157179931837184,2.2700556894672825,2.7401237386962953,-4.1942071716037335,-9.54641213249224,-9.531509438796714,8.301684141923488,-2.2386713269527334,-1.0859014396728217,-6.610475538039983,-3.548803189733193,1.1766605298773585,0.29055946791832443,4.235409263997137,5.763938640224277,8.392137542205862,-0.5003832224714757,-0.2721766673582721
986231328,2.7092205152523667,46.94019965801164,38.35625907826004,1.406675719369986,-1.3651097952867997,-4.418272457509778,-11.215495755293109,-10.14949832527865,11.620167803446641,-8.108806361811673,0.8173067203065713,-1.3476102352269737,-2.1390378840808477,0.38026214263493996,-2.459247600587079,0.8862152934010152,0.6680236848601591,6.610056069625457,-0.19864113041413378,-1.834476273327029
956084807,13.378122263553031,35.38350546946687,27.43946262176554,-0.7903134143377866,0.1057995066500802,-5.183613723677221,-3.5770996068905316,-8.137095674600134,9.199750075210057,-5.420085239546665,0.29201836422382743,-0.3206689518193029,-1.5160013349791643,-0.2245557306847502,3.812050565872104,0.24780269497149132,-0.1834826874966784,-0.7525916633158473,3.7880127156106553,0.6612635514366189
737997401,10.843519500534866,37.46011754760069,18.92329526050799,5.81196272374166,-1.034614835084623,-0.6036906377205828,-11.570410621142473,-1.0429765623999798,4.159058070812472,-3.266715962219602,-3.0690107721392983,3.431048611466367,4.985938119606652,-3.1772530196498034,1.9627926045346347,-1.223939692634818,-0.24445359854117288,3.587335725749645,0.9552243180336496,0.11185416320303443
739840659,-3.9943974357822474,39.30619620181024,13.727938366337609,-6.073434749509864,6.8473904313862,-5.241531086627146,-4.977487210617051,-3.242761022307478,1.679929715661809,-5.677624509671073,0.9139608525851988,-4.5171914492503324,8.55876789653598,1.4004680371306466,2.481988724918967,2.7198567603204,0.17316811613654082,5.492760893790356,0.13975652770667413,0.14226531560414168
847876759,0.29761151706545586,40.74757963476797,26.250110553348552,1.2404257157575849,5.861213985132277,-8.547432556599762,-10.8845471375119,-7.248116527953565,3.209477239049811,-4.353949039103165,5.427784360967468,0.40393069101798895,1.7775167541452155,-2.4878262740085004,2.933206332492121,-0.588295484621429,4.031796869111252,4.758840955525969,2.0631156982044345,1.4532805385771759
962212550,5.3811713104121335,24.907272268047738,6.897135203056192,4.3790360985317385,4.708968165917678,0.5930249422744192,0.07953562629098791,-6.329095133193727,5.079682231947309,-3.0740657714063335,3.2284561497267017,-2.0350976581369333,-0.5958833785582599,0.9545455999860218,-3.3109903311316944,0.3697394825930435,-1.742039729057481,0.500270009662298,-1.9184954635079798,1.5295094973584766
954032889,14.96164265068521,32.13101951342333,32.36054160843586,2.1294893073280354,-2.461503745775976,-0.6877258318537338,-5.388522511697351,-7.505102336707131,8.699190649389763,-3.159193759896381,1.7270857351680693,-1.565366269111609,0.10492417402934517,3.2024042809376545,-0.5979962129432557,2.4533471818248422,0.798766841118049,3.3558497680876345,2.350379851145169,1.5209962601185725
964019012,3.2921450839773154,32.27341628338403,29.423308643823233,-2.1620148592653914,3.2376342199911,-3.0555476661657277,-6.493458742678292,-8.934226311382965,5.827253332987676,-4.472257409296973,-2.240998510465501,1.0257647889595947,-0.25313485976060424,-1.357280746232173,5.390046674017516,3.516546050109393,1.2131528008102543,4.795881607576409,1.0166043700804228,-0.7277440605975292
947344218,17.309843128493206,35.98117503989407,33.591277287470234,-3.733061592609298,1.739687383283953,0.004590267122128289,-9.05156401111113,-7.054846051010352,8.93663509243306,-4.6419612556224426,5.817850923845722,-1.1781658949344322,1.5366630779181703,4.244403993584553,-2.9892782501550297,0.8167491565352617,-1.5841131570119193,-0.6123914322944783,0.7457529490377931,3.242553198492184
705839974,-11.816085020072677,23.506970280502774,32.26248633923562,5.571008467808736,5.782168252071764,-10.700178516805455,-11.147234046422277,-12.664067070409448,10.367213523429257,-4.8463882374285046,-0.8956542932244227,-4.625918069509493,2.847307662743843,4.865176248489055,0.4110908891293794,1.8439729617489633,4.580189406563206,2.5460567195974457,-2.0479920822208406,-2.3789364948453287
925242241,1.119732828867459,43.45674513427309,21.635252529169982,-0.7937305965620378,1.947973127607402,-2.306807414821323,-8.224279133644982,-7.659443354347681,3.4532486438513494,-6.76114146383577,1.999079581786693,-4.089984384494956,5.233181108907068,-0.7431619353776506,-0.3196927917540635,1.169914364025766,-1.5964872151833045,6.39983441954688,3.6078194617512906,-0.9349105163838505
963019667,4.820363468453768,33.96398848653375,23.241589177685103,2.040698078999696,2.3310692759615375,-4.0569092789691386,-6.008160849379454,-9.782825901285905,9.900867514492957,-1.7734537430190394,1.554470936768887,-0.013150129221267237,-5.546617382421911,-0.9600548231952979,3.8981140678213597,1.161877084544339,4.931526999678715,2.6998090519015596,0.6159625503316482,1.9145876339643253
994042809,4.722993660959002,43.79736584317726,35.622650914405945,0.3574571606887347,0.579355871789431,-8.021369347204043,-14.428925747886304,-7.012843900927513,10.455451701771505,-6.800606194798611,1.7429108879514639,-3.677815779165935,-1.7367759177913022,3.1735414548376637,-0.9694397202137011,0.9210199450357577,2.167431789782472,6.2663686618360135,0.37062020227442716,-0.23065913988904818
693269523,14.14339301575216,44.53781756540231,32.06508527437108,-0.41748363017239387,3.33828262732759,-5.88531597525516,-9.547528346555652,-10.769710252287446,10.622088751158799,-8.101141083837078,2.147126699858794,-1.0088251461090931,-0.1746346102263231,-2.5369173147598483,0.9701660921084274,2.3612750572871826,0.9730616352213168,5.682611130982906,1.8967791273967711,-0.9558151141178781
740373591,-3.1250161881899325,39.25295364200111,31.583522173405182,-4.501794015615984,6.132080814277779,-7.870990589077988,-8.792591656791286,-9.620871620652617,4.855955092747326,-7.644092476974643,-0.07261076117613818,-2.33563122436656,3.540952143276831,-0.9284710458764973,-0.5738885398874711,4.293078084873356,0.9257135887876782,3.1877535809644204,3.6421677818181752,0.16670550483314284
904094833,-8.16769211508984,25.357965190695033,41.31789522366698,1.7248609312244139,-0.3355836717578218,-8.095245397181559,-11.023760204010697,-12.472951983030114,13.689191281051844,-7.055607399575578,2.6165151578878136,-3.186244100291547,0.9433947047355663,4.956427484906426,-0.29725260819295074,1.9497828251798663,3.15653165970767,-0.1979456175350658,3.5712456813243145,0.5417210069873952
889271408,8.425860436610364,34.20628052872432,24.308496500682853,2.3150151113580257,-0.8417109493071337,-2.7962153940197534,-11.592830653538106,-6.060154126033787,6.537297434903509,-5.248607460616175,3.0359418734923462,-1.3936836608199918,-1.8790293800627298,0.6795776185370377,0.21561738378268158,2.739803216110854,2.431395581594117,6.026793299079064,-3.462667786887245,3.68392235733621
947496055,13.761342386174961,36.75681228558512,20.984846918618565,3.7403311525930967,-3.8934582317701816,-1.1339977779118218,-9.459748395182714,-4.0283051504788885,7.755849822181923,-2.723576039332836,2.064822592857798,1.1979682688664963,1.2481542409058735,-4.99326492228218,0.9627482484415093,1.581660234630502,-3.3957749537656383,3.516939106027492,2.6013421429513217,4.67829896516
914412754,5.08114188751461,43.27872752191547,27.74131596693769,0.5241550596519845,4.126743965194353,-5.595138833247441,-12.977951757222565,-8.185359657664236,8.812946555283151,-4.574271712215671,2.0319002802286974,-0.3886273729406529,3.2486035531664617,1.4808548434118118,0.13283448196283576,2.309133595850991,0.5916268223454995,5.549509221663931,0.035103391298675124,1.6250128204487941
904832267,15.003610315411077,31.90719030735594,15.984100023267075,-0.7619216290587918,-5.847271984435465,0.16253746189680696,-6.802172019502663,-5.969861121723619,3.8257832222452794,-8.338978600580182,7.8145157046434965,-2.5642778310262844,-1.2856205418851143,-1.9037893667494694,-0.0055491170571075055,-2.7090448183007156,-0.522717318544741,-0.24997444552594006,0.22452124382507677,3.190663706201417
952669499,3.6823459638217857,30.702497424239137,31.553912688254727,-1.6668968758031977,0.6252983518614791,-8.461718138837497,-16.175229323040586,-7.917441272663243,14.003930865187396,-2.8553693647692526,-2.8513714000409895,-2.4509195572342612,-1.3664327440407016,0.6824457255615888,-0.9247734117936688,1.2620471444477408,-0.8989904619035237,1.8215746361245115,-1.1793818883956928,3.0687051052159005
823231829,-4.811846759846311,34.85634380140432,31.111825092692538,-3.574027320122457,3.1893645872804153,-5.62320789724898,-7.9355711595609,-6.821348964540765,5.125325791379384,-6.305423859791333,-0.5178000188421683,-3.6370625465584534,-0.9606184573118587,-0.12199662487496399,-0.24263550568026737,0.14721499002080418,-1.130862598600018,4.274975326783466,3.654094393921241,1.835064024667434
912868696,2.764237544172771,42.434259341675585,24.352785001327437,-0.8034089556256927,-1.6243611897644397,-5.5723030663211945,-9.84932557384777,-7.715631397855608,3.4854308048919638,-2.725184153167157,1.675069041221588,0.1383279552128521,-2.3708082005089794,-0.688017185365912,-1.4172402100847536,6.5577190092252255,1.3295435225050904,3.803920858960089,0.7227825921926976,1.453894774265164
992441737,-6.864735249562667,48.17500314828815,31.67992822563889,-5.997348162345789,2.6377762823267847,-2.230082215656845,-11.649371448436057,-5.487806017755467,8.86228049010084,-10.588680597434422,1.3025334530209214,-6.53172180385142,0.1043898674348056,-4.530401777264822,1.6761659837998735,-1.7491419049080559,2.482040972614141,6.5947588338179,2.5779158395737842,0.2889021688378622
962991503,2.4146789878325974,36.10774907398764,30.397619956830894,0.3964348650892071,3.3775718689231966,-7.776648496624178,-12.214125349629391,-8.643180698482254,10.73454470189742,-2.9172730007443226,1.1450419435086236,-0.8677643320336231,2.6826300180978326,0.40015817609942117,-2.062369652033774,-1.900986390562535,6.658055445530063,5.038423065707209,3.0867984795675047,-1.686473986396215
986109363,-3.5293629508440447,27.53963566171202,0.762693920109776,8.877653236601402,0.1097439100622346,2.388298634653703,-5.746856434061734,-1.803753920060829,4.553384313262247,-1.1736699674401503,1.5772698625685582,-2.798325018229663,3.5155494347242904,3.0391497324539913,1.158159266304797,-2.911875380267098,1.002601637964448,-0.5131787080021473,3.847768394829136,4.7815955490285535
950334912,18.132624245097958,34.91762964802007,20.029566464416057,-0.07585211705599704,-1.3487450209338079,-2.583468359462656,-4.744194477982939,-6.793387936295162,7.1263448395050455,-4.123539198366332,4.760367997695081,-1.6925111406392126,-0.29841889079510575,0.8035108816952509,-1.2750560214654607,-1.634940438930659,-3.2838739398223495,2.235664374955907,3.6270078393887974,0.7510678333290969
919102928,11.937647344484473,33.48439849498675,24.611389920108365,-0.6241923200424714,-1.0006962016870178,-3.5866092138735777,-6.599393884860556,-7.5308376436784545,12.580003735967804,-3.055716903595145,0.8658796404336804,-2.8945315233066946,0.8402474789850558,0.8803295761599277,-0.34077234216126456,-1.256301748293824,-1.9259911166093389,4.725908586056191,-0.38572930724816423,1.4333657379611822
922613228,-1.5099994029734498,54.22000942482819,30.14755981197272,3.8782893512798418,3.0519314063563376,-8.366166324112621,-10.528187423851922,-7.4720634682087095,6.674396822510949,-6.487375136356981,-0.43835452915133244,-2.074189906583694,0.664905004252333,-1.2075008666201508,3.696927418183682,-0.18828377271447888,1.985193840425878,5.845685662529881,3.2173460431711813,-0.7058059957853355
910247459,-5.888372442561563,16.782472813641633,15.236804491910899,3.1689536879958498,4.40569640062738,-5.737937709683271,-6.7661899357380815,-5.001158821943279,9.697373163413122,-9.301641634275718,-0.9522218232049133,-6.911566197697383,2.899473888259698,-3.2485416588166434,-1.0692784993649718,3.25954652762117,0.5621282104460303,-0.24610748371193591,4.95780978864287,0.9743640819291721
954066469,12.163501629932155,38.33377027188773,25.48452312022986,5.473570392973254,0.5791584501216009,-2.8556458757723484,-7.286053681164238,-5.505280212537457,6.91353439271076,-6.527463009826718,2.9231999016415613,0.21952847028565148,-3.9451784280020936,0.1313638315528174,0.07681026915775724,2.634603894465568,-0.5683161551148638,5.03224137465206,2.2112178365371364,2.6274207942568486
951555639,14.170261303643333,35.203828340738696,8.160735195718663,7.360814965118044,5.719240412619489,-1.7063613813633074,-7.205717947048425,-4.39840950004793,2.9386117744714078,-6.818861681408555,4.151688972344607,0.7978798752632138,3.7760098785925877,-0.8499946204098138,1.1275487429380158,0.753088753353476,-1.7704586968121485,-0.12418497384001742,3.7223553997275474,3.170193318003133
935671381,-7.487952234712699,43.61306314430133,18.376453500606665,-5.971486276036781,3.6710700700812287,-2.082880119608015,-5.777123522275579,-4.877760366614449,1.8777774987911253,-6.6088126417412525,4.341224111970717,-6.290196317313685,0.47895837435352295,-3.2131662405290333,-0.37680753626599967,-1.449674819052797,-3.237037041813604,6.280107924116268,2.1142764277089636,5.644149421641426
912889454,-1.402685090898033,47.577927723406546,31.359231281463202,-2.477455277675262,3.534529379776522,-5.190898827959946,-12.092046857671125,-10.175784062199842,5.317116779833736,-3.6537719536771895,4.1539634169643636,-2.3082391331176937,-2.1298946101240457,-1.3620458403849736,-0.21369714011428886,2.3087967217464036,2.7346977543564086,2.3949462134663397,1.759867628594737,0.5297975072130945
891594369,20.314853389054672,31.33439653923244,17.16004584675509,5.5491738670602615,3.332138848468748,2.0334362320489894,-3.160477638260573,-5.031957092236052,2.1874698735173332,-5.615795709138274,-3.5535862166042964,-3.56068346940695,2.248095710622263,5.106935383942822,2.3923759269894163,-0.04214059136546233,-0.8555805893437514,6.950499166535545,-0.4583361575723619,4.5593360418311395
912340608,8.038069764993285,42.41360762621428,19.935074770366267,1.0402299634892516,1.6462055227370063,-3.892980622141302,-6.427313495641256,-9.877755655384014,8.948523770362023,-5.185740199907483,0.3480989773903479,-0.42193460352657597,-0.5280447906323749,-3.0393192712995063,0.7669106583242544,4.59312426837035,-1.9046767989019213,6.991143726478006,-0.9473899450036773,-0.6948252824903873
898881170,3.119551939212923,17.9516172006608,23.119899605544173,9.164366079510138,5.65083193619315,-4.533921797071076,-13.408228113280806,-4.301139177672697,7.58796066670207,-7.609528676317338,-1.6901847774374519,2.182873459222592,1.8708828769228336,0.5337639810944045,-3.2241589473009435,-0.9634124172831222,0.7252573108453312,8.12849250543491,1.124005095027203,3.6514835637816248
973383317,-8.004776196017186,25.450975153759863,21.81336143926016,-2.3261075860570957,5.4538102503733965,-9.797567660459894,-8.393714832238889,-7.971741741867893,7.353243378133252,-10.420451832714349,4.533493103999421,-6.729400958224289,3.773341851269901,-0.6000245686177548,-2.7831199602302856,3.1486364925515904,-0.7472502409153507,9.199656609757822,1.5457781280056744,5.3658540526135825
912918179,-7.328200861856134,40.75841334455574,22.193913392163658,-3.213921692496393,4.93805412065905,-6.260400446678987,-6.195477412857718,-5.208819672616935,3.4527536631977966,-5.946312170286415,2.6702126149131917,-3.865955543697399,0.21113586989175753,4.044479599402172,3.5392710221155594,-1.0912470553623108,-5.229050276250514,5.663480029486681,0.8659204520619814,-2.0341172374456864
912275105,-7.726913203993575,34.96366911454558,20.219631488056024,0.8623791056193806,1.4825503102003947,-6.455428429638166,-8.115323301618592,-12.072703146783464,9.548515870467977,-5.298984532690743,1.850793622697012,-3.24346630857531,-1.4754008607555353,-0.9516497174250854,3.462445706910213,1.51893322544232,0.4408301063521254,2.8962208777689837,2.43448030008443,0.8216279601219317
824923819,14.477708008451149,45.78161861727919,28.794248040312127,1.5473175745983179,-2.1844509162583767,-5.827433588097505,-13.565322910514158,-6.646742884878716,9.856000827427184,-1.3705118022677256,5.2085309938695055,-1.3596729956779547,-0.22052758376363246,0.6190610291443799,-3.263212434795215,0.7187559199603896,0.614288766999443,-0.6446700989085645,3.80271525786155,2.363425338344857
922597220,-9.9447074486752,40.4956927820083,28.09202574319999,-5.1557395000072805,6.104661841054259,-7.468082523616161,-10.047761002039321,-6.576552087247295,3.9032202426993456,-10.094425890856108,1.9956501762268763,-3.2457707123003154,4.126337644235773,-4.166737494549445,-0.49649973794465674,3.32401779452827,2.420616100281785,3.1687623825348066,5.686984234498181,3.6568916746456543
644933664,-7.430219719152722,-2.7472163918004147,30.582887134092474,6.358471645084288,-0.32827516036643345,-1.1557874135674746,-1.4194689250270673,-3.002491707950581,12.876985125977416,-6.932984351468428,1.7656790587894282,-3.7824734227027523,0.8256027336762533,6.6600813419043705,-1.178847047462465,5.70315333371354,3.4024360522525994,1.5259417893322706,2.5919157245394655,4.905709890005003
661481525,-6.229493831033659,49.98967524678292,34.560723660552355,-10.898615814558084,-1.021790410944002,-0.1313574901089467,-8.605946702762461,-6.2813221873038065,1.720842405759903,-7.124287081950573,-1.2890017363042316,-1.9938220798293234,2.189730739578137,-1.9489020860107054,3.1681821117677873,-0.4439999299486719,-0.6941266580593031,3.740013246996897,3.705126205735448,-0.7257477119310953
640006296,-8.568805217704176,13.598479857972002,33.43634638858046,-1.232355483264844,1.344194542352787,-7.977353350745027,-8.718427822590277,-9.588994367144776,6.893521832046774,-2.2489402302379666,1.3620502362037294,-3.5674597565908956,2.0472813754680823,0.359446752792431,-2.524299773907987,-0.581030932321561,-0.9641130496515935,2.083049373174836,0.510285404934748,2.7772154528605246
993540449,2.6444121190343592,21.75990975905659,22.259179552414118,-3.005256986136523,1.527159923931638,-6.447229513776938,-6.842074578382112,-5.586244752337807,10.651333035087067,-2.6967056544553296,-3.3752275034641643,-2.4028321159769517,1.0803857486781592,5.349251570978521,-2.5881074870760963,-0.15340995705937777,-0.7997053728455364,2.1342518128350267,0.09529944733209073,2.5861949029386597
717113701,11.976896926264592,41.44664074781381,26.173084709236836,1.5073387568923244,-1.445782543767407,-6.420529690938174,-7.700187224098725,-8.3237549144358,11.698900151287182,-3.151447264647216,0.7449023766795932,-0.31922795083286226,0.8067178838863909,-1.8907313823960121,-1.5800554976802654,-0.49424709840064207,-0.2903504062742621,1.6049871108640104,1.5866480372290752,-0.015535139237845996
910375338,1.9807930833912128,29.97681624020967,22.57263324692802,0.04369724674879771,1.5441300826829218,-8.266844239330199,-6.764614976143667,-5.452547155488161,3.8143833912602707,-2.5475508147865473,6.7297765843527335,3.177120485321984,-0.02867939153430621,-2.641473269287027,-2.164055164072294,-0.4420387186045782,-2.004718532978226,2.107398062477462,2.819507490468299,-0.08762858989075206
924641774,13.9972274282789,40.48137223162972,26.772147099423748,-0.8271993896229848,-4.00322002669401,-7.285429165973496,-13.9527613159587,-8.512189853926468,3.8512179251511696,-5.332146317097522,1.277324694408803,-3.5227303514945065,-2.584155832298344,-2.648307960083491,2.5797969462871477,4.476735643219637,1.5144572230108375,4.786598646288848,1.0441011547931525,3.9992775441121715
816462408,0.0039859087524540815,29.312791917958336,10.987824366410983,6.14449097785568,0.790704525292024,2.9825640396176167,-2.392105190094917,0.45361778841479405,5.709710083857267,1.205167134662544,-0.6624313661620984,1.6096777199901013,-4.523190252594224,-0.04197277588890236,-3.6042566933337112,0.4914841495348249,-4.174795111745456,2.0471563059428703,2.3745162923244623,7.496348740153594
994015825,0.4388051032525906,38.754946297739444,32.65635668985531,-2.711222703354382,1.5154796633866092,-6.758671674910251,-12.780414976025572,-6.148309112683882,3.969080894041289,-8.59044296168388,1.1987990651368878,1.9291405098296108,0.9259763958461262,-2.053756229039757,0.9180672079163079,5.163150315485646,3.598733074647244,3.6848753267029486,1.7600181479947266,5.3751340133818175
926866005,-5.437585877153572,50.60453081455284,28.309230861215543,-7.492931690938609,6.511243145535663,-7.919894731872833,-9.624490915287666,-5.490107535296236,7.072451919754307,-5.092986106284236,3.0830673413948424,-5.645749548599967,2.1755951857935205,-1.3236054066913223,0.7576293110560377,-1.685419167914245,0.047058445301215945,6.732657014978151,4.610241777032168,-1.063763302953642
904862358,3.589504352237547,43.49112164874221,28.213356014990453,-3.236874083176897,3.6889373946248334,-4.45384541571452,-9.921316335179002,-11.401589757847432,9.17687859376027,-6.4356143353559725,0.9011889548321275,-3.2393759918090392,-3.640305032027669,2.6831578472427484,0.9289488180317185,5.124908294822815,-0.5668337319567462,3.4481751886324132,0.5031582236300336,-4.193842533789979
994011832,0.230975029292192,30.44702500409377,23.722185825874597,-0.8716624530861222,0.41325838819469385,-6.294737007006247,-6.258304781464036,-6.0529598053389275,11.134927655051634,-3.0440971064500313,0.5660040108981022,-2.7978079446153994,-4.4845980647366375,-2.334110274256226,5.591653594399366,-2.3187616666630335,3.317004180696793,2.560970880337821,0.5699911479749395,1.630570525365759
717089521,-4.050044629860594,43.23270945271969,20.690418925880255,-0.6233121088316325,2.7100720334319517,-4.654527510604249,-5.742227942307342,-8.687873418241452,8.473724199028556,-0.4333606151764286,-4.769770152917698,-0.46187987613773673,0.7116917537970004,-0.6992034594889687,-2.35362577811391,3.666962705444159,1.0252229898092202,8.671657099416127,0.6677574887414406,1.268790417134802
895740736,3.1921425633063563,51.96302141739458,22.35256464833674,3.067322049690528,0.707886259975156,-3.0962803068298497,-10.732854574327668,-7.472594327474871,6.514736280269739,-3.8362506735519624,-0.3072457192384722,0.3430124968521805,-1.9890867930112774,-2.0753982488653335,0.8927520670010927,1.6819470131595735,0.9372586619580403,6.3754626086310715,1.1485826903876672,0.6830577431374587
915442497,-2.132130051428507,34.66769631730678,15.641547854367555,1.335518920452826,2.5299148862751495,0.7341331288472137,-5.896339037344497,-1.594517949005177,4.761238969553558,-2.515768505193121,-0.07594653877319013,-5.072594744058973,2.6499921590565254,-5.9817654251578265,-3.459228403114327,-3.6855257299938415,-0.2864886564956657,1.7865337492474054,3.2563140508715867,-5.540107911833635
850983752,-0.3816186696688154,23.287184059128673,33.84328338991708,-1.8909710788443004,2.4331852347636493,-7.723723844493382,-11.074503361700422,-7.058899684926019,5.907239815254897,-3.694846845521789,1.4342374348138613,-0.3848864631394704,1.8721879242112172,0.8732452669671416,-0.4615024045699889,-3.8987505697029783,1.004509718495014,4.159485972326459,1.731186180260314,0.1769228631300382
867650384,-9.115711605463071,40.3187697645775,20.53585711246979,6.7817832424371725,-2.2527028191813816,-8.232450153147775,-10.15967090149578,-4.861089979733936,11.300244051012763,-2.9777883640212095,0.31055331452986334,-1.217225042663232,-3.5086484373240765,0.27986214319881997,-1.5209998185327223,2.1914713831900032,0.31559446522135903,7.34175602181756,1.625463708519189,1.8751777159905008
869616485,-5.730551086220661,41.770141961472596,30.504385620208733,1.048213473059639,-2.842491536646286,-4.349019085520537,-9.468796813885834,-9.66017406850601,9.416523845420894,-2.9834849009617233,-0.6677058199412325,-1.5522158614335715,-1.7092927278628742,-4.350846923945712,-1.2465364673168415,5.633668854145663,-4.5548440927638945,3.6703743467699863,3.0167165491975223,-0.28469701164951744
668474280,-12.713945578535933,8.34229292194388,30.665976603141083,2.412493026858426,-0.18985076645823917,-9.329706990048056,-6.908051474019615,-7.806037211084201,8.746140593718783,-1.6445278482878354,-0.861640293307383,-5.894494442323406,0.3987348970128375,-0.277008061645577,-8.291884094011628,-0.12254204545383929,-1.5713462418803048,5.126743760786644,8.401504062497821,2.626525847496754
935046071,-5.8157141972880435,21.180709401976536,27.48750406207475,3.47500264675561,0.41540345381091104,-6.934751117304682,-6.839165186282562,-6.95710224791919,10.667637647272286,-6.533234629354888,-0.6882716810247862,2.453476766566915,1.177051341157981,1.152385469983614,-0.3147535435718817,3.047894277833394,5.5521866609675445,9.145714991080748,3.4096771718339136,-0.17570843274456782
895609799,16.800513269815635,31.839420310938195,15.530036917134131,2.923899516103816,-3.130812696731006,0.6843393761005596,-4.6316046600167695,-8.68996607661363,1.5799970409990816,-4.3727249204515815,2.1486197429276825,-3.5638705467532663,0.14815874413796548,0.19603333828703096,1.4287468368501117,1.7195695103863102,-0.12270893737904709,0.8301818441787682,4.06190054498193,2.0643590310389133
920542161,4.188949790138799,27.15731065193969,18.91338894464005,3.511675183074428,0.4180347259641608,1.5132207114781364,-6.760878615308092,-7.866956928466808,5.916233206963867,0.33338904871203534,1.9612426060143378,-2.884984449298059,1.2470615775223624,0.9313304588587825,-2.327981265956639,0.5747809850203591,0.5761612817419426,4.533820949630926,1.66690407337375,4.414815896969634
962821095,12.061617020580519,43.44316906192196,22.139445726273436,3.2023972070740934,-0.08364519809877935,1.0322596592360713,-11.157921878994806,-1.7425482519805948,8.296808606846955,-5.402016284350017,-2.0811381260075965,-3.8981352916029004,-3.0368126994845097,0.3219351386485114,0.2125203857697273,0.8557218186424103,-2.030228475870662,3.600196043167059,2.1132563882560644,1.1822354109001796
914250737,-0.386729528082069,29.81018716623859,20.92194241498816,3.6244946203242354,1.2550715254591687,-2.023398093261377,-7.786271859890415,-9.288154874596042,7.3115727468636225,-2.516824176191863,0.8630532383752509,4.671981641642239,-0.563595600625477,-0.8446043603638869,-1.3624496993573676,2.040022485848898,0.09009219391528511,5.711572527360417,-1.028289889479323,2.565881598844757
915479566,-0.7526296041338364,29.359810184919628,11.119341486663929,0.9782004078331548,5.715895491757822,-3.9952651642219292,-8.861130366742959,-0.44736970715247726,6.725653908337652,-4.123792622759858,5.514425877363297,-4.458359525599816,-2.884860601733165,0.906609398406117,-4.496193222328246,-1.1787856524151294,-0.5391916668325691,6.592867011432373,0.6958551077709192,2.938686278657669
709442586,0.11584205934481728,48.73925530804865,42.83667934864182,-0.08796528056022468,-1.1543782389563826,-10.728389854076479,-15.65306033205393,-12.400757801329295,11.58535471954159,-9.471839461635224,4.070462474834013,-1.6535906153874695,-1.9435402697483595,0.8063460786499332,-3.3061227556437087,3.477687352047913,0.5178954896074244,5.745788316404255,2.337531229294654,-1.3179877395536386
898559010,-1.5884223646434399,-1.4243577032918577,-1.8925575166706634,5.707242237266784,11.379537937908744,-0.8165932271318521,-1.2478886100219728,2.7965598764668367,5.66393702248936,-2.4948905284855227,-2.517360511249383,-14.584684709212059,-0.6707773259230948,1.1436148381117865,-1.4483782931357938,3.981036729574404,-0.863672887487694,-3.2500829304273116,-2.892118568728625,6.181149519830473
649505836,-10.353724994635757,25.82077217739597,31.11369425629087,-5.518816101089645,-0.7568210933895588,-7.06493496063915,-12.261033049381021,-6.214770542852646,5.580970447264596,-3.6364500523698595,-1.1559053964598656,-4.631745169527823,2.061953845787693,0.7050041801728492,0.3673788991531788,3.184475790631697,-1.5387962295390276,5.930733295174581,1.715270633433931,-0.24319366416203558
680954928,14.496242177934798,30.723362662119726,25.24024017711137,-3.4090017100068932,-0.911079127212857,1.8444273281553167,3.072141720949903,-2.76034744551381,13.952411491401403,-8.05709049059178,0.8618605000270931,-2.5683447979548397,3.844445530629178,3.345643463631424,0.8736671278675519,-0.16509156607465447,3.456181446650627,1.3857924478776686,2.8233348993789216,0.023844515461879823
867765313,-6.63187045077656,41.4400564587324,23.651533480097935,-0.3064337199933971,2.6933677402546157,-3.626534522088334,-6.833747849521327,-1.8073790277116328,7.326567134783052,-1.225234522777264,2.3864727162400734,-1.1768242929082198,-3.259162668802798,-2.5301610963211125,0.5865167627854424,5.371227374193693,-2.8874609309697616,4.211238802548743,2.8153517148877065,-2.3804453282538
927833265,-7.422604521135024,20.25336999506474,22.372117893843075,6.308006958122023,1.2549863756826274,-7.557381427932027,-13.847341237509154,-6.050830980002766,11.491947134635145,-11.407331864244536,2.6094342716740435,-5.1358610959970505,0.3514839767333915,-2.936387994747892,-2.2298168284167725,0.9161230514501462,-2.0625974757896914,8.342922727225082,3.1606392208995366,2.3134364283925186
824937690,9.379005416792795,39.72960745330761,27.911452541238106,2.852846619874589,2.5868076726565223,-4.939939551605103,-9.597315156611703,-5.525252149038273,7.844842273080153,-2.480591937301245,4.04610734781767,-4.0560724734898495,-5.668547514091839,-0.13086344816320983,-1.4279873885115024,2.06745511237058,-0.482018256484548,2.8460813995918937,1.0201222725386738,0.037408182888097996
986279166,-0.9039969852610437,32.56123025484034,18.256845901946132,0.7426911785096775,-2.579790954778005,-2.565859463342463,-8.994914130068532,-2.853273456723597,3.9260591972193652,-7.499050030270201,-0.9662122428214046,0.22593920743935225,-3.3258112002600684,1.57851875046198,-4.376181050796196,3.550773479871282,7.065783823008294,5.868454166849608,2.713290056182462,1.9840397988038494
893406540,-3.538043400036719,41.42756302253725,24.117457813948196,-2.0193326740929747,3.772376365614802,-9.519177146599235,-6.90428327452689,-5.966998251516824,7.263175888621006,-6.459993360943615,-1.5564903928855853,-4.9865040912792935,0.6735558530705531,1.0609212990575565,2.7446104307132866,5.088231949369474,3.6179918256335712,6.458544104020944,2.9973023048795993,1.7529594389904402
912608626,7.921400300457919,43.1438900776684,20.356175854474824,0.926767755823775,-0.030484034859533715,-1.3071865945620331,-8.9399254240482,-6.988909631235588,2.2150857679839824,-3.860268525454708,-1.5709281700818125,0.971044085307728,-4.095422203726131,-1.9792395618269842,-2.024396305634135,1.9823378098747892,0.8959202811659208,3.450715198930369,1.9267695985051643,2.6251411826440925
912256459,0.26437955814277525,33.901179529623256,23.58428841530384,-0.6161462750811919,-0.9131161619258714,-7.9283139423103695,-4.713964763533243,-7.259637986246166,11.286863054898983,-0.081396743198746,-1.6835370153609173,0.9700085112464578,-6.340415543144975,0.007139342191339493,-1.0417207160226534,-0.6631496816483512,-1.8477044015211161,3.2594966884525087,0.7956699442473298,-0.6181016723623398
912301547,-1.3423310215701454,35.69263933948943,9.220326034722891,-6.1797945819311435,6.85563788705127,-1.169400664718705,0.9403803690387315,0.10222868330735344,1.7560655656875166,-1.702411331381409,5.682525833709343,-5.324215930225041,-0.44400214842524566,-2.373968796860402,5.296188471398757,-5.633176235958738,-2.3228149996009937,-1.2281163948121108,2.4804930771503026,5.761092603847356
956571115,18.125155333321906,36.37625190706996,25.92261965286778,3.4128940723809444,-2.3374905755202056,2.3804953519318954,-8.972233772547709,-3.4649714399902334,6.812406401002742,0.3721911951296167,2.978750148787513,0.4823872722228182,0.7562074974689931,1.3161478402532207,-0.8675471805896822,1.3971722960398907,1.9188660141028007,5.432887090923332,-2.6564846389101997,1.358580445824562
963063283,9.728039680899414,34.275042839209085,21.300277501436707,4.311768754605595,-2.6576350663747457,-4.759400594181683,-8.522956566636228,-4.5202822894121155,6.607773749370771,-5.746689624025288,0.1470473135073273,-2.8898751177462554,-2.626233577668972,-3.6758591372071647,2.515063336720253,-0.15624255768208228,-0.7947636818202415,2.34820751852871,1.915080647102625,2.536433748460934
929533489,7.293988018976223,46.98792398224969,31.85472558894039,-1.176423814082433,1.6312833381531153,-7.783480941781163,-15.616740732440089,-9.334145764389126,6.66150144739687,-10.519668206652193,0.8458596612420939,-1.382170876182323,-0.997963329820952,1.035073614595312,0.11803319137247803,-0.5911650241894715,-3.4006611899597345,5.847948651586212,3.0531878563575794,-1.286939928366421
936001075,-4.139599769638916,43.46934021622024,28.802517897614173,-0.6916913805249965,5.591203610557841,-5.413992974709455,-10.846892178926975,-5.643341097977933,7.459357122312033,-5.513159468448281,0.4136842496081069,-4.350159159250784,-3.6351800086429735,-1.641949278510324,3.4972848126549314,-1.0351272671467013,4.804583257411707,4.737706762298716,1.5145688765477532,0.3335267787215308
912953077,0.8705548242232933,37.646741314990805,21.03234770950568,-1.5348246146867233,2.1819157874517234,-3.6763960600112244,-6.527232767012822,-6.5976754456449145,7.744806287527583,-2.93422769000414,1.8682275835783173,-3.0084087565037985,-1.0170569294576262,-0.17677947627262652,-0.07041321598329259,2.015762485213534,-0.036314121816019895,3.7216232473226354,3.7170992117257993,4.467570209044675
667328279,0.9557108046556565,36.599414660568925,8.114972485335572,-0.5905978670292205,4.788042017151686,-1.1352389588259406,-2.8079628933461516,-6.945052009392095,1.9695696159582765,-1.1293784009275454,0.3414050321953799,-3.1669340361173344,8.586538512211249,-2.9571029709405607,2.109613524106336,0.8847366923181799,-2.1606285700327548,1.7173438066152822,-1.1432733601835325,4.06485686160905
705302304,-2.2966695173158787,15.268176292656005,34.033886862372455,-0.3209460528067414,-0.9624988241188814,-4.794393989818358,-11.922366510363858,-7.820003171697145,6.010380784563143,-6.992288990234055,-2.828427046225123,-2.8526391461138396,-4.224694063902771,2.608092473379034,-1.0768944949436443,4.85835393227669,5.533454635096812,-0.21622364201381172,-0.4638864051970293,0.19929504249227392
899583778,0.7830355299841503,37.95889243656343,14.279827766055469,1.8745591342869319,-2.713186697869125,1.61959193872144,-4.329808056483593,-4.683874718006019,7.204071637550829,-2.65085638573194,-1.4710313781607964,-2.861757279536489,-0.8099378101413283,-1.4742644084385472,-1.675230312445752,1.110328881788083,1.1077685462022393,3.552188976692151,0.5254083371586833,-0.28515448107080305
824909637,9.078115504545814,35.29631319234999,22.161596677148,0.5967279677935946,2.3348950927395737,-5.349595777815125,-10.051833610861985,-7.3016135268087226,7.79360038904065,-7.181357865215754,-1.0157278694170901,2.5670064288129826,1.9531678681255342,2.2822160928887003,-2.0815428713634967,-2.4550145236320673,-0.31500613388231347,5.696383182662226,2.849710858436159,2.4107819514137665
999853927,14.38547921171412,35.335428068191376,15.98728294485852,5.043297270148668,-0.7245137627245688,-0.8821650754435622,-3.0569729413071287,-5.049286923924096,9.556978401952978,-2.6793609054817527,4.509670262058025,-0.21651264395399172,0.7477177864740034,0.26052399176871655,-0.7401654528492096,2.6063478110846487,-0.8587245339954469,2.480917866507851,3.0204364191620963,5.40219046327376
962355052,7.519624124122461,40.39782635652547,30.29811448489794,-0.9488460856961916,-3.119327793113511,-4.568524422876359,-10.277692069215018,-9.78351539521293,10.328077895789416,-4.176819261637356,1.7706851579220464,-2.0511587315405597,-6.218784176205452,-0.4458472942750594,1.0139034493068153,1.3596151817462836,3.1819481073283833,2.1353077538107605,3.4315507479804968,0.4968244753226071
924610453,7.92144590476478,29.379963064251484,20.354019806358952,-2.7116096001256538,2.4055437001057207,-3.3986881553497668,-9.809825647964995,-6.711754555876862,4.2987467737677685,-4.9177289473483405,4.547212239695042,-5.141144375198072,-2.281426472319964,-1.0969678064289083,3.1201690266118107,3.4847478238718397,-0.9659270084930583,0.19223320697542046,1.4959125716264832,3.271842735318532
950075297,13.45172163822464,21.549999529261193,12.27344621323017,0.8050678942047882,6.301106289333175,-2.3173664131566447,-1.5565261455942072,-5.369402951126502,3.6744506497789065,-3.540347469590288,0.81041498761521,-0.6870125616606546,3.400513719882562,-4.618447486815418,1.3557780850616452,-0.4430889885694822,-3.8178209168503607,5.920547045683463,2.749244394641404,1.901241698481145
963190732,8.299634690658067,33.465522019542895,20.934665970729846,6.4420648830916925,-2.6540052513430172,-2.2096460439209524,-2.6139644281386425,-8.137559534422746,8.01730550064899,-1.846049843344879,2.3421986625347504,0.9691213129445253,0.4077216941164781,-1.2930900126867564,-0.2235977868700405,0.2737531923071346,2.2482516135098214,3.7039035212261138,2.322593655390459,-0.500657359390272
706461666,5.399479971686255,24.22260042314437,7.200570217347374,-2.503013889950423,1.352701471153627,-0.9258383692119749,-2.6747152578836944,-5.023395777341269,6.391786055325916,-3.0029694659904753,-0.07613611406539988,-1.3000312953064417,2.1457647605075274,-1.3799158093866848,-4.178403851180662,1.8862936058359978,3.1481913020896437,6.933938259901437,1.3146100859377245,3.3101476422529093
