specimen_id,LF1_L23-IT,LF1_L4-L5-IT,LF2_L4-L5-IT,LF1_L6-IT,LF1_L5-ET,LF2_L5-ET,LF1_L6-CT,LF2_L6-CT,LF3_L6-CT,LF1_L6b
17109_6201-X4328-Y6753_reg.swc,-6.027789494806616,-8.554194724137055,-3.3002625265038246,1.8341269212910445,-7.205118418836575,-8.302936383290557,-13.32144453127189,-4.28015017107252,-11.271502962681094,3.595365725107486
17109_6301-X4756-Y24516_reg.swc,-5.389391052760661,-7.853250681582491,-3.429182124962659,2.0285176489914427,-6.521222600662458,-7.831795094361756,-12.042188281016557,-4.315924777995107,-11.038235382289443,2.154518045954318
17109_6601-X4384-Y7436_reg.swc,-2.579456814669392,-6.929257279481609,-2.026219076509944,2.127119223812181,-5.13944013051441,-5.618639319898758,-12.18746983465178,-3.2569216899116418,-10.393538758619142,2.9297078910941785
17109_6601-X5417-Y25287_reg.swc,-4.247491448584211,-6.5013763588363265,-3.8131812617642344,1.7688520837837705,-5.269385706262815,-7.642247340171226,-10.986686335190896,-2.737605076319909,-9.588588825186719,1.4690812065977092
17109_6801-X7432-Y4405_reg.swc,-6.416908908232823,-6.511094141287583,-2.199190456711836,2.527788957589225,-7.139087538764907,-4.910077788819139,-11.437848423511817,-1.3303628443694426,-12.213635171029491,1.820496397086345
17109_6901-X7203-Y26714_reg.swc,-4.59009248380447,-5.494057718821285,-1.1289571151356732,2.8017933510832727,-3.458556268234269,-4.914259011595591,-9.008647763747767,-4.009626125574696,-11.153360501313072,0.23712094528644423
17109_7001-X5738-Y6470_reg.swc,-5.383840282799939,-7.86977390679997,-3.0320507502904976,2.0051579609857675,-5.730417012194831,-8.375221174080096,-12.435896893023019,-4.25954863737685,-11.448171540021564,2.156717842393294
17109_7001-X6205-Y5194_reg.swc,-7.949660540063387,-7.75478475085536,-1.0262718104260549,1.2549794088028812,-7.932290842953913,-4.024802783823775,-12.99272713313224,0.07050243558311609,-12.181546609613664,4.658067992418935
17300_5969-X27278-Y20820_reg.swc,2.5941889157260984,-0.4416304245484574,4.254645049807785,-7.219080068515479,-2.905053459063281,-1.2420445998851228,-4.446714204004514,6.814538251514277,-8.445311268227229,-3.0980846029713742
17543_6014-X3691-Y17288_reg.swc,2.4578927434704902,-1.111881772700662,-2.557127485579307,0.23434703719035263,-2.683126580401577,-7.002830791889203,-6.230837461688011,-0.8523746924144742,-3.5626201035792753,-0.5595255468773657
17781_6262-X6896-Y13574_reg.swc,-4.8305717812118605,-7.638693907629377,-1.4913916665795752,1.3084845573429922,-6.24131360636914,-5.568971473338592,-12.489932403193913,-2.628403640712204,-10.978120546674006,2.5409681475484986
17781_6866-X8954-Y41812_reg.swc,-7.245123884432102,-8.773891630101012,-3.540701293268137,2.088593885017635,-6.560297611428845,-8.455964017734463,-13.232421150536778,-4.672012562803034,-10.60941009373304,2.472522412921577
17787_7070-X12739-Y1410_reg.swc,-2.885039053104298,-7.718234769099922,3.0918164369533634,1.0218811902219027,-7.105748269651979,-1.1210159026122914,-11.721640212375958,4.912252598410042,-10.588899514073006,5.82159112183362
182709_6172-X3564-Y6968_reg.swc,-1.1205980417830745,-5.606492396420763,3.54544514548666,0.2622744271203948,-6.74285857139239,-0.566841203659219,-8.98497134488172,5.735928795126972,-9.090457955516092,3.392806575947137
182709_6204-X2976-Y9977_reg.swc,4.917315810354622,0.640996720851688,0.5024580826039626,-1.6877548152264759,-2.3306151833716346,-4.029595218510739,-3.4120269239590573,4.450725146811882,-0.8637560295101295,0.5395599963151099
182709_6592-X3030-Y10077_reg.swc,4.338706940335238,-0.1922166313312832,-1.9190700626171737,0.03729285000775171,-4.214410772978244,-6.407460900401547,-4.405355064398791,2.3563901724219116,-2.9361106364868417,0.5342806888476233
182709_6812-X3137-Y8659_reg.swc,3.0882950575587444,-1.8204533349656449,-0.17673417550531262,0.6363259648882776,-5.823807251030566,-3.5317108527887306,-6.644787351263852,5.637882797309814,-4.331987732126798,3.297015872083539
182709_6886-X3406-Y21258_reg.swc,1.1694715208093795,-4.975382538264636,1.647441843317035,-0.23251431511411574,-6.30604970973877,-2.583127808713915,-9.251262418974054,4.846236784551491,-6.910646821340576,2.655243254837169
182709_6984-X2452-Y12423_reg.swc,2.586773148230174,0.6330390004089943,4.348004470221124,-3.0652406022689727,-1.676698260387277,-0.6779426731157427,-3.253520163732945,5.393487772544267,-3.9353327070226505,-1.6362322868260186
182709_7010-X2644-Y10852_reg.swc,3.251532723205967,-2.761768630880742,0.30572787401474305,0.7217170500076268,-5.875191791031734,-3.0114436370966775,-7.574875451744591,5.521884508438919,-6.468971642760633,2.747203563612726
182709_7120-X2261-Y10934_reg.swc,-1.1595356416133227,-7.3542158012968315,0.9775162961399947,0.808739822624866,-7.18758565893193,-2.664529940621614,-11.5119172431828,3.6205835855497788,-10.44895121956301,4.541579603781147
182709_7126-X2913-Y10535_reg.swc,5.37194257786385,4.216082717818551,4.730299592770081,-6.25243837247628,-0.2496481079077146,0.26535411088081007,0.5483594691011807,7.765154279948614,-6.400956791309977,-4.039118769246304
182709_7144-X3121-Y9346_reg.swc,5.735245108857623,2.578602487765455,5.101086984131399,-5.094899433925917,-0.8307881904501353,0.2970056736423777,0.3207002527773678,8.451192220074946,-3.5084572054685648,-0.6103976193998948
182709_7463-X3586-Y20695_reg.swc,4.945607016990668,2.3670969916837064,5.145920472606355,-3.2087207973117926,-1.0785285709310553,0.39286607044979904,-0.5770150783629229,6.814538244400177,-4.513423656740357,-2.086244356142304
182709_7486-X4577-Y22503_reg.swc,5.832223340963129,0.3497637812323462,-0.8150512459644157,-1.806802830900277,-3.6514257563054033,-3.0504729061996416,-3.758664362788722,4.872089002159696,-1.4194914998913841,1.7563904528947094
182709_7886-X5075-Y22541_2_reg.swc,4.478779477859406,0.9087560780361565,3.984981559339221,-3.361043511752008,-1.0948307020766017,-1.38131042569617,-2.2307009797831676,6.151980726068279,-4.113845387218107,-1.9206243923995805
182709_7918-X5201-Y22656_reg.swc,4.534208549482123,0.42991933025865875,2.1124388766176234,-3.3502575526376024,-2.435908727185912,-2.150874525796374,-3.0352791686165173,6.451707557407937,-1.3180985240544065,-0.20738459861898306
182724_5937-X3804-Y11955_reg.swc,8.047540944571043,7.432952575840282,5.572669502119748,-1.9691024666030221,3.5480494518407166,1.2086726312152165,3.795008980922239,4.75601715274307,-1.9937398726472912,-5.272277680816036
182724_6175-X3782-Y10859_reg.swc,6.183537171130217,6.799892838782971,6.084094336819306,-5.589157148078455,1.2678128282210341,1.453646331153164,3.727713132218647,9.50022553491452,-5.419340123424586,-4.13142805150892
182724_6305-X3647-Y18869_reg.swc,4.146947756053436,3.9309084259494047,2.7383798479081025,-3.1873714510429827,-1.816955560343223,-0.9972712720504291,0.41757479518437624,8.155244731831619,-4.601241571671968,-1.5915144631623277
182724_6354-X4834-Y8105_reg.swc,6.186733979430115,7.436382944383104,6.9688173276581695,-3.668111986626827,2.4495886343411666,1.7412183890113115,3.932465151936991,6.188665213553064,-3.1047554796235497,-6.424556017185102
182724_6360-X3448-Y12540_reg.swc,7.451302699448024,5.628142990250269,5.740108121207392,-7.124609423360285,1.064464250166188,0.09143862697802194,3.5545579590008787,8.287652468367963,-6.603867272174529,-4.776941474602809
182724_6361-X3802-Y10603_reg.swc,7.455261511655499,7.85218910081872,4.551398433038008,-6.040803807410846,0.5678146378180111,1.2220689074490392,5.95635056481057,11.159450289061509,-6.0047688484726285,-3.526273296112456
182724_6391-X3524-Y11978_reg.swc,6.406753452713901,5.8454695747088605,6.258188476766077,-6.425484579426815,1.5042360446351741,0.06479798296116074,4.330945539918185,7.9214471060596265,-6.759145562261768,-5.253128186122168
182724_6396-X3762-Y10790_reg.swc,7.740848051214356,5.671207170509551,3.4397045854063837,-4.937614438793006,0.4741793835675232,-0.5084689690811846,3.290556137511021,8.109778297164198,-4.698941395711654,-3.0070056212078393
182724_6416-X3689-Y10398_reg.swc,3.825538636376185,-1.00635584310846,1.2144186378684823,-0.4582557265514156,-4.845318787049563,-2.054518403658432,-5.561582867940467,5.946842730615191,-6.580588282974555,2.209731622689511
182724_6450-X3505-Y11792_reg.swc,6.140128251133675,6.0621827621876525,6.698906063735445,-8.25977731004891,1.4083659743789998,1.4089809696001705,4.799653079195584,9.64079998474585,-5.963013073493649,-5.009305695028937
182724_6457-X3810-Y19182_reg.swc,6.817921411603916,6.612560662866676,4.775609239251816,-4.5687635627675105,1.347554318270691,0.07165432163705171,4.024715588025823,8.167505634790444,-5.080868336556944,-5.184798007690285
182724_6644-X4183-Y20666_reg.swc,8.02786757139287,7.271944701480679,4.357870655472406,-3.9271258433620497,0.8443809009572113,0.15981202880925305,3.849953967174887,8.4322448243069,-4.8143025554152725,-4.209025216206671
182724_6690-X3748-Y10610_reg.swc,8.716087676332167,6.635504652765062,3.8837873493695465,-5.662587150906125,0.5487704692746931,0.4695486365543097,3.420074848064973,9.133563600193659,-4.932480246791878,-4.1641077133702655
182724_6704-X3301-Y12214_reg.swc,2.2606032769225477,1.87049189084797,2.1025512627013923,-1.3485141322007015,-3.8419595620992437,-0.8831591288731532,-2.63736230330208,6.466985454659354,-4.993791390009268,-0.39495372489888103
182724_7371-X5043-Y7827_reg.swc,8.339733596864908,6.153361280261481,5.395601247989065,-8.403948202464798,0.37289325524250877,1.3406478814216132,3.5994752594062116,9.174765228394342,-2.652609683311788,-5.256579523753053
182724_7600-X5645-Y23085_reg.swc,7.367713772358827,6.703002006344031,5.964570165508283,-2.091514258488682,2.770341572938728,0.2570046554249232,3.458386014291866,5.6450526010250215,-3.035520947706611,-6.214899567902496
182724_7822-X5447-Y22786_reg.swc,6.9009883134762,4.651485146496521,4.317320927455013,-4.037254852462442,-1.2059563555581163,0.5400372392324334,0.8870579480415491,8.065541512814503,-3.7374254571432832,-3.112669702407177
182724_7871-X4578-Y21040_reg.swc,6.314229904998157,5.185114538321518,5.80410724212407,-4.477570498399286,0.7704747196132943,0.04791533469614387,1.4115609536109923,9.316749240749555,-2.2770791906740007,-3.7192566511393657
182724_8055-X5917-Y23103_reg.swc,6.948189150600455,4.5293422744701095,4.302375831749036,-4.813388734972372,0.47179139562334266,-0.2187472944761708,0.5811769368131544,7.077461346406542,-2.878996164435069,-4.23695204529589
182724_8100-X5413-Y22190_reg.swc,4.446109952372607,4.853841003360231,5.622272215432832,-4.543072818974488,-0.3875328701842694,0.206049291570998,2.1459813549339675,7.422861265987493,-4.232556322153393,-6.175413221931546
182724_8150-X4450-Y19864_reg.swc,6.452024605750428,3.7237985941881435,4.269046454527849,-5.198485338072163,0.6476628877037339,-0.595297589828448,0.6218818639991696,6.988750626490459,-2.2532021193800102,-4.964774446138563
182724_8155-X4575-Y20238_reg.swc,5.217908789042102,3.328133356230031,4.968861177230839,-5.496051629333655,-0.5717974790934283,-0.3352995228111181,0.39111370953644375,7.546765760943474,-5.124224880066266,-5.130678583347775
182724_8159-X4833-Y21213_reg.swc,5.33870912902641,3.023033875039276,3.6669107327873554,-3.2550895498313053,-1.7025714621049803,-0.23308707538279544,-0.71600433566983,8.349947537238194,-2.5857481981196937,-1.1751425978845766
182724_8257-X5319-Y21978_reg.swc,4.519541490036261,2.9673507315370156,3.868639428735526,-1.3856728940669019,-1.1296193441905784,0.5570174253813539,-0.3467597395675346,7.106467086867772,-3.373503467356402,-0.9607990570860307
182724_8281-X5491-Y21925_reg.swc,5.3107304624971965,4.7075261344956445,5.018582967968334,-5.116439349827449,-0.04472925155612044,0.5601263634090761,1.2264103106196544,8.41670859935348,-4.057606265167966,-4.691102114981242
182725_6819-X6109-Y7853_reg.swc,9.315138358237988,5.999379612582225,3.8850671192792015,-4.752838244944905,-0.3965178604248784,0.3271985800376278,2.8182653222239438,7.9771337902249835,-3.8611000789790886,-4.151541622176747
182725_7341-X4593-Y22594_reg.swc,5.130238363685384,6.663536603962547,7.124085162501386,-7.810066483288661,0.8609741777471215,1.5336406795497761,5.29479289617839,11.123780923693268,-6.938986122890428,-5.184593107786219
182725_7482-X7429-Y6760_reg.swc,5.178626666226478,3.197877486440758,6.162476478137142,-5.895445006958932,0.14883729247721356,-0.039921934544055016,0.03441886845929376,6.222988637409955,-3.2930092647569227,-5.514500690282973
182725_7649-X3440-Y17884_reg.swc,4.692415792602144,1.9792467976147412,4.9007137036879795,-1.508444546600165,-1.0388239199094653,1.6655595602719568,-2.5000693350466245,6.003932246964249,-2.013246398966658,-0.42250947411115947
182725_7657-X3644-Y17105_reg.swc,4.078291041309798,2.1456992643810153,4.260422883107374,-3.755088945914448,-0.002752590977259828,-1.5125943992591355,-1.5116579388063944,4.8577237047120505,-3.5691578919105464,-4.593651702990051
182725_7677-X7858-Y6794_reg.swc,5.432618015624768,4.231758064909428,6.526948349424324,-7.590669773876183,0.8930178487196412,1.2279756854562784,1.5769406115724678,8.702462780185092,-4.342359654895678,-5.818841461486427
182725_7714-X7032-Y7882_reg.swc,3.192659944739106,1.9759648288608418,6.46210037323382,-5.665846039620688,-0.6448678213454958,1.6065796350946817,0.43405970319495446,7.4880853892593535,-6.153578537669495,-3.0654988784705335
182725_7762-X3772-Y19585_reg.swc,5.466106555036862,3.682010816226,3.42211182302987,-1.0918827939181248,-1.743959482442122,0.9409835139491123,0.23788275156380245,8.296884401948336,-2.338539907103131,-0.18719503059497455
182725_7988-X4540-Y20706_reg.swc,7.1553880659183475,4.923701196929434,4.430694648717936,-6.867381265143024,0.2213320752193051,0.5038284920657907,2.705402895984891,8.938025446403504,-2.7572204215403615,-2.9246850051474698
182725_8028-X4256-Y19926_reg.swc,6.353398598067087,3.1899987921189594,4.100088926340662,-5.682262652317165,-0.9285229787750404,-0.01347481542753981,0.2900482465832601,7.666285175852201,-2.9308476491200706,-2.761753582835706
18452_7249-X11408-Y2071_reg.swc,-2.6234599453528196,-7.58875081683762,3.1381937219134537,1.1550088076476865,-7.401674805713585,-0.2201396692332529,-11.323961597056474,5.3162281122414115,-12.32432432065352,5.535294794778315
18453_5667-X25695-Y3103_reg.swc,-0.2630856813614576,-6.708987816149392,0.9794604814655552,-0.935183423652514,-8.471709921286436,-0.9510899318459032,-10.131599827315933,7.8981077950539,-10.192707132438205,5.859870275846188
18453_5701-X28505-Y4297_reg.swc,1.5000976886184696,-3.32435766240998,1.2222505508302215,-0.042686932138609614,-6.240382728426305,-1.3536134541583738,-7.213329685734163,5.996452231599301,-4.912430025534397,4.012922440214946
18453_5766-X31719-Y6139_reg.swc,1.2101478858893147,-3.780361576903424,0.7651878510890822,-0.6239405972787359,-6.482512874057635,-0.38147424280312636,-7.828697585646871,6.941248063594117,-2.2784025838306667,3.8048096449157205
18453_5941-X24629-Y3152_reg.swc,4.082561624827433,-2.081674098216632,-0.6001627465649544,-0.34876909929216404,-7.215833303499223,-1.8345968755370605,-7.239809436524028,6.907076864324265,-2.0643675587382164,4.360186337503283
18453_5995-X24812-Y3143_reg.swc,2.1980038848826102,-2.5484492614565086,1.4898791317842646,-0.7572041382564517,-6.293583227275546,-0.5757370895585465,-6.160915911743274,7.114675218472257,-5.4784869305878425,3.523304430406586
18453_6035-X24820-Y3039_reg.swc,0.43673735534625857,-3.3107071534799934,0.7744108376403118,0.13208616576218987,-7.201952732260743,-1.6827735690826153,-7.69894703123505,6.597998649437104,-4.073367474205258,4.363643333885895
18453_6181-X10238-Y3690_reg.swc,-0.9333649387473849,-6.136023184517272,2.836266205827129,0.7981435483509843,-7.2715444331297245,-0.1530081743457754,-10.32683919752726,4.467722189407503,-12.54380957426261,3.5307019403391138
18453_6316-X30559-Y4743_reg.swc,-2.646243031046646,-5.738230912189136,2.8742409295288285,-0.32560604643291746,-7.734030752250854,-0.5584347212955922,-8.304050138929641,7.6862954426652,-9.447805056667454,4.1803750526707475
18453_6477-X30376-Y5078_reg.swc,2.5674328516141705,-6.221849429303247,-3.4684715798055437,1.1708257808841047,-9.227506641666379,-5.120996512817975,-11.252235914570822,3.5847358596317442,-4.249613772688036,4.388796172167776
18453_6479-X9010-Y4330_reg.swc,1.006891639699136,-4.934777182384595,1.395772396682363,0.6892530159765738,-6.825380418646179,-1.28671401794477,-9.133461526744492,5.511327821475123,-6.356253792219507,3.751732460510625
18453_6537-X8725-Y4484_reg.swc,2.131972629147884,-4.302420034588064,-0.02256778113045499,-0.1572526192146415,-7.412006227359303,-0.41263617588994617,-9.045045339544838,6.196418870409833,-2.629923156455887,4.938442720299039
18453_6561-X9442-Y3817_reg.swc,0.35918427606980047,-5.360038985725307,0.9339492913659173,-1.1370617763169188,-7.918681918181119,-1.1680598143203405,-8.622842339256955,7.329907482852579,-7.501148746005342,4.104072000863726
18453_6604-X9161-Y4006_reg.swc,-1.6756574790988175,-5.801875483137885,3.1277286878510973,0.8563415596690013,-7.713456926892981,0.059659564655429875,-9.708911140692521,5.92861774167653,-11.468144438494033,4.09605432455043
18453_6675-X10576-Y3102_reg.swc,-2.7884698959471,-8.414356716698725,1.259340099779573,0.2069075769637977,-10.136350301237348,-1.6396392474596175,-11.634658259128082,5.940349488586104,-13.346401736714974,5.3978011585581775
18453_6675-X8876-Y4461_reg.swc,1.8338266370064127,-2.72477791498683,2.93798873237972,-0.351296360927809,-5.218236421702162,0.12733752106403307,-7.032149885259192,6.7482018253499145,-3.552933566321733,2.474108237684252
18453_6748-X28152-Y3578_reg.swc,0.9448402682953457,-5.9213315532602255,0.3136027857910849,-0.4429593799640823,-7.682677832961077,-1.0448212620212112,-10.233877740685033,5.937958966117509,-7.222627826251358,4.916102562425931
18453_6846-X11548-Y2831_reg.swc,-0.9589063613041081,-4.960507749755722,1.1297340023734053,-2.0696012532698287,-7.871168702643634,-0.980717597165957,-6.837128135901806,9.183450604322879,-5.274956194353168,5.185852248354766
18453_7007-X11486-Y3611_reg.swc,1.5020989316601367,-5.593369705896519,-2.7177667993036962,0.8221256017711812,-8.426745348043882,-5.653972987105961,-10.02344582502321,1.3207480584592255,-6.59042356965395,2.755007451416861
18453_7010-X8769-Y4509_reg.swc,2.546904062190458,-3.9119308358484743,0.410226197308728,-0.2600781808925389,-6.7981298574197115,-1.1923474998737462,-8.635699292053655,6.99659634890841,-2.8054349914762593,3.7693338831581276
18453_7024-X9012-Y4138_reg.swc,-3.5743976305257625,-4.757232457178334,2.8051867901525194,-1.6335531924797455,-7.7705230845637505,0.11168389022667258,-5.744452616707978,8.816295624662605,-3.4643176748460753,6.766580251457519
18453_7112-X9089-Y4667_reg.swc,1.5048786257196367,-3.6493226330602933,-0.14195002078628882,0.046568431241997055,-7.230674024446923,-3.0048243624434368,-8.235726145413452,4.702062783879885,-4.346642906594376,3.0056306646539848
18453_7132-X11495-Y3152_reg.swc,0.980912278255358,-4.046711107073783,0.9861758911126607,-0.12401008998949214,-6.992252050960048,-1.2346156386102165,-8.592161927562984,7.580977538378841,-3.929269886656072,4.669692870043843
18453_7132-X31679-Y7308_reg.swc,1.5191352537263463,-1.9272303140952785,1.3312421946885027,-0.8974459865690539,-5.352714443526043,-2.495057146816749,-5.904127822056591,6.791330240897464,-4.462294869198026,2.3881056279438506
18453_7146-X8788-Y4552_reg.swc,0.7073446158810892,-4.10981135789929,0.6835039483146037,-0.7011125675869208,-6.808077030168965,-0.8427795834757714,-7.674530681175584,6.6002614892262095,-4.031756601950141,3.841857454660787
18453_7188-X11060-Y3637_reg.swc,2.2197740195880735,-3.7921592503804886,1.1455803758543635,0.35260373152683333,-6.2273690959889265,-1.64120499412757,-8.261434625096532,5.061637953122892,-6.247580385128643,3.0816270540317627
18453_7223-X30215-Y5120_reg.swc,-1.9432839026544813,-5.920425684581724,1.8792528395513501,-0.7212194999331225,-8.172553243795459,-1.4578932135070528,-8.210746638474868,7.650113939887983,-6.387111614049217,5.005554233709349
18453_7245-X12979-Y2864_reg.swc,1.5654801663928486,-4.318512776883835,-1.0179242231614274,0.25686360653580914,-8.53997325466593,-1.846772124810373,-9.071585701823317,6.492193294897926,-3.074867888480566,4.6068885405419735
18453_7304-X11719-Y3749_reg.swc,0.8672085150348054,-7.373778607472759,-2.0460500338977345,0.11356555107528143,-7.469664788327286,-5.796912348870217,-11.156610833163903,0.43696633850586153,-8.336086830607394,3.438613398290461
18461_6043-X11080-Y1667_reg.swc,-1.8471220604705285,-7.3836662734506024,0.7934484866637918,0.07406136420244631,-7.653587920849628,-2.053610199950224,-10.627508208822775,4.8728191691100315,-6.115098263021517,7.025874892315486
18461_7132-X6338-Y3287_reg.swc,1.0359847470759633,-5.063216622102155,-1.500631983253705,0.6948691930184605,-8.044384902785586,-4.54871523228129,-10.06360003408354,4.798948779768786,-6.235589764141109,3.581274879250162
18469_5755-X6174-Y22049_reg.swc,5.249727792673547,4.780687979575871,5.924730747893006,-5.991990489697706,-0.10275831939093627,0.7158884249361501,2.3138406884929266,8.971580891893467,-4.30045854843406,-3.8716073406666482
18469_5853-X6133-Y22657_reg.swc,5.881237345009783,4.987864174698922,5.703203226596843,-8.091574323456383,0.7694178693002972,0.3914516204713963,2.773508180531323,9.058911835763308,-5.221628942780365,-4.426862351620207
18469_5924-X6028-Y22963_reg.swc,6.106206077133035,4.647726615405172,5.154615590422859,-5.818611896734584,1.1505172381490314,-0.0613325401569294,2.1624123825907584,7.548159731138886,-4.672088950785547,-4.42158802976479
18469_6120-X7370-Y17612_reg.swc,8.678978453252949,3.686453951039406,-3.3983107389916456,0.7969541003096996,-3.2768925364529906,-4.19179082187502,-1.7148924999334074,3.5462631634057455,-1.1515683473225193,0.2588930583560982
18469_6185-X6027-Y36689_reg.swc,7.050123915066095,7.250412737339675,5.3738493637160065,-5.347116709143314,0.73403922176926,0.30992732829159847,4.829167464039359,8.375673917645978,-4.575024895090757,-5.392730189269413
18469_6420-X7388-Y41840_2_reg.swc,8.209974740641925,4.141079724295168,-2.704123976474324,-0.38090920034782766,-6.6175238248082575,-0.5770535188805144,-1.4571106766956432,7.423465670479199,-1.735964975980072,2.604286485158664
18469_6572-X5325-Y34608_reg.swc,4.646755277988462,3.388241209066297,3.032351195643069,-3.765316537097257,-1.4766703393244747,-0.4686861809561721,-0.33822059677522737,7.996352377083346,-3.3523486141259076,-1.1538482982441103
18469_6590-X7059-Y41111_reg.swc,5.614685258609499,5.612132203862812,5.969715413473255,-8.783677092664886,0.6763695436529188,1.0808711721691078,3.4115275071198345,8.944286334134524,-5.081349046759423,-5.556209325801193
18469_6673-X5500-Y35752_reg.swc,6.941277422040116,5.140497728487973,6.134181071265975,-6.144281307542269,0.9057137547801066,1.4591555165298224,0.9405000430627534,8.451733130223449,-4.658793597572623,-3.1196189184849104
18469_6680-X6305-Y38542_reg.swc,7.373709566190255,5.52287239550867,3.8282602777297514,-4.409454437458594,0.18078772849907843,0.5207163634659551,1.970957166202504,7.919959048961621,-2.536508824825563,-3.441367344763581
18469_6767-X5786-Y37391_reg.swc,6.3397257897944375,5.71298362385299,4.279838251738825,-5.36217658313357,-0.19343099455446788,1.3889248018887104,2.9747186880517553,9.494776472792678,-4.800979007174704,-2.2915623580074262
18469_6822-X8235-Y15661_reg.swc,6.289065869885519,7.157754063189945,4.19800087775324,-6.042473076602219,0.8591105826623275,0.7502550564654584,4.9822806275536315,8.372487763354481,-6.32474004311597,-4.116416591658839
18469_6907-X5348-Y34515_reg.swc,6.036581715195449,4.762966262711135,3.455631226188391,-3.046163423915813,0.13583302039799006,0.017774084507034715,1.5160908125505999,6.363632292826918,-4.980940292525231,-4.207232097495169
18469_6933-X5678-Y23165_reg.swc,5.7689826265108675,3.1950992867818413,2.215033612666111,-2.8251926193670838,-0.5707992453889552,-0.9964815621421631,-0.12021698173661932,5.738497539943147,-5.219786366670473,-2.833965866420697
18469_7024-X5427-Y35160_reg.swc,5.2414463362497745,5.982946458683601,5.296568428864497,-4.429247245491248,0.943194207498999,0.525524775935303,2.2304226899543034,7.779761712549867,-4.748526112749793,-5.987444852327423
18469_7048-X7499-Y17640_reg.swc,4.965676640186544,3.9297351523183126,4.405537791631203,-4.387927363239401,-1.0499840667894962,-0.7448133369433451,0.3283801883230041,5.231530712275738,-4.948552352275031,-5.508488982520781
18469_7066-X6108-Y38587_reg.swc,7.469835069667597,4.921155779075208,3.3404629824682806,-3.9330607833796813,-0.8091152107874942,-0.15571465313340827,1.4100228649068018,8.316850700573482,-1.9965541797031128,-2.191645082693659
18469_7279-X7753-Y17170_reg.swc,7.189678296279954,5.231235409162368,6.22701283949033,-9.491602930270465,0.2928015990287222,1.250776018406712,2.888626430292716,10.905645753120568,-4.304103434625425,-2.688392094094803
18469_7376-X7022-Y19051_reg.swc,4.356841839990125,4.370979315135129,5.991363314914825,-6.439140426968669,-0.26400464334516704,0.9726660652720208,2.677759164778814,8.257356053890827,-6.292310748223311,-4.343237230071201
18864_5637-X5637-Y31619_reg.swc,-3.5938645431342016,-5.676519893993183,4.646226666218668,-1.5612048021586242,-6.835504255324983,-0.1591469002940591,-7.589896264558558,8.241603096467596,-7.796158942939276,5.411838559305169
18864_6139-X4843-Y27122_reg.swc,-2.879591760363872,-8.498036282825328,-2.1450686168325763,0.8495454348598076,-9.636683889548486,-5.520648723560678,-13.213325228522708,1.3576032761233856,-7.625026112674843,4.251995898644481
18864_6321-X4387-Y7047_reg.swc,-1.8864189303322068,-5.420721972070054,3.0855481739146473,-1.10895012697542,-6.415531415734247,-0.30439638828809246,-7.4256194371407105,6.7756080125873694,-5.767014890204496,4.5543522440275765
18864_6345-X3603-Y9891_reg.swc,0.49653358842407247,-5.017111879745067,1.1109460174654615,-1.058519791040929,-7.37501402332121,-1.1429659904027853,-8.706598080217839,6.828602620961432,-7.101608744020169,4.333428384242074
18864_6384-X3409-Y13059_reg.swc,0.6897223882721732,-3.5252585716203395,1.9210542450217503,-1.8776599803620753,-5.952642171112087,-0.7897960499441044,-6.58723592340971,8.028957869702268,-4.128822067795704,3.7604996100810184
18864_6523-X3601-Y10609_reg.swc,0.7343794821043479,-4.094012162175397,1.644038407031228,-0.9385716373875301,-6.87612672162483,-0.9767276103545619,-7.760357938327736,7.510261529685043,-4.766093758447041,4.169172692467673
18864_6571-X4315-Y24999_reg.swc,1.2365392592001367,-5.350462603136147,-0.27658873679243684,0.3398690980800251,-6.639096015074081,-4.667679806149431,-9.085170629665939,1.8583936466180146,-7.610788650041381,1.6640378739210286
18864_6631-X3319-Y22547_reg.swc,-0.0639602797240319,-4.810319813481957,2.0799494500176827,-0.707573527608713,-6.2197804837518476,-1.1358766931531843,-8.093275460536539,6.22622659641126,-5.369729198515233,4.371773034810122
18864_6672-X3537-Y12829_reg.swc,3.494751228810032,-2.507286332632396,0.5459639332855191,-0.8030647373023998,-5.8958834839235825,-0.7657477261130137,-6.986319753847071,7.233752915298484,-2.423026998487279,3.5799391527149815
18864_6734-X4899-Y27447_reg.swc,2.013582875594162,-2.879998500092781,1.6020215356321335,-1.0814129615882078,-6.777297641307039,0.0699648672121822,-6.894696797822347,7.8535133458949105,-3.8869239162306046,3.470782407370726
18864_6741-X4187-Y8695_reg.swc,3.2305500193062087,-3.5802808624480447,0.9346251597690707,-0.8326074377969327,-7.061461413986306,-0.8774785673340424,-8.64756507905645,5.9546921507882065,-5.421531079438414,2.5717525855510863
18864_6805-X6340-Y4681_reg.swc,0.04481706694970952,-4.324984410004048,2.334428040968524,-0.5647025824967715,-6.584346894737328,0.19356244355515373,-7.932476879825864,6.777363293567131,-6.536754686138778,4.848993531412103
18864_6821-X5144-Y6844_reg.swc,2.346283449398533,-3.009763410586933,0.49076817138129186,-0.8458313896911457,-6.817408933076265,-1.5333737444328566,-7.166313588908508,6.078385498416494,-4.587928766580462,3.4583364530947156
18864_7078-X6476-Y5135_reg.swc,1.4525088118817746,-4.307264821357494,1.7257796546488904,-0.882374110788388,-6.7730096696052495,-0.8119566043817124,-8.537138079614266,5.938979158541745,-5.566371771650452,4.037508777165741
18864_7117-X4611-Y9823_reg.swc,1.5894855925709868,-5.738354767881919,-1.7552634635356108,1.1332142211843332,-6.624925387164822,-5.952919060302924,-9.693317592870486,0.8097553003820797,-7.141843593971583,2.379809007861678
18864_7516-X6276-Y6366_reg.swc,1.366187845762006,-4.055019796662417,1.4393973202246986,-1.154048816667695,-6.779040894524078,-0.32985181896692195,-7.644569959928248,5.975717531232264,-6.776420110547251,3.567756116887138
18868_6019-X9541-Y5296_reg.swc,6.066647019773707,5.68937068971245,2.806337362297948,-1.0444025516047426,-0.50479438339153,0.02697522942496533,2.036841082024252,3.8466430224361896,-3.476206693145845,-4.187415382530541
18868_6405-X11428-Y4397_reg.swc,7.5663002365256755,8.915330760470432,6.206984463200251,-5.921605226487019,0.692021743669953,1.1796468979821317,6.387801979487421,9.885591189068279,-6.404921557647041,-6.256221702696376
191807_6402-X3434-Y19231_reg.swc,7.225320782249451,6.291494342991985,3.691396728434744,-2.610153067509758,0.7387742735968437,-0.7665295912336717,3.5730434402613214,6.929857013947006,-5.6407963431012815,-4.021768901208553
191807_6423-X3900-Y9358_reg.swc,5.674710723304884,8.69988662738298,7.785477864231311,-4.325505461643723,2.729918327248061,3.928160558352917,5.803914320368578,8.905270988200154,-5.424794527984807,-6.141029918602135
191807_6488-X3597-Y11254_reg.swc,4.564185314810836,3.5016595143815454,1.8971968678559807,-1.1750121161727063,-2.752858433350824,-1.5167720860007563,0.12011594724463015,6.58506460677525,-3.2035034058685863,-1.6599833126740053
191807_6489-X5135-Y23408_reg.swc,7.890115979296965,7.874585649944224,5.5804747332370646,-3.4903159195882645,2.4386682305762064,1.3483571072627463,4.174046933031391,6.343384268804597,-3.0338506027560834,-6.352511454885726
191807_6504-X3953-Y21204_reg.swc,7.927299521697642,7.019153262301497,4.3522411033107335,-6.286220554282516,0.48017202270998754,0.5811081479598961,5.026380604252466,8.926830521461806,-6.200228191706084,-5.6696614770688045
191807_6556-X3678-Y10670_reg.swc,6.093509715965976,5.246357359846583,4.062239692194509,-4.397572003469436,-0.7809144376894372,-0.06252073128534134,2.4335939638178243,9.473634595243322,-3.3860106951981903,-3.548031862318334
191807_6625-X5034-Y23319_reg.swc,6.07575725627562,7.3715671769438105,5.948534228364474,-2.9120228434541886,1.8570410891072548,2.345132050909982,4.210138996827624,8.04015916586609,-3.574659530117229,-3.875075706000418
191807_6718-X5217-Y7243_reg.swc,5.199950786833246,6.005524179692467,5.794452789241392,-3.8511525493157466,1.5740900616009557,1.184722974205651,3.513531129076704,6.7946789673465275,-4.452504349726291,-6.707961638873644
191807_6735-X4456-Y21792_reg.swc,8.194985875755052,7.012165915251313,3.932488158507085,-2.7521734642807996,1.7808357854124548,-0.07088338911160785,4.7006876474902315,5.537143263103947,-5.81989056205836,-5.069725430276326
191807_6796-X5727-Y6613_reg.swc,5.089131402850546,5.77491296378709,7.401894085774813,-5.147853956125453,1.3051490665866154,1.9463405564804874,2.6685158179180655,8.007661952502824,-5.97268020932796,-6.479056158630674
191807_6822-X4235-Y21316_reg.swc,5.524351631121917,5.373193443247108,4.62033154318616,-4.079896849474592,0.6317194356636154,-0.37864136387768776,3.422404718888251,5.776898915558924,-5.752408839029681,-6.200435952610519
191807_6836-X4405-Y10082_reg.swc,9.53561016769079,6.1581671504764515,-2.3921207710172085,0.15583812291046953,0.28322840786722847,-5.695406293897308,1.9657272112493052,-0.37304532110800326,0.6265214677657057,-3.2793963136241184
191807_6864-X4028-Y18389_reg.swc,3.332595823574762,-0.3041460343261507,-2.4025059086706273,1.1325799396245095,-2.0247899278647554,-6.270582940730895,-5.291491758544551,-1.5495837538240465,-2.278877553811469,-0.9209489517818101
191807_6909-X3717-Y18949_reg.swc,6.368897385601435,5.464073610365186,5.9756302823536895,-4.3597383959865486,0.8656614072096702,-0.14538302263848457,2.7891031774476254,6.390062827663551,-5.87873036056357,-6.523795708915285
191807_6912-X3878-Y19387_reg.swc,9.220052470244138,6.1783771866303585,2.806618559898964,-3.329935899850685,1.024976048227162,-1.405613770661842,3.3775292257909357,6.002527173362583,-3.7649814888492923,-4.262795515858838
191807_6920-X5119-Y8302_reg.swc,7.456623236787178,4.552045402505039,-0.3710048275774941,0.8041714383465982,0.595102105453182,-3.970018416853712,0.7252104662120893,0.8725920165788787,-0.25732162617983695,-2.505676926732985
191807_6927-X3598-Y18516_reg.swc,6.548040539691695,5.968283734043412,4.964691246073704,-7.231808540084018,0.896427494757703,0.017335523161398518,3.6666871133777086,9.550252003273743,-4.343028560434385,-6.147838043668244
191807_7017-X4048-Y11120_reg.swc,7.12324796265352,5.011651642551602,2.0056458293622965,-3.498834244853911,-0.9760265983888032,-0.558488802345449,1.7345563938474757,6.600374001058337,-6.712342630469223,-3.7317469627648086
191807_7098-X4655-Y10334_reg.swc,7.793298502995938,5.439818999066829,-1.2853818751994668,1.1580411464632707,0.9122744494026666,-5.036447077905082,2.0784795872455586,-0.13209663499012134,-1.355372367153773,-3.3407094450660173
191807_7110-X4076-Y20205_reg.swc,6.775039099972049,7.532320058152125,7.776549107547758,-6.8090763178482785,2.51298748286266,2.350919546261419,6.49470031736841,10.536775978046592,-4.840642761908681,-5.7496182932680595
191807_7249-X4135-Y19813_reg.swc,5.158502147017148,4.11603189221701,4.130361766443109,-3.494775179554696,-0.3433026944193693,-0.6131356005196364,0.5950882221420183,6.869709352574978,-4.292736403444782,-3.9635061069900095
191807_7281-X4351-Y20216_reg.swc,7.613396530437402,5.402928730397606,4.3956995287969916,-5.684207505321766,0.09377233261638446,-0.32579507888541154,2.6006612680803345,7.953544353203102,-4.155855245297206,-4.578607682484291
191807_7289-X4771-Y9549_reg.swc,9.174059769054297,7.8509504171466755,3.9009111159665344,-5.233873534695737,0.2590235402613317,1.849443038754672,5.501557613156583,9.01260643387034,-4.455978513215165,-4.484329200235376
191807_7300-X5089-Y9978_reg.swc,6.728849942803186,4.4297611990159504,-2.9735177652752576,0.8822709282226865,-0.023114473761807197,-6.941869413195566,0.5878882375355454,-2.251451441543035,-0.8929014048613013,-3.2033550355565725
191807_7326-X5555-Y22776_reg.swc,7.225613430685682,6.177009215199755,7.964731448780658,-11.259288551391082,2.014066092115835,1.7384870596007973,4.454634361494484,9.666363647285612,-5.181467993719212,-6.3433232871844885
191807_7364-X7270-Y23865_reg.swc,6.291282722549855,3.764789215288329,0.21995289623565173,-1.3445719075706513,-0.47613224302077994,-3.307871405721154,-0.9472122604250117,0.9702626227669475,-1.3522535909477562,-2.342297462808716
191807_7399-X8056-Y6157_reg.swc,6.756870503749277,2.619481531787602,-1.3211697989770357,-1.5715310218044403,-0.6987631981098033,-5.7908847023788095,-2.006319621636965,0.4894812098203285,-0.15616225530049835,-3.2203091398550123
191807_7405-X4847-Y21105_reg.swc,7.592026204874288,6.229353457186834,7.346636505370824,-6.6497302752073635,1.8247913468341928,1.2959734027182006,4.040397517579594,7.280027822920738,-4.948936686610642,-6.075044417879724
191807_7423-X4013-Y19283_reg.swc,4.945934371898066,3.5923876675478117,5.804784729060852,-4.388986980535851,-0.6934120110326809,0.8581932093431994,0.7118950867453151,7.379176674250278,-3.62752222800787,-2.9623172742857897
191807_7425-X7635-Y24763_reg.swc,4.603950125937728,3.4356817815599188,3.607748218716895,-4.963858013353475,-0.9527744017977571,-0.8618186310937064,1.1400513099336176,8.555128404032713,-5.069259802000482,-2.4873707190526475
191807_7439-X5230-Y8737_reg.swc,5.598763216669167,5.795107810567598,6.210755785481564,-4.9231913966928875,0.4997778332801764,1.0761061302906456,3.498591695534835,8.031323602358201,-3.487874243062654,-4.804515888067682
191807_7446-X4048-Y18753_reg.swc,5.922456718982489,3.204512906858456,3.7949258799481482,-5.3826594879607566,-0.43406158238250464,-0.6318071443903791,0.32377851519414336,7.385993840382296,-6.585357801811266,-3.1208655954919857
191807_7494-X6168-Y8596_reg.swc,8.809985240668034,4.989760200732464,-2.227827025181845,2.3375632166510023,0.9001387826470606,-5.357943838594009,0.5814807635107248,-2.0377014790391974,-1.9286513809112615,-2.9916651008112565
191807_7500-X4057-Y19214_reg.swc,5.79828071417844,3.8286325623372397,6.107971103438145,-5.456156681987294,0.4265547856983343,1.1629992073620656,0.6142969802960556,7.647836046563242,-2.260849205521365,-3.6807932393380267
191807_7508-X7743-Y23907_reg.swc,7.282415967843615,4.325610581335592,-0.8197838689679546,-0.3834775594493108,1.2369135044751502,-4.129406620477302,-0.33622359086833853,0.9396150781185838,2.1663315145362145,-2.9510652467398106
191807_7525-X6122-Y8722_reg.swc,7.8851986114953565,4.678793620139151,-2.569843869409809,1.8831389545793444,-0.04898225272286161,-6.218382377148087,0.3928077585739432,-1.2723853422350186,-1.5301669942277205,-2.037848812675473
191807_7529-X5296-Y9002_reg.swc,8.27773633757247,7.098749809168155,5.267916606559118,-7.857834144122167,0.09679733301047931,1.7163040690620088,4.72015161996816,10.987245983580955,-5.860808476182703,-4.958533014248826
191807_7537-X7637-Y23814_reg.swc,7.96973660632923,4.578364610106007,0.24918933974648205,-0.9036655845454855,1.4349755231217434,-4.305807333700045,0.4009251940243452,0.7373203083618021,-0.9049226734218414,-3.709981397397029
191807_7574-X4648-Y20365_reg.swc,6.137139227296103,4.931436402520884,4.810531128903661,-5.607327298866839,0.022774537682600793,-0.1393272350142577,2.4146663064123346,8.513819010542914,-2.2134002481368746,-3.090209186284253
191807_7612-X8075-Y6623_reg.swc,3.013763660793209,0.3180938115720019,-0.10909219428387418,-0.29208393789515436,-1.1322394048511712,-3.7930904602996347,-3.8625711804686547,0.153620452116901,-0.6065145787451014,-1.9700226439150117
191807_7712-X5701-Y8560_reg.swc,4.950618512338958,5.740254303752649,6.281281636729037,-7.1656818558404005,-0.3173563363570999,1.2239101829841172,4.771877106694756,10.685692252497779,-5.591051802230298,-3.356907788078178
191807_7779-X4433-Y18625_reg.swc,4.447788927996962,2.7190103217972856,4.342625449351195,-5.442212838066513,-1.009456119338674,0.45984991547321835,-0.6345881178856765,8.334959750507684,-4.621355103513768,-2.663127851767729
191807_7779-X6262-Y9318_reg.swc,1.0382770153658076,-0.9636307039768796,-2.2744062671691845,2.2094960824846464,-2.4200193658317977,-6.027015769500729,-4.614105899829294,-1.8874699550819227,-2.8179672176850543,-0.9966099001295328
191807_7786-X4425-Y19023_reg.swc,4.591003482916747,0.23697177418833176,1.1911517527777051,-1.3228490679794387,-2.798087512926051,-1.9828198705404176,-3.7718659959994856,4.872740848500209,-1.3338438665519945,-0.0985207515734543
191807_7802-X7356-Y7036_reg.swc,5.8132064173,6.390931073027047,6.906305941468454,-5.7080490597221845,2.401269151906561,0.9247980063460486,5.070380379788736,8.92283057793328,-5.94671083010484,-6.325836194537967
191807_7822-X4840-Y19927_reg.swc,6.846311804436652,2.081474135372439,0.3372975229094841,-2.613187164687737,-1.9714297973004207,-2.269992302429209,-2.3659234108322122,6.379981390634462,1.2358025783040745,-0.2087588766347055
191807_7954-X5660-Y20932_reg.swc,3.8682748528136015,2.6936851580883494,3.834934246571047,-2.8680340902060277,-0.7780594847545673,-0.7513609806821511,-0.61623263986389,6.105670996496061,-4.965248527524407,-3.1871276865276856
191807_7964-X7019-Y7647_reg.swc,6.103101050937029,4.099974795290713,3.1288546111364104,-4.519022848648529,-0.23101053738848326,-0.10033286910263284,0.7934660720053035,7.690077213073586,-4.175611842400845,-3.649008131519624
191807_7971-X7500-Y7211_reg.swc,4.6262126329188185,5.494928002164522,7.208049377099573,-5.911334787639086,1.796255854182257,1.24728590196039,3.186975450320068,8.446334866430508,-6.004453103324319,-6.267097826312255
191807_7985-X5473-Y10063_reg.swc,6.523200538996471,2.703085027072116,2.1156541416488452,-1.9234734702169294,-0.9961687749913072,-1.742089121338673,-1.4572271184500432,5.1683678351887785,-2.8616208997341097,-2.1983391192881045
191807_8102-X5725-Y9586_reg.swc,5.16974284188911,2.020728355547673,2.384454404553762,-3.1213848578302503,-2.442635687764159,-1.0107897066486204,-2.1393621082357863,6.219719109256944,-3.0271642575916204,-1.6218606950651635
191807_8158-X7179-Y9304_reg.swc,2.9941732447793967,0.49165178301940304,5.083034461466905,-7.939753569368652,-1.3789884697018269,-0.20615503319474116,-1.2584961137244992,6.6605096179850225,-5.634561051751686,-2.9211542334118
191812_5915-X3305-Y21307_reg.swc,-0.16275949693866942,-1.5796027228995027,3.5297113313032003,0.3006780162974361,-4.952138459015162,-0.4564552623555005,-6.132158453764077,5.548975984013129,-6.251257751161129,2.10302875064617
191812_6207-X4040-Y8998_reg.swc,3.3294692686237517,0.564783796066493,1.4504279454662394,0.4821669524675324,-5.6287110695922795,-0.858682774441951,-4.425684608049822,7.765192584652588,-3.582693312679925,1.786745418268461
191812_6251-X3178-Y20913_reg.swc,4.9681654766026035,0.4685964422722324,1.5337812650851896,0.06060906129353698,-4.971628020415783,-1.335464905094918,-4.084730373250221,6.808286353299007,-3.9900289129111552,0.9311075748868509
191812_6426-X4032-Y23056_reg.swc,7.143554431849672,1.2589979997306657,0.4725700676380735,0.9077487031487431,-5.016735641844756,-0.9381621518459767,-5.180267626396873,4.501139554887557,0.09964943794432513,0.907762798006746
191812_6431-X3967-Y9193_reg.swc,3.7501493820629475,0.24068345899226495,1.7338429480319262,-2.048249959421544,-3.8110746981698957,-2.940720539120568,-4.0005619852389795,6.059442971414844,-6.218182108627293,-0.45729964202430207
191812_6463-X3826-Y9703_reg.swc,3.962085469572291,0.7056929484006471,3.5557409902378767,-4.618863069754761,-2.3567726533484996,-2.1337669078063977,-3.2339963612880176,5.308339997633271,-8.39356846781016,-3.8251896801159746
191812_6476-X3744-Y9656_reg.swc,4.727423558350267,-0.7633685251506831,1.2024066528296693,-0.5769686878686331,-2.667654940558198,-2.489457177386941,-5.334981207338903,5.2423322875155725,-5.8783771202193815,1.1795611072935406
191812_6477-X4010-Y9201_reg.swc,5.055275652940057,1.6937335695588904,2.922895920042598,-3.7467779281063907,-2.365544604466351,-1.6921142704984717,-2.6288967023232552,6.5638005093488525,-7.124061940286435,-2.4185842116432665
191812_6568-X3828-Y8764_reg.swc,0.6896267417046149,-5.952081647731262,-2.3145987282468927,0.09627463512641918,-9.155821227630796,-5.486866857718258,-10.15168966089935,4.596656533070608,-1.875171982017369,4.89773293724179
191812_6779-X4640-Y7603_reg.swc,5.34859600498834,0.321932250316723,0.7766706014611706,-1.2462335641849498,-4.098597880862035,-2.0360974530568035,-4.425781981591223,5.966952650245445,-4.67263781875233,0.6134843155509335
191812_6854-X5676-Y6355_reg.swc,4.5932941432985785,0.39825719722727204,3.15306227668339,-3.239873434662119,-1.7139060437209892,-1.77268920150863,-3.818190873014265,5.704568226178424,-6.025886231592562,-1.8291204891083823
191812_6895-X3630-Y9992_reg.swc,2.8718942389709747,-3.5635083850329012,-0.3224647792545306,0.29805923887756475,-5.633424144475944,-4.832855809507883,-8.042843601136697,3.3641107080177766,-6.64461226884819,2.3343678613550107
191812_7148-X3864-Y9658_reg.swc,3.1819567813187906,-1.2672471081305448,1.5792379602703743,-1.695147609026594,-4.92306626818101,-2.990688922997351,-5.428110816164191,5.373393161077571,-6.304444702531774,0.7361149432724918
191812_7255-X5228-Y7090_reg.swc,3.674419613494885,-0.3932641067812829,3.2272415163304533,-1.923903422770363,-3.4405002083406964,-2.0693313098132036,-4.691239518863204,5.92028900105913,-5.300476653191874,-0.9460000011286791
191812_7321-X4084-Y22812_reg.swc,3.444491814578007,-1.2842835268869055,1.9190549494377755,-0.5585250914510423,-3.1603443462515726,-3.047321453101261,-5.781785381673856,5.454960791144554,-4.799755262262787,0.5768204923366005
191812_7379-X5715-Y24777_reg.swc,3.409740575004002,-0.2391915256762398,1.2998217366528955,-2.235618031101844,-4.210183862311039,-1.9014275662540538,-4.679967738415092,5.840177967718356,-4.5722818657138475,0.0994216091208644
191812_7414-X5193-Y24236_reg.swc,3.8341470191849467,-0.39238245807816197,2.4908244452349244,-2.5576280872421475,-2.984226300234438,-2.3805670338912837,-5.087465802143754,5.755778950009683,-5.438894217162747,-0.6641272595954466
191812_7460-X2919-Y19536_reg.swc,1.877421741101465,-2.1255802815437947,1.7115682361043074,-0.6723704520275762,-5.049092244117744,-2.4861012282588053,-6.8137348447627,5.221157337263454,-5.193088915149432,0.93200325970286
191812_7487-X5132-Y7313_reg.swc,1.151054370995302,-3.856765493009069,0.4665337337994303,0.021425590384786294,-6.27191363688169,-3.5722967892401485,-8.139602619128798,3.454640016622659,-8.049239892147012,1.9918155271803701
191812_7534-X5622-Y24592_reg.swc,3.2128217037349063,-2.292870690194174,0.951580375303129,-2.4779437165551066,-4.9392825764240325,-3.5353377662552226,-7.415495237740224,4.400325690035203,-5.8951405634392255,-0.030425113065259968
191812_7586-X4315-Y23900_reg.swc,-3.2197396381817445,-7.309329061351763,2.68849442630443,0.08778151116431723,-7.700153506067023,-1.5655929892734846,-10.268557187906666,5.46505189730134,-10.570377104436075,4.682461765820411
191812_7597-X5133-Y23993_reg.swc,3.6542509170963244,-0.3431161360741232,3.0922542781648197,-1.7499148080694025,-4.042588940189035,-1.4338965566034974,-4.442080595408021,5.974988700952373,-4.466784283913885,-0.14440389328011705
191812_7717-X6201-Y6443_reg.swc,1.649431890015244,-3.4051570387182095,1.8456324797948942,-2.7490420611348827,-4.475232455256698,-3.599538972830788,-7.957808965059619,3.8210855383335605,-8.099652261288089,-0.427687044859558
191812_7881-X7006-Y5915_reg.swc,2.8242416943004516,-1.4779289930044381,2.001312171060391,-2.9890180046569093,-5.264711701107798,-2.0986772050047295,-5.580630830299622,5.313550769473624,-7.146770791044922,0.6884734217854547
191812_7886-X4342-Y22754_reg.swc,0.6005268687303623,-5.419705075594229,0.05412682679319247,0.4263598884253019,-7.233150736682471,-3.8961984694620835,-9.562227130780293,4.176928417192962,-7.682467178157167,3.4990208531273086
191812_7938-X6892-Y25312_reg.swc,1.2863736664417627,-3.53334182909941,2.0929608627945546,-1.1611900552483918,-5.849530614390322,-1.8649735607636972,-7.767191951350819,6.870112657304433,-4.483202345685839,2.4999586503367963
191812_7977-X5136-Y23324_reg.swc,3.7658454414207587,0.06571850093585627,1.2062205640592647,-1.7063105766286304,-5.426464010873054,-2.094309909515086,-4.310474231638805,7.090367742090781,-2.5370563887559188,1.1363061435823645
191812_7998-X5408-Y23691_reg.swc,1.4604453043131083,-2.5852374888334295,2.1291393570333965,-1.7930398896843045,-5.1011272134222185,-2.542701832803402,-7.175793443739985,6.02798635730525,-6.499317680867561,0.08250821014121357
191812_8013-X7581-Y5690_reg.swc,2.03022868578012,-2.219185407493904,1.904545519673098,-2.860977400306564,-5.078857322424142,-2.142022756767235,-7.021581140222365,4.199837993394044,-7.414949587837068,-0.3709153577916844
191812_8096-X5297-Y8332_reg.swc,2.572151598133356,-2.0045257812941895,0.6816449875812176,-1.0098225920657187,-4.991836723470706,-2.9749641430000002,-6.433457563194113,5.44672082436514,-6.074802363760872,1.8255194086271884
191812_8172-X4789-Y8339_reg.swc,0.7851288982929094,-5.860805792076281,1.5087528388750324,0.0769748718448504,-7.6358278133953785,-0.74348129826866,-10.678416833457439,6.705678891602411,-7.863683297608938,3.3433389220517924
191812_8233-X6397-Y7234_reg.swc,1.7046386117440104,-0.4538703722681545,2.9209509786754153,-3.5714305190816167,-3.766025967516212,-0.9209822107724435,-4.213126192686784,6.197575389477142,-6.714919321802365,-0.6824203189811171
191812_8235-X5804-Y7784_reg.swc,4.096289669622786,-2.274444796208131,0.3745672742694726,-1.6930719277522186,-5.826745744382807,-2.075890301561609,-7.263955044540917,6.905238547118869,-3.8555772731804794,3.1015908167514783
191812_8356-X5861-Y7841_reg.swc,-3.207888160011668,-7.52082331262592,2.496491461357376,0.6868656989286168,-7.825495090616905,-1.342619583427604,-11.143421783864008,4.71301035294206,-12.923274618235476,4.4900728739146025
191813_6154-X4714-Y9350_reg.swc,5.562689217974988,0.39387502455690665,0.38732843794252436,-0.14498322925113502,-5.176124904087141,-1.1770919816152055,-4.0894655007367975,6.737894237213653,-4.971641785444011,1.1170192065341435
191813_6215-X5154-Y8328_reg.swc,2.9906955758520395,-1.3121699060230214,2.2965379106856596,-0.9992370737122597,-4.377742716999962,-1.5637687135555534,-5.16693309904305,5.20612163707489,-7.704906558285014,0.21533373933318822
191813_6524-X2579-Y18950_reg.swc,3.655783877532338,-0.46517700058597244,2.077470176585718,-0.4921906513187579,-5.287886354575049,-1.07986862407557,-4.431065580482097,7.53330693963866,-4.061472823245826,1.1465978465255109
191813_6588-X2661-Y18498_reg.swc,2.7088917337534597,-1.9372106202423658,1.461007332673865,-0.5289464247172788,-4.991944912003823,-2.7600857644604373,-5.914937579397376,5.389090735717558,-6.1909158516241565,0.9265016600955627
191813_6745-X2825-Y19481_reg.swc,-2.6533456515828093,-5.033455901020382,1.1325732180402246,-2.557299146251712,-5.952784784796999,-2.1435662179160855,-9.928179249977745,1.67580146146237,-11.49335933660861,-0.31221930616549476
191813_6829-x5209-y8545_reg.swc,4.225635132362009,0.5799466137755348,2.654325035519953,-2.5118698814834635,-4.087876149979413,-1.736577066352511,-3.296920109926847,6.335680913283605,-6.350125746156784,-0.1941947318151631
191813_6871-x5237-y8478_reg.swc,4.7030118587361045,-0.7054428672352565,0.6696573863751485,-1.3437257591786858,-4.320072653855865,-2.996934288731901,-4.778632181316745,5.110611498117988,-5.794138468630393,0.6128915726412774
191813_6879-X2723-Y19955_reg.swc,3.979823587846248,-0.48443597300236807,3.11170268748414,-2.249518615738845,-3.2488597044738303,-1.4405861561949627,-4.131755757915811,5.853413897049498,-7.309494799142705,-0.31277431948503587
191813_7160-x2719-y18910_reg.swc,2.332726632516629,-3.7757852258628444,0.6434124143086523,0.15670893284978726,-5.8647946479830075,-3.2275128202849386,-7.736488150314068,3.6581700183863335,-8.580127495319992,1.960569095454799
191813_7214-X4724-Y9812_reg.swc,2.915516324018063,-0.9439320074785233,1.5697220333453286,-0.2549082527574989,-3.5888465851929716,-3.2106043801974375,-6.132225121824224,4.503309219477755,-4.342389369665668,0.06464710920076877
191813_7224-X2864-Y17670_reg.swc,3.3911161977198745,-1.7572170722901128,2.037936273029447,-1.383499827153115,-3.636472369671538,-2.117522140143426,-6.399297345575238,5.141403892487378,-6.204614278451128,1.097460602443022
192337_6620-X4736-Y30611_reg.swc,-4.876275894133576,0.7760823529891049,-1.9446304968970556,2.0506830401939666,-4.0694742481891995,-4.469660164679349,-4.312415893336541,-3.6931118141936845,-10.668192646412594,-2.457800548832127
192337_6764-X4864-Y14655_reg.swc,0.35939065158171246,-1.932842965876645,-3.791706216322056,2.6899438548345525,-2.6492313109876617,-6.2132143307843215,-6.121178985371237,-6.391128836372147,-10.275904490462402,-1.4773484107791477
192337_7344-X3850-Y25781_reg.swc,-3.307985902175415,-3.1791495655531143,-4.3913180545652315,1.847454508031172,-3.4206950814097548,-7.113981680022556,-8.52261027545956,-5.1664167470918585,-5.737966192696162,1.4630756828145328
192337_7585-X7231-Y9932_reg.swc,-3.9031722023613824,-2.2622046564303773,-1.8691449656819414,2.3778118736624565,-2.6383424331847696,-5.048333997738655,-6.710486627325733,-3.9832704252183513,-7.586711704807605,-0.9035528925597828
192337_7659-X5929-Y12351_reg.swc,3.592254672597083,1.71447923747577,-2.5494880953826686,1.4079068175508727,-0.08464382657140046,-4.269216140342077,-3.063400594323977,-1.8472096129388011,-1.6938621502321667,-2.1254922571265986
192339_6660-X3904-Y20076_reg.swc,1.7591756322526755,-0.1272461455447973,-1.4488035955736938,1.7157649707308054,-0.9394474279366931,-5.013602525397405,-4.304467221831173,-1.9117995549956586,-5.034412223906689,-1.6427934617320812
192339_6826-X4163-Y21198_reg.swc,0.48725387105087425,-1.3892018882222466,-2.60546428079766,1.853718525865993,-2.0021602943544723,-6.8464737186821765,-6.047551504308467,-3.2863141389137933,-5.678793515614477,-0.5704210382047368
192339_6840-X3817-Y19709_reg.swc,-8.714572273761194,-3.806979582286857,-4.547621640433561,2.5677814814162265,-6.4452876286787575,-6.9147717421077,-7.698701635943589,-4.433065758207838,-11.057399872801296,2.468013880562518
192339_7392-X6785-Y6440_reg.swc,7.984533105192296,7.098058538028634,-2.3183049178227186,-0.9204989263430926,1.2926112235859348,-4.380041729750329,2.0789174328435527,-0.922744313003061,-3.34180242700466,-4.379082989595819
192340_6224-X4867-Y27176_reg.swc,3.043366228490284,-0.29766272805062255,-3.193188943797303,1.0262105097471776,-2.1156809483032952,-5.391531023607644,-5.0161431137708865,-2.6728341437276555,-2.5672328811117664,-1.499627865519075
192340_6365-X5976-Y13673_reg.swc,-1.4884463662969232,-0.3973136639916599,-3.2135805655254757,2.066061761317885,-2.245145336244439,-6.109275323118352,-5.258692669087722,-3.9722795841886542,-9.78152108025945,-1.7779874060803496
192341_6482-X3479-Y8069_reg.swc,-3.0119891966026064,-2.2580074636896024,-0.6227641465664207,2.1607101870859613,-1.530041687987842,-3.5466207550648834,-7.386039813343463,-4.756398877049274,-10.61499391985062,-1.4714292180886366
192341_6527-X4499-Y23282_reg.swc,-2.406908438115892,-0.66237810623863,-0.9530745169098765,3.0861230280209466,-0.13421053131957494,-3.7930666947675507,-4.493925507846652,-6.679986620786175,-9.259455199799847,-2.8380952610045687
192341_7115-X3118-Y9770_reg.swc,0.7557964564826082,-0.35580695330303413,-2.2494780240279946,1.288948149204849,-1.5404213678840262,-5.982886462683603,-4.127501989485351,-4.2535138599921885,-6.818051829030911,-2.1165525238185703
192341_7303-X4923-Y6376_reg.swc,2.906895562082981,1.5703737115281657,-1.6908728074814492,1.1949093166818379,-0.14355812922501077,-4.461948067917417,-2.4017833542168914,-2.755226451412221,-1.658288242204557,-3.645876155908704
192342_6838-X4850-Y2371_reg.swc,0.28497853391984573,-5.764753583594162,-0.1888635517819538,0.29492498435469705,-6.060687624315144,-4.23633926682924,-9.756397795117298,2.8106773075298586,-7.887679940181213,3.4915527278117517
192342_6941-X3482-Y21640_reg.swc,1.7483783006561595,-4.819014856662646,0.47151932360760773,0.8621091519751155,-7.38050394182256,-2.0716075550842925,-9.164639747228343,5.0754909415780185,-6.41765474503761,3.721646057041172
192342_8032-X5502-Y5809_reg.swc,3.356431246937167,-0.2657549044186761,2.6280833175496627,-3.360827523296523,-4.3184595834582815,-1.890664201094686,-4.807347910773924,6.893597134850751,-5.177672682582122,0.3617642873036
192342_8141-X6037-Y23548_reg.swc,3.171301507786809,-0.09952249354372569,3.09513554973191,-1.8858987672206395,-3.816672363999419,-1.6195007345837265,-5.328562831076839,6.155873544046477,-3.050772654962297,-0.33055553809627325
192343_5742-X3633-Y12817_reg.swc,-1.9048279476421945,-6.9056986042847,1.0517577392768587,0.949055862036253,-6.953444801041927,-2.2251411351578847,-12.002812224469265,2.664869529091339,-11.567433071137547,4.867766765210655
192343_6777-X4052-Y23666_reg.swc,0.8347483907265207,-4.585480343386905,0.11818387428307847,0.12151805208080539,-6.570193412376552,-3.205622259484493,-8.509851602138259,4.649093113018854,-5.328886286932229,3.6920080547392913
192343_7174-X3824-Y23571_reg.swc,0.5689441435490138,-6.229566396440212,-1.2453724316279624,1.0176932281248618,-7.847528998238803,-4.291476895964574,-10.705299480568618,2.8416701590667994,-7.577845348241195,3.5709049111530233
192343_7524-X5744-Y25593_reg.swc,2.9891916668473857,-0.7096704443445447,2.356122571599279,-2.040453661323058,-4.14869684083274,-1.7484087733869715,-4.934477493704768,6.630377989420051,-4.465605155873136,0.1260349685167017
192343_7862-X5206-Y6520_reg.swc,1.614910769393546,-4.061884421165032,1.9519286074329159,-0.8901467492077634,-6.5045774668021545,-1.4890272543031584,-7.875295862032392,6.713529296190902,-4.9752970243694365,3.739190397551067
192348_8164-X3381-Y21012_reg.swc,6.593029048122008,1.7663647660922188,-1.7794167447920533,0.07840400528210643,-0.8007380067733805,-5.013014115135131,-2.9157343919606604,0.2099244305751087,0.013256686639727455,-1.3052491843061105
194065_6750-X3779-Y21393_reg.swc,1.9131802443897612,-4.565225069919466,0.2166587404924003,-0.9792974674872464,-7.456407900257592,-0.7637705769941405,-8.431840414989729,7.6252789828954874,-4.312494852479898,4.74895965113914
194065_7154-X2800-Y12603_reg.swc,1.6330234467388354,-4.185089559475159,0.7477360853892063,0.42564550575428883,-7.871647122343248,-1.319415662432469,-9.301906291620211,7.205919741642532,-4.89824161900054,4.28830443496535
194069_6480-X4276-Y11858_reg.swc,4.628128732413126,4.161166052527386,6.012490054340089,-8.966729579807081,-0.43685782078411894,0.5074565851639244,2.364535493867677,9.600404209181711,-5.962492055869113,-4.1549621945314845
194069_6614-X3338-Y19996_reg.swc,7.610669480081659,8.679161953748366,4.94762471032795,-6.23025890239921,1.535692836355648,0.7037730040279978,6.780579863394891,9.561395415430054,-4.61540837797086,-5.5278972740221155
194069_6665-X4527-Y10686_reg.swc,8.401525534947675,5.591549940209454,4.212997498983777,-7.370367722872146,-0.5554871542797292,0.8315736065085222,3.0393631504210936,9.987332622074078,-3.287662913398206,-2.500205504273893
194069_6771-X4023-Y23667_reg.swc,6.29649030520344,7.43329184810381,5.940498686310673,-2.1033303586229284,1.6404990295724353,2.1035890228000094,3.7819972327599816,6.498080948027456,-4.1973993129668425,-4.662226673067002
194069_7166-X5939-Y8426_reg.swc,9.482040184497896,5.236242662568191,-2.723168597456735,0.9092844117370471,-0.03609354716516111,-5.3520458842737195,0.8254601077101447,1.3477463387586357,-0.8448641494239749,-2.48767972197858
194069_7189-X5459-Y8724_reg.swc,6.983847327855284,6.159000756449616,4.421767056771918,-5.587931227232607,0.6021839053157325,0.17200207448796706,4.0113948187590225,8.6082293047678,-5.412242325880472,-4.616352834698764
194069_7216-X3715-Y22464_reg.swc,8.218641526000093,6.0614789706548375,2.14685305206081,0.2960014521709258,1.7191125475198494,-2.507723954607476,2.959454056282883,2.1248390705211255,-3.6543986917079105,-4.569609822137183
194069_7313-X3495-Y20668_reg.swc,10.264709290699574,9.14281154541371,1.6434330208152956,-0.9543617691320779,1.9659943328752203,-1.326086744706263,6.463029010128647,4.043578970546143,-3.703397075461038,-6.206805187520437
194069_7382-X3692-Y22255_reg.swc,9.080430944588889,9.751160335587679,4.633210192659069,-3.2929810502451664,2.9369222253472227,0.20586752397726737,7.727338922457776,6.9012259787186965,-5.39355091020084,-6.6247961936748325
194069_7406-X4443-Y11111_reg.swc,5.129844910304,4.186534714666414,4.526660201263983,-2.1326624460129566,-0.4646080717327174,0.7457351295179999,0.5523202082414608,6.425646557699167,-2.9134407696051365,-2.9864731058124967
194069_7408-X5410-Y9170_reg.swc,5.435447849843188,5.943493515749687,3.3522803037296844,-3.2195394333809664,-0.3487982385976167,-0.4086167579729688,3.639017539694381,6.444273119588366,-5.206431703202892,-4.282483637104453
194069_7499-X4635-Y10487_reg.swc,4.597339589475484,2.4115156779291387,4.157242423843051,-3.8664148882288174,-2.096552082598671,0.05269801313531447,-1.147001375970249,7.538755954737632,-5.833340921044368,-0.5043356536421797
194069_7541-X6312-Y7823_reg.swc,4.176171534004056,5.980445405208831,8.281135327608698,-8.988134099593719,0.6624992159056899,1.7378358665660159,4.523342667769633,9.374315254617683,-4.942014380061643,-6.253484868493013
194069_7629-X6739-Y7566_reg.swc,8.568245625350368,3.521832633904847,-1.4433853366200935,-0.8779178203643628,-3.8295719652675855,-2.2115417324784823,-0.7634815808347843,6.348919606325671,-1.912612834691187,1.267509221653259
194069_7724-X4289-Y23661_reg.swc,7.3875981781698234,6.650355240094195,6.18670516696717,-6.48712133235566,1.6386304941325212,0.4854219375796023,5.00343597648795,8.205437680711304,-4.828005770710341,-5.1150802441366485
194069_7827-X3508-Y20244_reg.swc,1.1805982729358528,-3.519088438996528,0.01669812871800125,-0.1412509526420126,-3.1850757977484117,-5.8863436460627145,-7.240423530030111,-0.5535895906210941,-8.638608321735797,-2.3220773286682217
194069_7890-X3746-Y21746_reg.swc,8.352682410071287,6.421532953913439,3.961214398286873,-4.731725339795444,-0.24626482742900194,0.4790733044653548,3.7923462567373587,8.257407289864352,-5.650725457416637,-3.9346489021607987
194069_7949-X5085-Y10196_reg.swc,5.5129496711120005,4.011711830156963,6.304361836493181,-5.284456661502078,0.20955690039510064,0.16054577205329004,1.0815099801387182,8.02274259682339,-3.9389879950780005,-4.956186336546839
194069_7960-X3680-Y21513_reg.swc,6.9823754741793325,3.4447286325180397,1.1888729174407942,-3.4704770797098736,-1.478381148440283,-2.220849202657251,-0.5644503106287501,6.172185734641604,-0.6168417014748213,-1.3067005882932978
194069_8027-X4187-Y22761_reg.swc,6.773158991018369,6.87363565010317,4.505068138437646,-5.8237673651341035,0.39518381836700284,1.2784731542354457,6.003643491638033,9.354727712271558,-5.1986532712312,-3.774465117361621
194069_8053-X5370-Y24809_reg.swc,7.042347396582716,4.754088703761632,4.190469950561717,-4.907971550772058,-0.45955514688952237,0.027507056306436878,3.0425041837455855,8.23264399882936,-5.027806002095931,-3.2302895171488397
194069_8063-X5880-Y9133_reg.swc,4.16640900413075,2.378856637487964,4.185701773259889,-3.681368274588126,-1.1093532728251922,-0.8434600921155364,-1.065072640785162,5.8596877928320446,-3.956050239964064,-3.629500368204149
194069_8151-X5946-Y25268_reg.swc,-0.698154911586601,-2.9048961503769446,1.701069933737781,-2.107011344954736,-3.5738985072940026,-4.625912869141619,-6.762794359751449,1.8373025509179506,-8.561538146685088,-4.156892188906361
194069_8220-X4330-Y22689_reg.swc,8.869929916234403,7.132323383868881,4.861055883864027,-6.119081892263878,0.5472125017454295,0.3830216535413707,4.067439720589264,9.109959432675456,-4.26531162660863,-5.907199295547571
194069_8231-X4410-Y22897_reg.swc,5.416655022251883,4.97221124682798,4.507370492375428,-4.771312995154895,-0.6897215685143793,0.18645501296868688,2.353407015669637,7.51196608972778,-5.87584106787403,-5.290676321234754
194079_7452-X4416-Y23624_reg.swc,5.383461229295404,1.4923665308316436,2.930432422523608,-1.7049487889329258,-3.639787442618486,-1.1863646179376715,-4.101323059780974,6.876562754418793,-2.6016270104154984,-1.1386935931822308
194083_6175-X4064-Y8142_reg.swc,2.7747742363257393,-0.5102541246833692,-0.526148965059414,0.4421352581251175,-2.5733675788244543,-4.237479289734601,-4.65349417096088,1.279719704162415,-0.17183301579449337,-0.5010031198862585
194083_6472-X2866-Y11440_reg.swc,2.308046815820083,1.359666689496837,-0.09532201242067398,-2.1828875124656575,-4.693061229518648,-3.7447480882482265,-3.383690116493021,4.891597215934505,-6.5343157283836275,2.0298004222040618
194083_6690-X3219-Y11189_reg.swc,3.8231433540413082,-0.46425923640473965,-0.7083981569987302,-0.0536127380839319,-1.1285801277816863,-5.227512142470138,-5.299563025527343,-0.08144204533102462,-2.142053552240367,-1.4056796185596112
196476_6791-X3395-Y20868_reg.swc,2.8388117266838373,-0.35647497912743276,0.4849478232533646,0.4698486192754622,-0.9302975271002691,-4.327950319309804,-4.635298739432067,0.19713106639975497,-1.9750230207809056,-2.5930678238937173
196476_7159-x4408-y23171_reg.swc,5.036585468107267,1.2924805082425324,-1.158575488023149,-0.5498325575363857,-0.09372057531589917,-5.111828194165915,-3.6459440677377706,-0.1553673420365047,-0.3223298318443951,-2.369465866952158
196476_7565-x3166-y19635_reg.swc,0.83433991495965,-1.6383468443337792,-0.04057076133569604,0.2896320196558472,-2.2779707117051027,-4.324906764627592,-6.1228796953609095,0.4243742550409695,-3.2955019732042663,-0.59660795964784
196476_7607-X3603-Y20075_reg.swc,6.217060332102843,4.530180890397411,-1.9700671716897995,2.039046933012586,1.3134102995470716,-5.520378284676904,1.5685607287296037,-2.670552291590803,-2.9546532912131607,-3.394290054123411
196476_7824-x4173-y21243_reg.swc,10.34263452713937,6.539659616521423,-2.879375250173923,1.4513479614938631,0.7586395238895263,-5.562294550061151,2.027537017550617,-0.5744318177909103,0.45992793868422926,-3.17363701296616
196476_7922-X4174-Y21695_reg.swc,7.433870350762435,2.6729476082650363,-2.464357905471518,0.7974515756506905,-0.5672460016048131,-5.8954354977584025,-1.9894094229368073,0.6305737301707726,1.782784425795383,-1.1894746237031517
196476_8116-X4425-Y9934_reg.swc,5.803109755836327,1.6070099007363046,-1.3206859502028108,0.5809055223117616,-1.4222728667750943,-4.180122362736831,-3.453521441389645,0.9617136062879498,-0.8949662670720215,-1.8943743465105183
196476_8191-X6571-Y6695_reg.swc,4.31307199095099,-0.5377346724019183,-1.4341993461083904,-0.7707635259363927,-2.2425231903568914,-5.0415311265715665,-5.786432408722717,0.5751236221512076,-1.2976169154533612,-1.2230787156063645
196476_8380-x4209-y10481_reg.swc,5.809647176989091,0.8106061819394152,-1.2018458218277521,-1.2551186597201875,-2.609961374193111,-4.853111077641803,-3.908356134651219,3.1849482260052193,0.008857713318455196,-0.14964449278616176
201603_6288-X7138-Y5937_reg.swc,-2.560878803269259,-2.725421549238513,-4.017195586937213,0.6064874893498465,-2.7263932205853285,-7.155943961582533,-6.06377203482371,-2.6657232346935587,1.1665136559635663,0.883679485717787
211541_5773-X16604-Y16219_reg.swc,5.7257441255241615,5.162446315922238,1.8947429306251868,-1.3402627508731089,-1.795745971932968,0.34780734322374013,0.9588494855560188,4.500084549174332,-4.684451487039587,-2.4033637514566983
211541_6633-X16017-Y16343_reg.swc,0.6501083714440478,-1.9233399351627245,-3.326309465645382,1.542731572214536,-1.6125040422292587,-6.5115753901201945,-7.349340436267287,-4.020688345681342,-5.670391052932991,0.14989808934680987
211541_6809-X4199-Y14576_reg.swc,3.9018647479163273,-1.3994553876905773,0.45375331590307366,-0.34141421216136963,-5.188817049483115,-3.215298336327899,-6.1227813370012845,5.857810070366948,-3.563699077331922,1.9670309452832064
211541_6961-X18505-Y15909_reg.swc,4.113738044522566,2.5215640626216556,-4.197683826159272,0.4893887010615062,-1.2489724661846764,-5.783267071621962,-2.2710204381341668,-2.083168850464615,-0.9787688517447597,-2.3123147608712173
211541_7083-X17997-Y16517_reg.swc,6.28185586493149,8.069961301583968,3.9933463269609453,-1.8849166332922482,1.2145373831735404,0.9008665808398264,5.178727190701687,7.314481475842908,-3.7394535805884646,-4.980723694784004
211541_7198-X4422-Y13840_reg.swc,-5.535437796891976,-5.642301074982044,-0.7277761508934824,2.9281915962939244,-3.3812493406135298,-4.539724488395627,-10.856165783556849,-2.8512701123334074,-11.08495162905344,1.1416235965807298
211541_7381-X7249-Y16155_reg.swc,5.1877129162075155,4.228644411701525,4.796340209635215,-6.155028302150787,-0.8516073044479349,0.05079186229085439,1.7823430857599327,9.375181716704716,-5.789167454166005,-3.1040842095496917
211541_7397-X6860-Y15587_reg.swc,3.125708365550484,0.300227455734463,-3.586269440808823,-0.08893535075597052,-3.671809309890917,-7.881021312639775,-4.300406939150329,-0.16166522361287539,-2.4603616069742125,-0.8370454705856967
211541_7408-X19719-Y16313_reg.swc,2.159887977734548,-3.4129082764493672,-0.4799624047066584,0.5656181941511976,-6.2912309335724474,-2.9544998468026558,-7.780478076896819,5.141205117148218,-4.9065819147563685,3.4601991586803735
211541_7642-X7572-Y16296_reg.swc,4.154857026113872,2.554794839507266,4.73253524780561,-3.930550625506142,-0.9881770512404053,0.01032318736692417,0.05369839028098444,8.456821707680628,-2.817661954544669,-1.0926381243486993
211541_7867-X20439-Y14832_reg.swc,-5.886265302484369,-6.6357260549534764,-1.7952367022924391,1.8752702246578818,-4.896700439963506,-6.355216047950777,-11.473065416352632,-1.9784134224562093,-9.458284661648824,1.8497142423129551
211541_8004-X20499-Y15083_reg.swc,5.644453839257657,4.503842701025545,3.663042247110356,-0.565037971644661,-0.06121086563628253,-0.13425329633795735,1.116476717861442,6.304666067999428,-3.96263781783424,-1.937768225811889
211550_6674-X20158-Y16621_reg.swc,8.088395634854,7.691019143392007,4.83156355459448,-1.8435882798129706,1.310328452062293,-0.378457143348765,4.420654724073493,6.544385451294419,-4.358599465748042,-5.783624227383872
211550_6721-X20655-Y16337_reg.swc,6.981421017929282,7.334137950926918,3.90310765886138,-0.8041448279019681,1.1623032632917272,0.14133030695525406,3.3233847134094883,5.720146058050997,-6.01663086692139,-4.090010299540605
211550_6742-X19175-Y17279_reg.swc,6.612304344744607,4.666416428373696,2.5654432311741284,-0.9949554167948442,-1.3729014590015376,-0.4076850827076189,1.1200009874375514,6.692537258846835,-5.232108309292973,-2.1464793892925673
211550_7524-X21483-Y15565_reg.swc,4.86131660474083,3.179263195472116,2.88923442679058,-2.0240474226283074,-2.6044293082717154,-1.0397318462230067,-0.8586559153553509,6.713435326140855,-4.109469540967743,-1.5220157674047345
211550_7555-X20812-Y16162_reg.swc,7.592977727483272,4.323368185773338,3.010527773293392,-3.853559984483218,-1.1347321304268598,-0.5726741448720241,-1.3165899444663356,7.185563182918983,-2.8900184858422735,-3.0570166023953336
211550_7718-X19461-Y16950_reg.swc,5.042769923568491,1.7455312005160533,0.9001358947344001,-0.9969045737608848,-3.7246088312441636,-1.6314628118075443,-2.8661176068650263,5.4918005948019815,-1.8916402651745772,0.6751409145835603
211550_7772-X7691-Y18498_reg.swc,7.888866968105136,4.346758064884657,1.697260894380713,-3.3374023188339987,-1.815650387785552,-1.7122803198019945,-0.19131994198372282,5.289956565529167,-1.687314618432473,-4.012054324020728
211550_7942-X7116-Y18251_reg.swc,6.71962215474735,3.4142132127709113,2.8891069812866617,-3.853954150023115,-1.6403859346197485,-0.6958564334326992,0.07188477757507084,8.993226388719805,-3.4326313875822536,-0.6723754516382212
211796_6490-X17276-Y17066_reg.swc,4.575133756689711,3.26638059502788,0.08090646957074435,-0.9277834498106646,-3.984368770194795,-1.735443735372455,-1.0657190303389301,6.568146189728637,-4.930061616467201,-1.208133451400026
211796_7238-X7037-Y16980_reg.swc,5.496821115929379,3.0035163020565947,3.1765405288313198,-5.458915817268432,-3.1763576323952414,-0.6702919638907162,0.058154187383511746,8.439293861483659,-6.49961887188851,-1.6491852405517546
211796_7334-X21168-Y15440_reg.swc,4.623099229189139,3.988507721708825,4.361557827929631,-3.8607425443697396,-1.9470096905827603,0.15405393098826406,0.2992341295745131,7.923297672953363,-4.538030966060577,-1.675840770371071
211796_7385-X18532-Y16902_reg.swc,4.005104077654837,0.8272151876402686,3.307773737461559,-1.1355374863800645,-2.9822059639532177,-0.32394431834819604,-3.8641267182381838,5.8758345514618675,-3.85494116621909,1.1067445667102966
211796_7534-X18739-Y16699_reg.swc,4.362649706634766,1.372179511533948,3.677057786422705,-4.698391000347349,-2.494671762485771,-0.6864347834730236,-3.4673223814389593,6.682586633192251,-5.46437718286486,-1.3353440570477866
220307_6913-X8802-Y21284_reg.swc,5.636495989414127,3.4432571726090018,-1.7531239326772108,-1.8338092366269263,-5.314403230136137,-2.043291647734345,-1.825085020965793,6.160228993319208,-3.3457648147655488,-1.088227109380079
220307_7080-X19635-Y21599_reg.swc,2.518659591966184,0.16449263860175456,-1.0343782952915601,0.2694635888442358,-0.42792299966695,-5.550753600137432,-4.358591337902225,-1.4147441909715879,-1.971521247644663,-1.951902639556195
220307_7098-X6694-Y19987_reg.swc,3.65461881125498,0.6879652067137454,-1.0089284430365395,-0.11894793188447228,-0.979803650727906,-5.515131811283611,-3.5464377572419883,0.3501984332505589,0.7473031789423601,-2.023030643302247
220307_7116-X8416-Y21177_reg.swc,5.066131867783291,1.422699502851558,0.8664073123427196,-2.0975548833107016,-3.281536987895673,-2.622764661644334,-2.738063541374477,6.196178892552432,-3.5178291579012164,-0.5038534591458146
220307_7229-X18109-Y21959_reg.swc,3.7695129744223834,-0.5093604197353165,-1.9145805621099141,-0.5182584166942787,-1.7428653073416607,-5.353121485148586,-5.391857213205859,0.8226959530688525,0.16698596645121672,-0.8426913018752901
220307_7390-X9129-Y21344_reg.swc,2.850562980425459,0.6790429066599291,1.121823694231356,-0.8421409998895276,-5.979727273675108,-1.789204664311454,-4.507380011428729,6.851338973351643,-5.691650726763312,0.31011977112499256
220307_7919-X20996-Y20456_reg.swc,5.199045770223812,1.4480678557731426,-1.5307431313906683,0.06967465249906006,-1.2860465040090125,-4.881911319816625,-3.8472177928004836,0.7076761624649257,-0.41921587839212665,-1.5291158707022672
220307_8198-X20188-Y20372_reg.swc,6.785495692646813,1.4454650655478019,-2.5649006402187404,-0.1907724196971426,-1.464984762817221,-5.4350295530060455,-3.719077568554632,0.3536786045012209,0.08504157124303582,-1.1312086233179894
220308_6054-X20031-Y16355_reg.swc,7.304006074999064,3.555944889657289,-2.8135370346531903,-0.034571026313943036,-1.8677145507703299,-5.712837958030189,-0.9482003867851054,0.9492778872630776,0.6482121143535524,-1.8591516201848506
220308_6492-X9152-Y16947_reg.swc,6.2859849307383335,0.8616863096925915,-2.5279824968671365,-1.4718214658826212,-1.9001660901822965,-5.512309528508039,-4.39923906136115,0.45228785871584787,0.1413520596778602,-0.7323157937132863
220308_6541-X9681-Y17291_reg.swc,6.371714225930529,1.6634347396265436,-1.3737261704101325,-1.0792654536485171,-2.8458568626884198,-5.5338830273352375,-2.6127933951250384,4.011715187212625,-1.332800816326475,0.19794981931862976
220308_6638-X10400-Y17315_reg.swc,8.274957630163776,5.967557022795189,-3.1318360944062325,-0.260001139631593,-3.319609165137565,-3.8304028474489087,0.7018522058591996,5.361795448094343,0.41288607973771213,-1.0955397926024009
220308_6660-X23024-Y15563_reg.swc,5.514932563180109,4.182617842251648,2.8594381031775065,-1.859830160065639,-2.6942701772005813,-0.5233284966987286,-0.46879876908066176,5.90732363965877,-4.624417762174469,-3.8268615962446613
220308_6702-X23195-Y15415_reg.swc,5.415066994296118,2.5862262445996675,1.885371728953855,-1.0799153323990713,-1.5267064545280427,-1.967318611697682,-1.3359557384063798,4.42373404240778,-3.2567733070972364,-2.226105993783911
220308_6723-X23664-Y14930_reg.swc,5.025926839579952,3.4384579022830755,0.4093142693201634,-0.03208804748221748,-1.788683776014517,-2.5537440059972294,-0.9384130997103499,4.27141826697575,-1.4273450325326953,-1.8482976490791538
220308_6761-X10353-Y16971_reg.swc,-3.100933060336646,-3.5301127607773832,-2.2993165335618557,1.1809289363203388,-2.9794945049928647,-4.839401053702591,-8.769667195566285,-4.168892231379761,-10.901097133917864,0.28305193486391633
220308_7065-X21542-Y16233_reg.swc,7.74559497486672,2.2732440164062266,-1.9323640348779905,0.4124920630199682,-2.25061541875284,-4.399295543280466,-1.9778163636195114,2.288800537061922,-4.31912935245746,-0.48540019496713716
220308_7099-X22371-Y15536_reg.swc,10.287237156858957,4.677218743859257,-3.434468870951881,0.7055788541524354,-0.1628380152978206,-6.32375329202794,-0.321772258111248,-0.655846999007152,0.5293460385195323,-3.163557898043057
220308_7209-X6269-Y16507_reg.swc,1.5584441407631062,-3.5605177902851883,-0.5607098068628485,-0.6482995449287317,-6.869761258386232,-3.2402008399178377,-7.214440603502297,6.045159672071414,-3.2185630959749503,4.3501290345350325
220308_7210-X22027-Y15603_reg.swc,10.093477697752128,4.514479733705773,-3.6969950208809266,0.6026681545615509,0.7372049918283308,-6.990393657863043,-0.3101688491327625,-0.8521885765130609,0.21778076987323167,-1.9010815273080888
220308_7775-X8240-Y16877_reg.swc,6.178270815692299,-0.7251110945630246,-2.929255439869529,-0.1709905032355977,-5.711881092893094,-4.256213046780976,-5.598266107280596,4.311009404155458,-1.6281032079314792,2.5659213173804183
220308_7820-X21073-Y15878_reg.swc,8.519387344175618,3.9022230715782804,-2.8287044321718064,1.1175025917112045,-0.4090636661215421,-6.027757254672212,-1.2059338741026417,0.49762588582710565,-1.0948918345401266,-1.9722031413848131
220308_7875-X22200-Y14877_reg.swc,4.989113236778427,2.0098750073039913,-1.558243565134836,0.7812941614150438,-0.4973058101260648,-5.96271482982463,-2.3770846207090504,-1.1329033662743755,-0.546329820404767,-2.2288716432613476
220308_8021-X22273-Y14515_reg.swc,3.2547104447019084,1.3544403058796608,-1.4018578739598957,0.1383639987408688,-1.3010723654266934,-5.647816029508988,-3.5055980745729047,0.3091960162926074,-0.26233680445751073,-1.408271501131638
220309_5824-X3486-Y10261_reg.swc,3.3980139075782687,2.202482312107816,-0.7087862295694667,-1.423321694657768,-3.9619057086651432,-3.693045977853105,-2.1187484285291545,2.479547651081891,-4.997153030144427,-2.30538843381287
220309_6744-X9496-Y18547_reg.swc,1.6772744751273743,-2.997312974355961,1.8633798963797308,-1.5780525816815505,-5.903146768677893,-0.7737703159822498,-6.69789769024021,6.785150034045948,-5.81134935354384,3.756314235004718
220315_6442-X7542-Y17434_reg.swc,-1.3234455957491955,-4.610751505645819,0.1968643710903459,-0.2621295300718036,-6.8929130157812954,-4.136244771497231,-8.39335369850308,3.06451466709859,-7.527106143142521,2.0389618389619444
221686_5481-X4093-Y13144_reg.swc,-4.538688675828904,-2.423207967935653,-2.251153081446363,2.058124273857206,-4.315916442091865,-4.593166183084693,-8.35340622659245,-0.9471072447878613,-7.784036026674837,-1.7748312976521614
