,specimen_id,sweep_number,stim_amp,tau
0,989409283,4.0,-30,0.013118410164456666
1,989409283,5.0,-50,0.012528229509985665
2,989409283,6.0,-70,0.010355123952255577
3,989409283,7.0,-90,0.009021445922940071
4,989409283,8.0,-110,0.008271951281249877
5,989409283,10.0,-110,0.008488064505769208
6,989409283,17.0,60,0.025588807345274227
7,919109645,4.0,-30,0.013692885848719586
8,919109645,8.0,-50,0.009702054831373387
9,919109645,9.0,-70,0.008399450388812678
10,919109645,11.0,-90,0.007278927229498073
11,919109645,13.0,-110,0.0073206016909122765
12,919109645,27.0,110,0.03677082834222051
13,893603853,4.0,-30,0.015028991008991235
14,893603853,5.0,-50,0.013183241544555102
15,893603853,6.0,-70,0.012455618527202504
16,893603853,7.0,-90,0.011880844555218718
17,893603853,9.0,-110,0.010900186086904257
18,893603853,17.0,70,0.03805987567640712
19,972447764,5.0,-30,0.015794441971438207
20,972447764,8.0,-50,0.01425425774419478
21,972447764,9.0,-70,0.013206873736459634
22,972447764,10.0,-90,0.011570855812353883
23,972447764,11.0,-110,0.011364574958401553
24,972447764,17.0,60,0.04010352168176382
25,972537876,4.0,-30,0.019116959176762913
26,972537876,5.0,-50,0.015470692389078458
27,972537876,8.0,-70,0.014936733275420165
28,972537876,9.0,-90,0.014626092500037852
29,972537876,11.0,-110,0.013461329550810275
30,972537876,13.0,-110,0.015438474376220729
31,972537876,23.0,40,0.05078682193074789
32,972537876,25.0,40,0.05551024278446824
33,893366298,4.0,-30,0.022507740363388953
34,893366298,5.0,-50,0.02166718185228345
35,893366298,6.0,-70,0.018827146806593358
36,893366298,7.0,-90,0.017321220221203013
37,893366298,8.0,-110,0.01700830084079661
38,893366298,13.0,50,0.05694891627100329
39,893366298,16.0,40,0.044439118414522416
40,893366298,17.0,42,0.046102348462074824
41,893366298,18.0,44,0.05061753482795293
42,893366298,19.0,46,0.0587188416989187
43,893366298,20.0,48,0.051650482298839624
44,893366298,31.0,40,0.05095344229454886
45,893366298,32.0,42,0.05052416098852276
46,893366298,33.0,44,0.05763740250484564
47,893366298,34.0,46,0.07644145061586032
48,895557666,4.0,-30,0.015695511840156714
49,895557666,5.0,-50,0.014343099410407454
50,895557666,6.0,-70,0.013286277854260327
51,895557666,7.0,-90,0.012296328067651434
52,895557666,8.0,-110,2.4254384033182454e-05
53,895557666,16.0,80,0.04764220305547418
54,742940722,4.0,-30,0.016139298817010053
55,742940722,5.0,-50,0.014355634837587406
56,742940722,7.0,-50,0.013807841563182256
57,742940722,8.0,-70,0.013423499156687942
58,742940722,14.0,60,0.03447007682678163
59,922742835,4.0,-30,0.019131516204594252
60,922742835,6.0,-30,0.02064327050499638
61,922742835,7.0,-50,0.018339145447064182
62,922742835,9.0,-50,0.016395953692282205
63,922742835,10.0,-70,0.016482827411666425
64,922742835,11.0,-90,0.014687458761883392
65,922742835,13.0,-90,0.013391225828504555
66,922742835,14.0,-110,0.013144311117811907
67,922742835,27.0,160,0.032346685273261955
68,922742835,47.0,160,0.02043755194021306
69,922742835,49.0,160,0.023911704574290493
70,922742835,50.0,170,0.025130099791059655
71,922742835,51.0,180,0.029863489525484944
72,922742835,52.0,190,0.03054121573524971
73,922742835,53.0,190,0.031196929280991124
74,922742835,54.0,160,0.0233723640972545
75,922742835,55.0,170,0.022797295997136705
76,922742835,56.0,180,0.024546367354712814
77,964894772,4.0,-30,0.015211765607548194
78,964894772,5.0,-50,0.014298243106150842
79,964894772,6.0,-70,0.012757399466068206
80,964894772,7.0,-90,0.011897166739950659
81,964894772,8.0,-110,0.011281058007388253
82,964894772,16.0,80,0.04430900944197352
83,763994181,4.0,-30,0.024497950322213826
84,763994181,6.0,-30,0.019478633889390733
85,763994181,7.0,-50,0.015610722703448633
86,763994181,8.0,-70,0.015969783514518266
87,763994181,22.0,120,0.042416245113354234
88,896897092,4.0,-30,0.013532669929176597
89,896897092,5.0,-50,0.012604816279939157
90,896897092,6.0,-70,0.01062215469750456
91,896897092,7.0,-90,0.010167450652782978
92,896897092,8.0,-110,0.009141050402106141
93,896897092,17.0,90,0.031572398729512674
94,972419157,4.0,-30,0.011615654257749249
95,972419157,5.0,-50,0.011409384116362711
96,972419157,17.0,-30,0.01604589036741218
97,972419157,18.0,-50,0.01328557090198865
98,972419157,20.0,-50,0.014584236464304833
99,972419157,22.0,-70,0.014445709264386224
100,972419157,23.0,-90,0.013070758471027656
101,972419157,24.0,-110,0.011844947741556752
102,972419157,29.0,50,0.03233904831413673
103,972419157,30.0,52,0.03385122431284523
104,972419157,31.0,54,0.034241267096093285
105,972419157,32.0,56,0.04631171095200094
106,972419157,34.0,58,0.03228021505985628
107,972419157,35.0,60,0.03367504839261682
108,972419157,36.0,62,0.033683860650724
109,972419157,37.0,64,0.0388726746404833
110,972419157,52.0,-30,0.021543753179921823
111,972419157,53.0,-50,0.01986432167862842
112,972419157,54.0,-70,0.016257241853591915
113,972419157,55.0,-90,0.015651664163051297
114,972419157,56.0,-110,0.014446013744036076
115,972419157,62.0,60,0.0439233735300852
116,636784746,4.0,-110,0.012051888693836705
117,636784746,5.0,-70,0.014653809238825775
118,636784746,6.0,-30,0.01843680781073998
119,636784746,7.0,10,0.01994556294313674
120,636784746,8.0,50,0.02712743869614915
121,636784746,10.0,60,0.029708481993540977
122,636784746,42.0,-110,0.013108057735507382
123,636784746,43.0,-90,0.013862118340072954
124,636784746,44.0,-70,0.014843772132346682
125,636784746,45.0,-50,0.016526810937427732
126,636784746,46.0,-30,0.018614289479003357
127,636784746,47.0,-10,0.02112837752293005
128,636784746,48.0,10,0.021038118633053993
129,636784746,49.0,30,0.0230588058747255
130,636784746,50.0,50,0.023354157983264224
131,636784746,51.0,70,0.02442891475402937
132,636784746,52.0,90,0.0295695303963241
133,646836355,4.0,-110,0.01010448630521909
134,646836355,5.0,-90,0.009207084091803007
135,646836355,6.0,-70,0.010582238706066057
136,646836355,7.0,-50,0.012543189183569274
137,646836355,8.0,-30,0.01721061600843485
138,646836355,11.0,60,0.025486556956775742
139,740290698,5.0,-30,0.017085727665993908
140,740290698,6.0,-50,0.014861299214063898
141,740290698,7.0,-70,0.013294399851424575
142,740290698,13.0,60,0.03213263728279679
143,965591192,4.0,-30,0.013467461304231142
144,965591192,5.0,-50,0.012882318704383632
145,965591192,6.0,-70,0.011392280298693016
146,965591192,8.0,-90,0.010208517358912315
147,965591192,9.0,-110,0.009687467671957233
148,965591192,15.0,60,0.03097757868384608
149,716779804,4.0,-110,0.014633998905611451
150,716779804,5.0,-90,0.016086125846408107
151,716779804,6.0,-70,0.018209278189622254
152,716779804,7.0,-50,0.02033790478820139
153,716779804,8.0,-30,0.023140335467595953
154,990347572,4.0,-30,0.018418773657464818
155,990347572,6.0,-50,0.012780646665720109
156,990347572,7.0,-70,0.012608891480481983
157,990347572,8.0,-90,0.011126981445000695
158,990347572,9.0,-110,0.012020311671013924
159,990347572,18.0,100,0.035703134565966174
160,990347572,22.0,90,0.040718718801459386
161,853868880,4.0,-30,0.028271422772537653
162,853868880,6.0,-50,0.024682751712139295
163,853868880,7.0,-70,0.019298452403594006
164,853868880,8.0,-90,0.01764210885996116
165,853868880,9.0,-110,0.01621718300753917
166,853868880,18.0,30,0.06003812300840663
167,921710929,4.0,-30,0.023419898499348214
168,921710929,5.0,-50,0.021474087024856214
169,921710929,6.0,-70,0.019378024168465877
170,921710929,8.0,-70,0.018907427684891457
171,921710929,9.0,-90,0.016982394595894
172,921710929,10.0,-110,0.016258636132513438
173,921710929,17.0,70,0.039086064161413275
174,990548306,4.0,-30,0.013922637334185833
175,990548306,5.0,-50,0.012661477109369554
176,990548306,6.0,-70,0.011592699319582336
177,990548306,7.0,-90,0.009990069023746063
178,990548306,8.0,-110,0.009641676961951853
179,990548306,16.0,80,0.03251790076706946
180,972443999,4.0,-30,0.022390577137766224
181,972443999,5.0,-50,0.01602550856378047
182,972443999,7.0,-70,0.015405145743385163
183,972443999,8.0,-90,0.013649717512323325
184,972443999,9.0,-110,0.01297448306845503
185,972443999,18.0,20,0.042303351640280255
186,972443999,19.0,22,0.054809497792905115
187,907465109,4.0,-30,0.01705751785196982
188,907465109,5.0,-50,0.017330557359400693
189,907465109,6.0,-70,0.015015025279682688
190,907465109,8.0,-70,0.01543423585818114
191,907465109,9.0,-70,0.0144002134288383
192,907465109,10.0,-90,0.012657257038447155
193,907465109,12.0,-90,0.012114703070286191
194,907465109,13.0,-110,0.012513363185196571
195,907465109,19.0,50,0.03633127571486446
196,973832650,5.0,-30,0.011242627057562198
197,973832650,6.0,-50,0.012560162727314233
198,973832650,7.0,-70,0.01179625685936164
199,973832650,8.0,-90,0.011104214308615277
200,973832650,9.0,-110,0.010310501390324394
201,973832650,10.0,-30,0.016216294441824708
202,973832650,11.0,-50,0.015158259085648322
203,973832650,12.0,-70,0.014689256319146925
204,973832650,13.0,-90,0.01448672074900091
205,973832650,14.0,-110,0.012941786603013953
206,973832650,20.0,170,0.02647521433224143
207,882733530,4.0,-30,0.014011554004538473
208,882733530,5.0,-50,0.012351185378936628
209,882733530,6.0,-70,0.010681503205552481
210,882733530,7.0,-90,0.010027890904329281
211,882733530,8.0,-110,0.010108244826247963
212,882733530,17.0,90,0.039961484673592756
213,969200089,4.0,-30,0.014016061375010469
214,969200089,5.0,-50,0.013194678705591344
215,969200089,6.0,-70,0.012690811967294753
216,969200089,7.0,-90,0.012044998020965677
217,969200089,8.0,-110,0.011849239620782295
218,969200089,14.0,60,0.03118149964190165
219,916627946,4.0,-30,0.01858305948828912
220,916627946,5.0,-50,0.015100886253232559
221,916627946,6.0,-70,0.015154499851421647
222,916627946,8.0,-70,1.6935532103117684e-05
223,916627946,9.0,-90,0.013454154306626357
224,916627946,10.0,-110,0.012522411647843236
225,916627946,17.0,70,0.05005970432104881
226,916627946,39.0,-30,0.015686089309414113
227,916627946,40.0,-50,0.01611412597947249
228,916627946,41.0,-70,0.01532914841433456
229,916627946,42.0,-90,0.01320234695411854
230,916627946,43.0,-110,0.012665759511186944
231,916627946,50.0,70,0.04400689153073247
232,742019567,4.0,-30,0.01104414679986371
233,742019567,5.0,-50,0.009316836919751936
234,742019567,6.0,-70,0.008630368513245753
235,742019567,12.0,60,0.021951364150609005
236,912085494,4.0,-30,0.011624344114275199
237,912085494,5.0,-50,0.010683242321949534
238,912085494,6.0,-70,0.009634136330972211
239,912085494,7.0,-90,0.00932084443746323
240,912085494,8.0,-110,0.009108500417951132
241,912085494,21.0,130,0.02646592455026022
242,962105846,4.0,-30,0.01662459465619972
243,962105846,5.0,-50,0.015180759226801805
244,962105846,6.0,-70,0.012711154491561375
245,962105846,7.0,-90,0.011509693572070085
246,962105846,8.0,-110,0.011719872070022922
247,962105846,15.0,70,0.029269820768693455
248,962105846,16.0,80,0.03204588085507747
249,867742255,4.0,-30,0.00977317204878827
250,867742255,5.0,-50,0.008897354518165094
251,867742255,6.0,-70,0.008297037507934672
252,867742255,7.0,-90,0.010023737753417689
253,867742255,8.0,-110,0.008241444597834451
254,867742255,17.0,130,0.013452098263687979
255,947139142,4.0,-30,0.031603924533961374
256,947139142,5.0,-50,0.01706061111575147
257,947139142,6.0,-70,0.0159967246798493
258,947139142,7.0,-90,0.015269632530984427
259,947139142,9.0,-30,0.019120730817430927
260,947139142,10.0,-50,0.01767491090445345
261,947139142,11.0,-70,0.01633775077644034
262,947139142,12.0,-90,0.01569369299529911
263,947139142,14.0,-90,0.015133696358630457
264,947139142,15.0,-110,0.01521370019509887
265,947139142,24.0,90,0.03508929595057743
266,921637459,4.0,-30,0.016502559845218003
267,921637459,5.0,-50,0.01423084734918382
268,921637459,6.0,-70,0.012851444013995248
269,921637459,7.0,-90,0.012374169187973823
270,921637459,8.0,-110,0.012707374374072784
271,921637459,16.0,80,0.03647648230666265
272,1000612469,5.0,-30,0.03101032150228769
273,1000612469,6.0,-50,0.02590703538302858
274,1000612469,7.0,-70,0.02340694369497504
275,1000612469,8.0,-90,0.021234741000658742
276,1000612469,9.0,-110,0.020163963808728036
277,1000612469,15.0,60,0.041678159272648126
278,898929277,4.0,-30,0.010222453339130367
279,898929277,5.0,-50,0.009125329791164868
280,898929277,6.0,-70,0.00871909453695657
281,898929277,7.0,-90,0.007978544604943636
282,898929277,8.0,-110,0.007906431058253139
283,898929277,16.0,110,0.021028550082322957
284,896053888,4.0,-30,0.011520940075954398
285,896053888,5.0,-50,0.010328441148843022
286,896053888,6.0,-70,0.00979833699381431
287,896053888,7.0,-90,0.009293131012616964
288,896053888,8.0,-110,0.008493696596142969
289,896053888,16.0,100,0.029632649935063045
290,880784016,4.0,-30,0.014374777850171824
291,880784016,5.0,-50,0.013910180212377738
292,880784016,6.0,-70,0.014265546274550428
293,880784016,7.0,-90,0.012190629188545684
294,880784016,8.0,-110,0.011602196484721865
295,880784016,17.0,90,0.03174395202503212
296,912896677,4.0,-30,0.016287505999950217
297,912896677,5.0,-50,0.013857644911524414
298,912896677,6.0,-70,0.012561926900217317
299,912896677,7.0,-90,0.010642271447489018
300,912896677,8.0,-110,0.010191982950996268
301,912896677,14.0,60,0.038485395558432486
302,966873774,5.0,-30,0.0134815211949105
303,966873774,6.0,-50,0.011382481587444064
304,966873774,7.0,-70,0.010315394867885942
305,966873774,8.0,-90,0.009712792952342522
306,966873774,9.0,-110,0.00920635824782979
307,966873774,18.0,70,0.02815730068907473
308,989479628,4.0,-30,0.011609023503642027
309,989479628,5.0,-50,0.011648820178604871
310,989479628,6.0,-70,0.01037076149789196
311,989479628,7.0,-90,0.009588369606507594
312,989479628,8.0,-110,0.009251408964260341
313,989479628,15.0,250,0.01768449276691124
314,989479628,16.0,280,0.014290864934469608
315,973771485,4.0,-30,0.015586713583044162
316,973771485,5.0,-50,0.013643336825780665
317,973771485,6.0,-70,0.015776818936825827
318,973771485,7.0,-90,0.013450940972350466
319,973771485,9.0,-90,0.016626683168036418
320,973771485,10.0,-110,0.014754087296222079
321,973771485,22.0,150,0.04068439605811775
322,906568427,4.0,-30,0.015108341933802148
323,906568427,5.0,-50,0.012852149668408452
324,906568427,6.0,-70,0.012499943783843299
325,906568427,7.0,-90,0.011872621117235312
326,906568427,8.0,-110,0.01195987455052155
327,906568427,18.0,130,0.03464969354887279
328,820060969,4.0,-30,0.011385596621127697
329,820060969,5.0,-50,0.009607289364026208
330,820060969,6.0,-70,0.008987136655658123
331,820060969,7.0,-90,0.008697767392003836
332,820060969,8.0,-110,0.00783985950141906
333,820060969,15.0,70,0.025117956945131498
334,639996724,4.0,-90,0.01598357141618985
335,639996724,5.0,-70,0.01757507643959375
336,639996724,6.0,-30,0.025761038409154335
337,639996724,8.0,10,0.0211044057146413
338,639996724,9.0,20,0.022608881012284424
339,900985661,5.0,-30,0.019518838550905394
340,900985661,12.0,-30,0.0249178068378319
341,900985661,14.0,-30,0.02564074591322744
342,900985661,15.0,-50,0.021756567089587616
343,900985661,16.0,-70,0.0182520777798857
344,900985661,17.0,-90,0.017363790043602396
345,900985661,18.0,-110,0.016166008387693283
346,900985661,27.0,30,0.05387556921634444
347,636851021,4.0,-110,0.0113434618025852
348,636851021,5.0,-70,0.01262346204362549
349,636851021,6.0,-30,0.01818425701315855
350,636851021,7.0,10,0.03464524075733006
351,636851021,10.0,20,0.05215460100061654
352,636851021,31.0,-110,0.015248113809990015
353,636851021,32.0,-90,0.017114508436265698
354,636851021,33.0,-70,0.01883838634638105
355,636851021,34.0,-50,0.019015465993974256
356,636851021,35.0,-30,0.024614134173649965
357,636851021,36.0,-10,0.02793465724336673
358,636851021,37.0,10,0.041758588562775256
359,636851021,38.0,30,0.04634474104410736
360,896619350,4.0,-30,0.015759448892930406
361,896619350,5.0,-50,0.014120188806869934
362,896619350,6.0,-70,0.01222514128518939
363,896619350,7.0,-90,0.011565835952729791
364,896619350,8.0,-110,0.010130924367746898
365,896619350,13.0,50,0.03328508313357744
366,966849374,4.0,-30,0.029380886467321735
367,966849374,5.0,-50,0.024171458824027468
368,966849374,6.0,-70,0.022501654480781744
369,966849374,7.0,-90,0.020544233804434965
370,966849374,8.0,-110,0.019759673817766894
371,966849374,20.0,40,0.055662770310920706
372,966849374,23.0,46,0.07429194620434258
373,1054139238,8.0,-30,0.03366001649777296
374,1054139238,9.0,-50,0.031053672495325625
375,1054139238,10.0,-70,0.025941897023307264
376,1054139238,11.0,-90,0.023064903838713506
377,1054139238,12.0,-110,0.021561791210683433
378,1054139238,17.0,50,0.07049118060440815
379,1054139238,18.0,52,0.06884165376960355
380,1054139238,19.0,54,0.07080089836245865
381,1054139238,21.0,56,0.07692111055909369
382,1054139238,23.0,58,0.09108883165433392
383,1054139238,28.0,60,0.08732731457921235
384,837673842,4.0,-30,0.022566422140740287
385,837673842,5.0,-50,0.01820468960794815
386,837673842,6.0,-70,0.0168643355213169
387,837673842,7.0,-90,0.01557673963178924
388,837673842,9.0,-90,0.01876891073965961
389,837673842,10.0,-110,0.0173056956004452
390,837673842,17.0,50,0.04970822586305793
391,882275192,34.0,-30,0.012082347432707783
392,882275192,35.0,-50,0.011326291903415641
393,882275192,37.0,-50,0.013979665672764827
394,882275192,38.0,-70,0.01374217842393831
395,882275192,39.0,-90,0.012708646670287338
396,882275192,40.0,-110,0.012402854778540164
397,882275192,49.0,120,0.03059122058005654
398,740410280,4.0,-30,0.019129875478002666
399,740410280,5.0,-50,0.016252465913394527
400,740410280,6.0,-70,0.015507152160951259
401,740410280,14.0,60,0.03604217810890799
402,644920260,4.0,-90,0.00937845026130275
403,644920260,5.0,-70,0.010883537532550579
404,644920260,6.0,-30,0.018014528933497476
405,644920260,11.0,30,0.04282365764639297
406,965542873,5.0,-30,0.026124067064386046
407,965542873,6.0,-50,0.02317393953699609
408,965542873,7.0,-70,0.02159300587156504
409,965542873,8.0,-90,0.020162976190299543
410,965542873,9.0,-110,0.018498416035951776
411,965542873,14.0,50,0.055113817440946074
412,965542873,15.0,52,0.05054089465970461
413,965542873,16.0,54,0.059413475200163886
414,965542873,17.0,56,0.062101147009743694
415,882770947,4.0,-30,0.014201597067391146
416,882770947,5.0,-50,0.011506682510761567
417,882770947,6.0,-70,0.010576216215403047
418,882770947,7.0,-90,0.010207988802089665
419,882770947,8.0,-110,0.009418252975746387
420,882770947,17.0,90,0.02696731150630162
421,1000625161,4.0,-30,0.022991846872587863
422,1000625161,5.0,-50,0.02094257934632359
423,1000625161,6.0,-70,0.019093512659168664
424,1000625161,7.0,-90,0.019269556236052907
425,1000625161,9.0,-110,0.017610970781347688
426,1000625161,22.0,100,0.047970741067417395
427,698700813,4.0,-110,0.010243812047681688
428,698700813,5.0,-90,0.011223529682321653
429,698700813,6.0,-70,0.012586230349803112
430,698700813,7.0,-50,0.012815565995727328
431,698700813,8.0,-30,0.015310136144456574
432,963322913,5.0,-30,0.019711578192852894
433,963322913,6.0,-50,0.017814950075386728
434,963322913,7.0,-70,0.015959265216760114
435,963322913,8.0,-90,0.016256517643767524
436,963322913,9.0,-110,0.014994491167268266
437,963322913,14.0,60,0.04133406051024797
438,990331949,4.0,-30,0.01897116600328371
439,990331949,5.0,-50,0.01687713216298154
440,990331949,7.0,-70,0.01627229851718236
441,990331949,8.0,-90,0.015186316547280707
442,990331949,9.0,-110,0.01436122228864526
443,990331949,15.0,60,0.03525600674298382
444,907191349,4.0,-30,0.017712733198188665
445,907191349,5.0,-50,0.012866650383601541
446,907191349,6.0,-70,0.01424986664535698
447,907191349,7.0,-90,0.012743493147366922
448,907191349,8.0,-110,0.011593183802507913
449,907191349,17.0,110,0.05126456979025312
450,648115263,4.0,-110,0.014498876383354956
451,648115263,5.0,-90,0.015487069357705937
452,648115263,6.0,-70,0.016464784436059747
453,648115263,7.0,-50,0.018648754571792745
454,648115263,8.0,-30,0.02146156710599521
455,648115263,12.0,70,0.06903834005247379
456,1000125506,5.0,-30,0.02225136110315837
457,1000125506,6.0,-50,0.0212180456685066
458,1000125506,8.0,-50,0.021701606050856356
459,1000125506,9.0,-70,0.01972654893856762
460,1000125506,10.0,-90,0.017514816844266107
461,1000125506,11.0,-110,0.01736286224504332
462,1000125506,13.0,-110,0.01740632459880692
463,1000125506,19.0,80,0.05974846791847489
464,1000125506,23.0,90,0.052172361894040176
465,1000125506,29.0,80,0.03934805618650212
466,1000125506,32.0,90,0.030098811405203575
467,1000125506,34.0,100,0.034377584470358394
468,1000125506,36.0,100,0.03699226684785273
469,1000125506,37.0,110,0.035463932252867696
470,1000125506,39.0,80,0.032267447101706696
471,1000125506,40.0,90,0.03244130220796954
472,1000125506,41.0,100,0.030751053154359772
473,1000125506,42.0,110,0.030256394276462345
474,1000125506,43.0,120,0.029941990122211937
475,1000125506,44.0,130,0.03247408244088794
476,1000125506,54.0,130,0.028490010024141994
477,697521266,4.0,-110,0.00900186305174533
478,697521266,5.0,-90,0.009727616207244917
479,697521266,6.0,-70,0.009872626806372698
480,697521266,7.0,-50,0.011844102190002804
481,697521266,8.0,-30,0.011974416091303453
482,972461174,4.0,-30,0.01159799170049859
483,972461174,5.0,-50,0.009580309014929896
484,972461174,6.0,-70,0.008888995447447218
485,972461174,7.0,-90,0.008669109405213746
486,972461174,8.0,-110,0.007999886350396114
487,972461174,19.0,40,0.02615337940287541
488,972461174,21.0,40,0.03887485312634492
489,972461174,37.0,30,0.025910456328168206
490,972461174,38.0,32,0.038780194071631045
491,972461174,40.0,34,0.02929672807293088
492,972461174,42.0,34,0.043329282118412596
493,990606480,4.0,-30,0.010197748591013129
494,990606480,5.0,-50,0.00903432876459056
495,990606480,6.0,-70,0.008213858886473416
496,990606480,7.0,-90,0.007989584775276757
497,990606480,8.0,-110,0.007709950034764295
498,990606480,20.0,140,0.019100300235438284
499,990606480,24.0,-30,0.009433541843898264
500,990606480,25.0,-50,0.008727951721358405
501,990606480,26.0,-70,0.008461683276984627
502,990606480,27.0,-90,0.008717932032053352
503,990606480,28.0,-110,0.00786343797655637
504,990606480,35.0,160,0.017983707375932634
505,970683578,13.0,-30,0.021905539081592082
506,970683578,15.0,-50,0.021331610241655575
507,970683578,17.0,-70,0.01815231175340657
508,970683578,18.0,-90,0.012933271435800196
509,970683578,22.0,-110,0.014926352343686534
510,970683578,23.0,-110,0.013584660953849284
511,970683578,25.0,-110,0.015593210232915154
512,970683578,31.0,50,0.06480347375852873
513,970683578,33.0,50,0.07057190153085757
514,636835010,4.0,-110,0.012902221576143102
515,636835010,5.0,-70,0.016288264648163922
516,636835010,6.0,-30,0.01986566966317475
517,636835010,7.0,10,0.026051229763020434
518,636835010,8.0,50,0.0399075707292714
519,636835010,10.0,60,0.06442512856999948
520,636835010,34.0,-110,0.01217188036917027
521,636835010,35.0,-90,0.013195442563721868
522,636835010,36.0,-70,0.015438932028906614
523,636835010,37.0,-50,0.01761381801428072
524,636835010,38.0,-30,0.019448825176760935
525,636835010,39.0,-10,0.022816715612857547
526,636835010,40.0,10,0.02776789183026413
527,636835010,41.0,30,0.02640199945351943
528,636835010,42.0,50,0.04209829411155484
529,636835010,43.0,70,0.051991329922703285
530,992769223,4.0,-30,0.014991699515229271
531,992769223,5.0,-50,0.01521308496256399
532,992769223,6.0,-70,0.012655119441240792
533,992769223,7.0,-90,0.011313082017748131
534,992769223,8.0,-110,0.010890722486183977
535,992769223,16.0,80,0.034031921840877534
536,896701648,4.0,-30,0.008819709138903304
537,896701648,5.0,-50,0.008404912731365514
538,896701648,6.0,-70,0.0077642042459542425
539,896701648,7.0,-90,0.007370142069107853
540,896701648,8.0,-110,0.0065652577754188295
541,896701648,17.0,60,0.027825717921919752
542,962004183,4.0,-30,0.016148109213569708
543,962004183,5.0,-50,5.764379757220231e-05
544,962004183,6.0,-70,0.01603628241070226
545,962004183,7.0,-90,0.014460858876566314
546,962004183,8.0,-110,0.013473720467526517
547,962004183,14.0,60,0.047295237783546266
548,929547484,6.0,-30,0.013312603443061951
549,929547484,7.0,-50,0.010827282018695188
550,929547484,8.0,-70,0.01017540252629225
551,929547484,9.0,-90,0.010220890356676546
552,929547484,10.0,-110,0.010095536982882822
553,929547484,18.0,80,0.033506870042745704
554,963093741,4.0,-30,0.012309059202279277
555,963093741,5.0,-50,0.011595437296894159
556,963093741,6.0,-70,0.011733334626494693
557,963093741,7.0,-90,0.010382996611221353
558,963093741,8.0,-110,0.010172652550555892
559,963093741,15.0,70,0.04376329552789673
560,1054106864,5.0,-30,0.016974785187151495
561,1054106864,6.0,-50,0.013112795170466854
562,1054106864,7.0,-70,0.012849680289262744
563,1054106864,8.0,-90,0.01146663636484645
564,1054106864,9.0,-110,0.011037423191605325
565,1054106864,15.0,150,0.024239978238707188
566,1054106864,39.0,-30,0.018581494925295906
567,973792505,4.0,-30,0.012179408193331347
568,973792505,5.0,-50,0.010038515474515659
569,973792505,7.0,-70,0.009205406156847248
570,973792505,8.0,-90,0.008133336900095291
571,973792505,9.0,-110,0.00828602072864986
572,973792505,27.0,290,0.017507364153543998
573,908948756,5.0,-30,1.8959307500128475e-05
574,908948756,6.0,-50,0.015366215577931617
575,908948756,7.0,-70,0.012929879769289306
576,908948756,8.0,-90,0.012433454800625455
577,908948756,9.0,-110,0.011955353492028312
578,908948756,14.0,60,0.0476353917409101
579,908948756,41.0,50,0.04226665168874964
580,989164849,4.0,-30,0.010792789059236281
581,989164849,5.0,-50,0.010138968609068445
582,989164849,6.0,-70,0.009730507807104325
583,989164849,7.0,-90,0.009188055711747556
584,989164849,8.0,-110,0.008760065866833935
585,989164849,14.0,260,0.014928309943133433
586,989164849,15.0,270,0.014212633746463692
587,989164849,16.0,280,0.013793459514827132
588,989164849,17.0,290,0.012819661684795303
589,1000756535,4.0,-30,0.010823970734573451
590,1000756535,5.0,-30,0.01460048116341272
591,1000756535,6.0,-50,0.011193131735232929
592,1000756535,8.0,-50,0.01285239165249537
593,1000756535,9.0,-70,0.011498464552589526
594,1000756535,10.0,-90,0.01161525647700638
595,1000756535,11.0,-110,0.010504884853041203
596,1000756535,24.0,180,0.02572949972842412
597,992769339,5.0,-30,0.015331999191501019
598,992769339,6.0,-50,0.015294133340850733
599,992769339,7.0,-70,0.013154732127456693
600,992769339,9.0,-70,0.013102001767088986
601,992769339,10.0,-90,0.01222876279026389
602,992769339,11.0,-110,0.01183369201201265
603,992769339,20.0,70,0.030855544608565745
604,901334338,6.0,-30,0.014924876121649661
605,901334338,7.0,-50,0.011590635288984616
606,901334338,8.0,-70,0.012200525684905435
607,901334338,12.0,-70,0.014365559666258165
608,901334338,13.0,-90,0.011917797512912666
609,901334338,14.0,-110,0.011360711622579754
610,901334338,26.0,80,0.026286568235672342
611,901334338,28.0,80,0.021215798115715005
612,901334338,29.0,90,0.02376863507860081
613,990348610,4.0,-30,0.009573865699413493
614,990348610,5.0,-50,0.009253918929253592
615,990348610,6.0,-70,0.008617353723657668
616,990348610,7.0,-90,0.008775706740626677
617,990348610,10.0,-90,0.00833851224230319
618,990348610,11.0,-110,0.00770642965265153
619,990348610,18.0,100,0.027810764838908684
620,736499017,4.0,-30,0.016991003048146488
621,736499017,5.0,-50,0.014653597915887637
622,736499017,6.0,-70,0.013172245220369886
623,736499017,13.0,70,0.03165405111767393
624,913773906,4.0,-30,0.014587066338426456
625,913773906,5.0,-50,0.013766977384526237
626,913773906,6.0,-70,0.013223551214144562
627,913773906,7.0,-90,0.010940315359394867
628,913773906,8.0,-110,0.009786635829137004
629,913773906,16.0,80,0.0459057435187834
630,992441763,4.0,-30,0.013132559935771698
631,992441763,5.0,-50,0.01123024873720217
632,992441763,6.0,-70,0.01042723385424932
633,992441763,7.0,-90,0.009718422482559417
634,992441763,8.0,-110,0.009155073638142568
635,992441763,17.0,120,0.024916329066367645
636,919979431,4.0,-30,0.02736074742093232
637,919979431,5.0,-50,0.02323506485718387
638,919979431,6.0,-70,0.020167304823161033
639,919979431,8.0,-90,0.017718450981378295
640,919979431,9.0,-110,0.016207335988067985
641,919979431,15.0,60,0.03714548883130368
642,1054721489,4.0,-30,0.017333234316277625
643,1054721489,5.0,-50,0.017726313461870643
644,1054721489,6.0,-70,0.015044338257080151
645,1054721489,7.0,-90,0.013980343635615802
646,1054721489,8.0,-110,0.013692215401767197
647,1054721489,20.0,190,0.026128536704976068
648,1054721489,21.0,200,0.025791590862296397
649,1054721489,22.0,210,0.02798279474556678
650,1054721489,23.0,220,0.028746232303065035
651,697525735,5.0,-110,0.009996786564702313
652,697525735,6.0,-90,0.010874385082389323
653,697525735,7.0,-70,0.011720062027686311
654,697525735,8.0,-50,0.012501379583234584
655,697525735,9.0,-30,0.012547893704458635
656,697525735,12.0,80,0.04561078834938115
657,917624301,4.0,-30,0.01677543200464702
658,917624301,5.0,-50,0.014925019548562037
659,917624301,6.0,-70,0.014331280767384373
660,917624301,7.0,-90,0.012641755659023247
661,917624301,8.0,-110,0.012290273667391672
662,917624301,15.0,70,0.04131121200627484
663,913774081,4.0,-30,0.015732687807454036
664,913774081,5.0,-50,0.014049313143047621
665,913774081,6.0,-30,0.015592315416173175
666,913774081,7.0,-50,0.014392260547246474
667,913774081,8.0,-70,0.012924320963216327
668,913774081,9.0,-90,0.012642185651539557
669,913774081,10.0,-110,0.012036771011053158
670,913774081,17.0,70,0.031216090023395354
671,950363664,4.0,-30,0.014814899215186228
672,950363664,5.0,-50,0.01313458847531547
673,950363664,6.0,-70,0.012155375300897288
674,950363664,7.0,-90,0.0124028308450453
675,950363664,8.0,-110,0.011770441206947663
676,950363664,20.0,90,0.029847716465532904
677,640026162,4.0,-90,0.01686648480210933
678,640026162,5.0,-70,0.018251821903350368
679,640026162,6.0,-30,0.021568324434247502
680,640026162,8.0,10,0.027860337072487584
681,640026162,9.0,20,0.028125345391551614
682,640026162,10.0,30,0.03191029691137326
683,880817724,4.0,-30,0.012990816867979775
684,880817724,5.0,-50,0.010643418507912408
685,880817724,6.0,-70,0.010072126896961396
686,880817724,7.0,-90,0.00908310918505925
687,880817724,8.0,-110,0.00867830624484785
688,880817724,15.0,70,0.02833356655991748
689,913794676,4.0,-30,0.013343354577738319
690,913794676,5.0,-50,0.012869715102291828
691,913794676,6.0,-70,0.012948723134522168
692,913794676,7.0,-90,0.012194581267168544
693,913794676,8.0,-110,0.011128318027352462
694,913794676,19.0,80,0.023479470736974137
695,901060224,4.0,-30,0.015694706077649525
696,901060224,5.0,-50,0.016825370945918593
697,901060224,6.0,-70,0.013418642696256842
698,901060224,7.0,-90,0.012674389524562455
699,901060224,8.0,-110,0.012324894601027996
700,901060224,17.0,100,0.03419111578228237
701,741213831,4.0,-30,0.01823877611385279
702,741213831,5.0,-50,0.016764128906588543
703,741213831,6.0,-70,0.01591619079913927
704,741213831,12.0,60,0.03364726429976138
705,893433491,4.0,-30,0.015871062320063353
706,893433491,5.0,-50,0.01339952332775235
707,893433491,6.0,-70,0.012474531788271796
708,893433491,7.0,-90,0.01134450405801975
709,893433491,8.0,-110,0.010577033057144547
710,893433491,16.0,80,0.04196185916028569
711,661513942,7.0,-110,0.011194882274901733
712,661513942,8.0,-90,0.011638096487225663
713,661513942,9.0,-70,0.013134982109150798
714,661513942,10.0,-50,0.013844151728641629
715,661513942,11.0,-30,0.017720121374707545
716,661513942,14.0,100,0.039910010101546954
717,741865175,4.0,-30,0.02158781408182316
718,741865175,5.0,-50,0.015894604827804616
719,741865175,7.0,-50,0.020097237079636922
720,741865175,8.0,-70,0.018608991233677496
721,741865175,13.0,50,0.062396664459201875
722,889648857,4.0,-30,0.017129413436098632
723,889648857,5.0,-50,0.015888323307830153
724,889648857,6.0,-70,0.01474630215042218
725,889648857,7.0,-90,0.014030860522964832
726,889648857,8.0,-110,0.012676843022352828
727,889648857,14.0,60,0.05747298214535978
728,965605105,4.0,-30,0.01489448744408609
729,965605105,5.0,-50,0.0189094117230453
730,965605105,6.0,-70,0.01347631229125741
731,965605105,8.0,-70,0.013134433709382238
732,965605105,9.0,-90,0.012775949051294167
733,965605105,10.0,-110,0.011359773715901434
734,965605105,17.0,100,0.0411626045436014
735,915572484,4.0,-30,0.019077067963067813
736,915572484,5.0,-50,0.017218984136847786
737,915572484,6.0,-70,0.01665141542935718
738,915572484,7.0,-90,0.015178661303428816
739,915572484,8.0,-110,0.013407810707962577
740,915572484,14.0,60,0.03977692910986792
741,990590730,4.0,-30,0.00976027612778025
742,990590730,5.0,-50,0.009302301533628494
743,990590730,6.0,-70,0.007891770605548219
744,990590730,7.0,-90,0.007438314857582246
745,990590730,8.0,-110,0.007099032470221527
746,990590730,16.0,110,0.01953563495756084
747,919979790,4.0,-30,0.020052662773089196
748,919979790,5.0,-50,0.018749795539075773
749,919979790,6.0,-70,0.015157001630527394
750,919979790,7.0,-90,0.014986344226634035
751,919979790,8.0,-110,0.015241440833837532
752,919979790,14.0,60,0.04855674349570975
753,990594834,4.0,-30,0.014026113212382204
754,990594834,5.0,-50,0.011217388279091172
755,990594834,6.0,-70,0.01056281794812275
756,990594834,7.0,-90,0.009485321909664036
757,990594834,8.0,-110,0.009745982036653274
758,990594834,13.0,50,0.027000954565526893
759,990594834,15.0,50,0.02448548632913291
760,990594834,16.0,60,0.028084060952366353
761,990340884,5.0,-30,0.009960146233689201
762,990340884,6.0,-50,0.010800510953439028
763,990340884,7.0,-70,0.009897518919459008
764,990340884,8.0,-90,0.009409574244910159
765,990340884,9.0,-110,0.008724258687318995
766,990340884,16.0,100,0.028516783742572605
767,1038771988,4.0,-30,0.018608328185545083
768,1038771988,5.0,-50,0.01776745650042002
769,1038771988,6.0,-70,0.015356571972894442
770,1038771988,7.0,-90,0.01538707327911252
771,1038771988,8.0,-110,0.012181611566363906
772,1038771988,21.0,100,0.028261141710330534
773,967739190,6.0,-30,0.016936234143268263
774,967739190,7.0,-50,0.013563644626156326
775,967739190,8.0,-70,0.012631535844668923
776,967739190,9.0,-90,0.01127650499453675
777,967739190,10.0,-110,0.01082872398231197
778,967739190,19.0,50,0.04519742240425291
779,967739190,20.0,52,0.04498080267952786
780,967739190,21.0,54,0.04812214239392777
781,967739190,22.0,56,0.05804340991483708
782,901093205,4.0,-30,0.011951887897865268
783,901093205,5.0,-50,0.010113206024833975
784,901093205,6.0,-70,0.008891235248229963
785,901093205,9.0,-70,0.011310312979070397
786,901093205,10.0,-70,0.010991575648845363
787,901093205,11.0,-90,0.011182784985405708
788,901093205,12.0,-110,0.010016469284409146
789,901093205,18.0,60,0.02717748845455929
790,818722662,4.0,-30,0.016217629716441435
791,818722662,6.0,-50,0.0157222938640049
792,818722662,7.0,-70,0.015132363614319163
793,818722662,8.0,-90,0.013319618743720316
794,818722662,9.0,-110,0.012639816475690692
795,818722662,14.0,50,0.029459273100689295
796,716793760,4.0,-110,0.013645650663840955
797,716793760,5.0,-90,0.015501763326525461
798,716793760,6.0,-70,0.016026578522727507
799,716793760,7.0,-50,0.017656557386123185
800,716793760,8.0,-30,0.02124240605522109
801,917657507,4.0,-30,0.0151710598592276
802,917657507,5.0,-50,0.01454117098044407
803,917657507,6.0,-70,0.013177419376485562
804,917657507,7.0,-90,0.012057704313371559
805,917657507,8.0,-110,0.01138493550275492
806,917657507,16.0,80,0.04504438225566094
807,922679209,4.0,-30,0.01664607594759569
808,922679209,5.0,-30,0.017030485091740613
809,922679209,6.0,-50,0.015294005962591875
810,922679209,7.0,-70,0.014093827805159977
811,922679209,9.0,-90,0.012568096040412613
812,922679209,10.0,-110,0.01155209336338848
813,922679209,19.0,120,0.023087770892064045
814,922679209,20.0,130,0.027779601952840266
815,922679209,22.0,140,0.03352618279658179
816,922679209,25.0,150,0.025346669138667656
817,717076419,4.0,-110,0.012328781562078726
818,717076419,5.0,-90,0.014180709396414644
819,717076419,6.0,-70,0.01580138011486095
820,717076419,7.0,-50,0.019031851821457724
821,717076419,8.0,-30,0.021986972890056106
822,717076419,10.0,70,0.04980438371379133
823,969238479,4.0,-30,0.01540112591477547
824,969238479,5.0,-50,0.012637166725681109
825,969238479,6.0,-70,0.011162921192549132
826,969238479,7.0,-90,0.009791116844156617
827,969238479,8.0,-110,0.00901658633252281
828,969238479,13.0,50,0.02934691303540029
829,969238479,14.0,52,0.029720568545930814
830,969238479,15.0,54,0.03255862879862063
831,969238479,16.0,56,0.03294737127265078
832,969238479,17.0,58,0.03652947150316091
833,969238479,18.0,60,0.03725961995739545
834,969238479,19.0,62,0.04190153060677316
835,969238479,20.0,64,0.04397202056128668
836,896931841,4.0,-30,0.014101127650807841
837,896931841,5.0,-50,0.013261487704592564
838,896931841,6.0,-70,0.011867586768329214
839,896931841,7.0,-90,0.010784143565698427
840,896931841,8.0,-110,0.010021637216527879
841,896931841,16.0,80,0.035048075038118236
842,882198617,4.0,-30,0.012914435062064947
843,882198617,5.0,-50,0.01148654467276058
844,882198617,6.0,-70,0.010424429173766545
845,882198617,7.0,-90,0.010621261363195252
846,882198617,8.0,-110,0.009950498777062403
847,882198617,17.0,90,0.03943089917881983
848,926754976,5.0,-30,0.01873573226717168
849,926754976,6.0,-50,0.016085196193700857
850,926754976,7.0,-70,0.015995980021496947
851,926754976,8.0,-90,0.014649449280737458
852,926754976,10.0,-90,0.014771783990150198
853,926754976,11.0,-110,0.013818606800377714
854,926754976,19.0,110,0.039501563051495305
855,966772916,4.0,-30,0.014120250183898168
856,966772916,5.0,-50,0.013587808352511726
857,966772916,6.0,-70,0.011059727325238938
858,966772916,7.0,-90,0.011250220541230583
859,966772916,8.0,-110,0.010046988160570225
860,966772916,16.0,80,0.03145669980584734
861,965535967,4.0,-30,0.013958520875523956
862,965535967,5.0,-50,0.013726604755934112
863,965535967,6.0,-70,0.0120478582203419
864,965535967,8.0,-70,0.0114579969489301
865,965535967,9.0,-90,0.010927686190152113
866,965535967,10.0,-110,0.01047322427298943
867,965535967,20.0,70,0.031535697119895456
868,934844641,4.0,-30,0.01618039342017612
869,934844641,5.0,-50,0.014299237597118316
870,934844641,6.0,-70,0.012492176389092141
871,934844641,7.0,-90,0.012090366679175004
872,934844641,8.0,-110,0.011186402340595371
873,934844641,18.0,80,0.03409369629788995
874,919091442,4.0,-30,0.023550144630248872
875,919091442,5.0,-50,0.017408671171960828
876,919091442,6.0,-70,0.019197315545073344
877,919091442,7.0,-90,0.016635193366297193
878,919091442,8.0,-110,0.015066301082442524
879,919091442,13.0,60,0.03815511217701091
880,919091442,15.0,70,0.03429361534206838
881,919091442,16.0,80,0.04404847682302293
882,904059133,6.0,-30,0.011938857694926714
883,904059133,7.0,-50,0.010853084325092232
884,904059133,8.0,-70,0.010182741915283093
885,904059133,10.0,-90,0.008926482335788657
886,904059133,11.0,-110,0.009197439077126512
887,904059133,21.0,130,0.024060443376782533
888,915441937,4.0,-30,0.022485219560879833
889,915441937,5.0,-50,0.021453913287887566
890,915441937,7.0,-30,0.02527214123631843
891,915441937,8.0,-50,0.022183579312307
892,915441937,9.0,-70,0.020242722395632757
893,915441937,10.0,-90,0.01959857300226434
894,915441937,11.0,-110,0.018498877796369814
895,915441937,17.0,60,0.04921524607675016
896,926861604,5.0,-30,0.022481869224452833
897,926861604,6.0,-50,0.019751704853586228
898,926861604,8.0,-70,0.018678833517314773
899,926861604,9.0,-90,0.01662327908514168
900,926861604,10.0,-110,0.015585865637840441
901,926861604,20.0,30,0.0428719571947762
902,926861604,21.0,32,0.04367702643625427
903,926861604,22.0,34,0.04315304919561843
904,926861604,23.0,36,0.042139012383206484
905,926861604,24.0,38,0.04251481080216947
906,926861604,25.0,40,0.04319212434027404
907,926861604,26.0,42,0.06427841186793404
908,926861604,27.0,44,0.04950951146457258
909,926861604,28.0,40,0.03453016681181036
910,926861604,29.0,50,0.04105964236381952
911,934725928,5.0,-30,0.016577256733860832
912,934725928,6.0,-50,0.013351948340649398
913,934725928,7.0,-70,0.012457971061197488
914,934725928,8.0,-90,0.011407341145139272
915,934725928,9.0,-110,0.010759577098996408
916,934725928,15.0,60,0.03375904474412835
917,915515705,4.0,-30,0.017639619369126947
918,915515705,5.0,-50,0.015064213574526798
919,915515705,6.0,-70,0.013951532635566314
920,915515705,14.0,-70,0.013310450112206332
921,915515705,20.0,-90,0.015408504927190304
922,915515705,22.0,-110,0.011776981074963578
923,915515705,30.0,80,0.042712170762231896
924,841873725,4.0,-30,0.01209533562144914
925,841873725,5.0,-50,0.012405091667442712
926,841873725,6.0,-70,0.010521831547951666
927,841873725,7.0,-90,0.01021154192313801
928,841873725,8.0,-110,0.010175596992925143
929,841873725,22.0,120,0.03658463515338727
930,697538916,4.0,-110,0.01790942723598292
931,697538916,5.0,-90,0.020286790735531166
932,697538916,6.0,-70,0.02120132046047798
933,697538916,7.0,-50,0.02364829468681004
934,697538916,8.0,-30,0.024973500416264532
935,697538916,10.0,60,0.03994812832183056
936,697538916,12.0,70,0.0475137098228526
937,697538916,13.0,70,0.043460478451311596
938,1054714226,6.0,-30,0.02325965126895765
939,1054714226,7.0,-50,0.019267123632718965
940,1054714226,8.0,-70,0.017353763152768664
941,1054714226,9.0,-90,0.015386522150559334
942,1054714226,10.0,-110,0.01454268773457897
943,1054714226,18.0,100,0.024000125596583557
944,891558275,6.0,-30,0.02751992847770243
945,891558275,7.0,-50,0.021240164249438764
946,891558275,8.0,-70,0.018791037112533538
947,891558275,9.0,-90,0.016451455945517144
948,891558275,10.0,-110,0.01405005486873543
949,891558275,16.0,50,0.037239602368198975
950,990538130,4.0,-30,0.016129589664140957
951,990538130,5.0,-50,0.015427902824248342
952,990538130,7.0,-70,0.013496266213998846
953,990538130,8.0,-90,0.012453671257290024
954,990538130,10.0,-110,0.011762209077854994
955,990538130,16.0,60,0.03258489448068512
956,908675487,5.0,-30,0.011607930266416381
957,908675487,6.0,-50,0.010272745056843948
958,908675487,7.0,-70,0.009764673151389097
959,908675487,8.0,-90,0.009312488416043263
960,908675487,9.0,-110,0.009278023008478908
961,908675487,17.0,110,0.01992471074064952
962,975325599,6.0,-30,0.01950563026515405
963,975325599,7.0,-50,0.017676520359374157
964,975325599,8.0,-70,0.01625852366332107
965,975325599,9.0,-90,0.015346867906414657
966,975325599,11.0,-110,0.015415277901274633
967,975325599,18.0,210,0.03208856694759557
968,975325599,19.0,220,0.030018743545986912
969,975325599,21.0,230,0.02795506204491853
970,935795108,4.0,-30,0.022312628321833967
971,935795108,5.0,-50,0.0193740405644991
972,935795108,6.0,-70,0.01750819584216998
973,935795108,8.0,-90,0.017167020797033476
974,935795108,9.0,-110,0.015933050611955865
975,935795108,16.0,70,0.055484784180914404
976,971708843,4.0,-30,0.012399450362007732
977,971708843,5.0,-50,0.010716264185009894
978,971708843,6.0,-70,0.009312012517704112
979,971708843,7.0,-90,0.00816275059169959
980,971708843,8.0,-110,0.008141818711645363
981,971708843,15.0,70,0.027996033681226204
982,916490671,4.0,-30,0.012524043643354322
983,916490671,5.0,-50,0.011497176356655819
984,916490671,6.0,-70,0.010775163500621245
985,916490671,7.0,-90,0.010424739395737822
986,916490671,8.0,-110,0.009883622466243717
987,916490671,10.0,-110,0.009745819703372944
988,916490671,19.0,120,0.031277178400978406
989,1044355522,4.0,-30,0.009013894339373222
990,1044355522,5.0,-50,0.010531308095883906
991,1044355522,6.0,-70,0.007628589263860237
992,1044355522,8.0,-90,0.007509055923193116
993,1044355522,9.0,-110,0.00792936645473501
994,1044355522,16.0,250,0.016099450324523843
995,1044355522,17.0,280,0.014868489788812328
996,901364185,4.0,-30,0.015379001388764631
997,901364185,5.0,-50,0.013924864057041813
998,901364185,6.0,-70,0.01245953583482705
999,901364185,8.0,-70,0.013911669939740447
1000,901364185,9.0,-90,0.01309745842342834
1001,901364185,10.0,-110,0.011539389327507643
1002,901364185,16.0,60,0.027902920865328786
1003,741206508,4.0,-30,0.016947438875589877
1004,741206508,5.0,-50,0.014026071992025603
1005,741206508,6.0,-70,0.013841289213447962
1006,741206508,13.0,70,0.03545439741412186
1007,963267074,5.0,-30,0.012579691050955879
1008,963267074,6.0,-50,0.011209779308737832
1009,963267074,7.0,-70,0.010792340145448083
1010,963267074,8.0,-90,0.0101272410506485
1011,963267074,10.0,-90,0.01141744889737056
1012,963267074,11.0,-110,0.010602670829798223
1013,963267074,20.0,90,0.045182512797164065
1014,1000741385,5.0,-30,0.030907680577091895
1015,1000741385,6.0,-50,0.02738647954691372
1016,1000741385,7.0,-70,0.0248627895295132
1017,1000741385,8.0,-70,0.02354063632230304
1018,1000741385,9.0,-90,0.02093196722781956
1019,1000741385,10.0,-110,0.018643490234475306
1020,1000741385,20.0,20,0.044437959725381185
1021,820095539,4.0,-30,0.015991774793412888
1022,820095539,5.0,-50,0.015373921510670175
1023,820095539,6.0,-70,0.012514331959851037
1024,820095539,7.0,-90,0.0121821252279719
1025,820095539,8.0,-110,0.011653708118893087
1026,820095539,15.0,80,0.023327661754831978
1027,820095539,16.0,90,0.02431469938690088
1028,820095539,17.0,100,0.0323529128042953
1029,975477315,4.0,-30,0.0221363663266249
1030,975477315,6.0,-30,0.024995972844405863
1031,975477315,7.0,-50,0.02057108775644159
1032,975477315,8.0,-70,0.019607416702474418
1033,975477315,9.0,-90,0.017081616272213558
1034,975477315,11.0,-90,0.016130889638511257
1035,975477315,12.0,-110,0.01613801531283403
1036,975477315,18.0,60,0.07667432200273033
1037,912329296,4.0,-30,0.018253545576583777
1038,912329296,5.0,-50,0.01751945853366136
1039,912329296,7.0,-50,0.017274257461313516
1040,912329296,8.0,-70,0.01700862700074951
1041,912329296,9.0,-90,0.015888033301433343
1042,912329296,10.0,-110,0.014724336798958043
1043,912329296,15.0,50,0.032165853724527634
1044,911964754,4.0,-30,0.010723030717767472
1045,911964754,5.0,-50,0.011207263203576673
1046,911964754,6.0,-70,0.009668782665442105
1047,911964754,7.0,-90,0.009684142271535539
1048,911964754,8.0,-110,0.008994983113665934
1049,911964754,18.0,80,0.03349079773086151
1050,917588572,5.0,-30,0.01734731964717876
1051,917588572,6.0,-50,0.01612688162617501
1052,917588572,7.0,-70,0.01566107857447414
1053,917588572,8.0,-90,0.01605170126614324
1054,917588572,9.0,-110,0.014416262376261098
1055,917588572,16.0,100,0.038281359035003834
1056,917588572,105.0,-30,0.018209927662793446
1057,917588572,106.0,-50,0.016246483457402244
1058,917588572,107.0,-70,0.015692319148153996
1059,917588572,108.0,-90,0.014931367462445097
1060,917588572,109.0,-110,0.014616296376164878
1061,917588572,116.0,160,0.03250141837208736
1062,640002660,4.0,-90,0.010537866280683495
1063,640002660,5.0,-70,0.011081350139545705
1064,640002660,6.0,-30,0.012867694645110844
1065,640002660,9.0,70,0.027206853779122495
1066,640002660,10.0,80,0.03112107498108963
1067,743754524,5.0,-30,0.02335089443193441
1068,743754524,6.0,-50,0.024752851348905657
1069,743754524,7.0,-50,0.026536762366679022
1070,743754524,9.0,-50,0.026452665491708622
1071,743754524,10.0,-70,0.02672038007294391
1072,743754524,18.0,60,0.06636006397363639
1073,740305711,7.0,-30,0.02080274303687034
1074,740305711,8.0,-50,0.017334686860437275
1075,740305711,10.0,-50,0.01690218639904777
1076,740305711,12.0,-70,0.013493919691308708
1077,740305711,19.0,40,0.03288472052733003
1078,847887193,4.0,-30,0.02170818664266523
1079,847887193,5.0,-50,0.017706452770884916
1080,847887193,6.0,-70,0.016091426730742823
1081,847887193,7.0,-90,0.015423016116934515
1082,847887193,8.0,-110,0.013879083378323618
1083,847887193,18.0,40,0.036870156692895735
1084,965577581,4.0,-30,0.01961391540675705
1085,965577581,5.0,-50,0.016074862197068013
1086,965577581,6.0,-70,0.014953590090015442
1087,965577581,7.0,-90,0.013370518182071451
1088,965577581,8.0,-110,0.012777840860606326
1089,965577581,15.0,70,0.036374702371973
1090,1000110992,5.0,-30,0.02548516285247424
1091,1000110992,6.0,-50,0.023526931594298854
1092,1000110992,7.0,-70,0.021635071195473612
1093,1000110992,8.0,-90,0.023388746291935332
1094,1000110992,9.0,-110,0.0189641696783199
1095,1000110992,19.0,70,0.0732759087415773
1096,977013731,4.0,-30,0.018348341278771357
1097,977013731,5.0,-50,0.015769046418176173
1098,977013731,6.0,-70,0.014202774281166685
1099,977013731,7.0,-90,0.0134572336733247
1100,977013731,8.0,-110,0.013022716347118575
1101,977013731,15.0,70,0.036379627492050544
1102,678661149,4.0,-110,0.008943132635485756
1103,678661149,5.0,-90,0.009721589579166419
1104,678661149,6.0,-70,0.010023679623690536
1105,678661149,7.0,-50,0.01141326139174003
1106,678661149,8.0,-30,0.012986525828028174
1107,678661149,12.0,80,0.05923698354796465
1108,841882659,4.0,-30,0.023436054545712588
1109,841882659,6.0,-30,0.023780432503438313
1110,841882659,7.0,-50,0.021635390923520143
1111,841882659,8.0,-70,0.02012509100018888
1112,841882659,9.0,-90,0.018306651292517396
1113,841882659,10.0,-110,0.016844412721113144
1114,841882659,17.0,50,0.03711378967840758
1115,697506892,4.0,-110,0.014315087450201405
1116,697506892,5.0,-90,0.01599201493475321
1117,697506892,6.0,-70,0.016421681189607157
1118,697506892,7.0,-50,0.01770889175892707
1119,697506892,8.0,-30,0.02062086744442799
1120,697506892,11.0,60,0.036179017694422104
1121,765881445,4.0,-30,0.01652375848420575
1122,765881445,5.0,-50,0.01572252423180668
1123,765881445,6.0,-70,0.015173966376640355
1124,765881445,13.0,40,0.03825655097533809
1125,914275457,4.0,-30,0.018690147761238136
1126,914275457,5.0,-50,0.016864000579987735
1127,914275457,6.0,-70,0.015798488501522347
1128,914275457,7.0,-90,0.015133975847776319
1129,914275457,8.0,-110,0.014722753830099586
1130,914275457,14.0,70,0.06887912948617425
1131,899505310,4.0,-30,0.014199505408686686
1132,899505310,5.0,-50,0.012796289743912377
1133,899505310,6.0,-70,0.010840567908269422
1134,899505310,7.0,-90,0.010622157493582522
1135,899505310,8.0,-110,0.009519738048148669
1136,899505310,15.0,70,0.04030149237224237
1137,972549288,4.0,-30,0.015778180293566303
1138,972549288,5.0,-50,0.014011820579384462
1139,972549288,6.0,-70,0.013104534487126486
1140,972549288,7.0,-90,0.014318047434158116
1141,972549288,8.0,-110,0.012682321884319578
1142,972549288,14.0,60,0.0319225062820467
1143,918928552,4.0,-30,0.01394796674231261
1144,918928552,5.0,-50,0.012912135871088498
1145,918928552,6.0,-70,0.012366249925057313
1146,918928552,7.0,-90,0.010991176697971545
1147,918928552,8.0,-110,0.010366422067226379
1148,918928552,10.0,-110,0.010138719511646459
1149,918928552,18.0,110,0.02893309273476652
1150,912571573,4.0,-30,0.0134330455021075
1151,912571573,5.0,-50,0.012261676449503017
1152,912571573,6.0,-70,0.011138091532070545
1153,912571573,7.0,-90,0.011454239414799124
1154,912571573,8.0,-110,0.011570390946929904
1155,912571573,18.0,130,0.027086740885634144
1156,1000131771,4.0,-30,0.019279877206743002
1157,1000131771,5.0,-50,0.01696576763480027
1158,1000131771,6.0,-70,0.015071050138038314
1159,1000131771,7.0,-90,0.013396520483717016
1160,1000131771,8.0,-110,0.013042805303520883
1161,1000131771,16.0,80,0.04401086639733116
1162,644832461,4.0,-90,0.014346764282184387
1163,644832461,5.0,-70,0.015803196950604326
1164,644832461,6.0,-30,0.01541644558800964
1165,644832461,10.0,70,0.036049160199099636
1166,966765795,4.0,-30,0.022996272313112916
1167,966765795,5.0,-50,0.019880561173152705
1168,966765795,6.0,-70,0.01775627902379518
1169,966765795,7.0,-90,0.015072217793435152
1170,966765795,8.0,-110,0.014483642730933813
1171,966765795,18.0,40,0.03948898042544585
1172,966765795,19.0,42,0.04040368329500359
1173,966765795,20.0,44,0.04199326659378269
1174,966765795,21.0,46,0.050401923397938614
1175,966765795,22.0,48,0.04965087754780573
1176,966765795,23.0,50,0.061281507431881474
1177,910335214,4.0,-30,0.014748770966323595
1178,910335214,6.0,-50,0.016153285905367663
1179,910335214,9.0,-70,0.012724157040087572
1180,910335214,10.0,-90,0.011115340136479596
1181,910335214,12.0,-90,0.011342182861712801
1182,910335214,14.0,-110,0.010967381012808794
1183,910335214,26.0,100,0.03782834018613722
1184,971517180,6.0,-30,0.023718563436644528
1185,971517180,7.0,-50,0.018562356870258662
1186,971517180,8.0,-70,0.017061231229225232
1187,971517180,9.0,-90,0.01618851645550392
1188,971517180,10.0,-110,0.015474914741832367
1189,971517180,16.0,60,0.039672194370532654
1190,948366592,4.0,-30,0.015547443063413127
1191,948366592,5.0,-50,0.012734444081890568
1192,948366592,6.0,-70,0.01148267648183347
1193,948366592,7.0,-90,0.010878628775336406
1194,948366592,8.0,-110,0.010765836795854876
1195,948366592,15.0,70,0.03816835400320129
1196,990240020,4.0,-30,0.009405959412428947
1197,990240020,5.0,-50,0.009147839193208456
1198,990240020,6.0,-70,0.0085477895996226
1199,990240020,7.0,-90,0.00801733345701333
1200,990240020,8.0,-110,0.007818542733089946
1201,990240020,18.0,120,0.02677779380673108
1202,963009885,4.0,-30,0.010681997254160329
1203,963009885,5.0,-50,0.010055653015050557
1204,963009885,6.0,-70,0.008919578287194219
1205,963009885,7.0,-90,0.008506919290127495
1206,963009885,8.0,-110,0.008013453490299909
1207,963009885,14.0,60,0.03828093592364654
1208,904899939,5.0,-30,0.019815870381671884
1209,904899939,6.0,-50,0.016175932954979405
1210,904899939,7.0,-70,0.014557604564355625
1211,904899939,8.0,-90,0.01554345296271093
1212,904899939,9.0,-110,0.013476167392030147
1213,904899939,17.0,70,0.03867436914832701
1214,990342517,4.0,-30,0.013119870062590529
1215,990342517,5.0,-30,0.011844115847167725
1216,990342517,6.0,-50,0.015262441641688369
1217,990342517,8.0,-50,0.011627665229739452
1218,990342517,9.0,-70,0.010457944229579397
1219,990342517,12.0,-90,0.009743235622787009
1220,990342517,16.0,-110,0.008122945403113408
1221,990342517,28.0,70,0.024012584180099977
1222,990342517,29.0,80,0.03181097139366555
1223,965750161,5.0,-30,0.026439516477162934
1224,965750161,6.0,-50,0.023784981906284024
1225,965750161,7.0,-70,0.02124347898302909
1226,965750161,8.0,-90,0.01992238337701586
1227,965750161,9.0,-110,0.018782448744718763
1228,965750161,15.0,40,0.05619329113676584
1229,965750161,16.0,42,0.06286076231314731
1230,965750161,17.0,44,0.07000143212476931
1231,989502887,5.0,-30,0.02263831755297037
1232,989502887,6.0,-50,0.019744858257087477
1233,989502887,7.0,-70,0.01924141426293231
1234,989502887,8.0,-90,0.01981399917001139
1235,989502887,10.0,-110,0.0169628811454128
1236,989502887,24.0,110,0.03403847323081632
1237,794963377,5.0,-30,0.018121837942935908
1238,794963377,11.0,-50,0.020043757840325593
1239,794963377,16.0,-70,0.013798018324718615
1240,794963377,18.0,-90,0.013690530610902533
1241,794963377,19.0,-110,0.011211368379750923
1242,794963377,21.0,-110,0.010681417126502035
1243,794963377,28.0,60,0.03434876544580045
1244,645451222,5.0,-110,0.01254713921263718
1245,645451222,6.0,-90,0.014393296009702291
1246,645451222,7.0,-70,0.01439270566895842
1247,645451222,8.0,-50,0.016430858934992312
1248,645451222,9.0,-30,0.017610067338705206
1249,645451222,11.0,40,0.0237572265065536
1250,645451222,12.0,60,0.0319341148291456
1251,645451222,20.0,110,0.014269155899265007
1252,964931038,4.0,-30,0.015973873497237574
1253,964931038,5.0,-50,0.013922541431631016
1254,964931038,6.0,-70,0.01281861245612792
1255,964931038,7.0,-90,0.011565446555507897
1256,964931038,9.0,-110,0.011431153736797199
1257,964931038,15.0,60,0.03526947155802987
1258,966819294,4.0,-30,0.017858989320651844
1259,966819294,5.0,-50,0.015482101161515575
1260,966819294,6.0,-70,0.014447133784068148
1261,966819294,7.0,-90,0.012357934595540104
1262,966819294,8.0,-110,0.011138399116199814
1263,966819294,18.0,40,0.043928393176406476
1264,966819294,19.0,42,0.04443916671134948
1265,966819294,20.0,44,0.05378277319626767
1266,990354927,4.0,-30,0.006585167373050425
1267,990354927,6.0,-50,0.007576312798029073
1268,990354927,8.0,-70,0.0074278150685839345
1269,990354927,9.0,-90,0.006107426993783088
1270,990354927,12.0,-90,0.006558704876302793
1271,990354927,13.0,-110,0.007354670955931676
1272,990354927,21.0,170,0.02017151164312667
1273,921574909,4.0,-30,0.024470422029380653
1274,921574909,5.0,-50,0.02018682603941695
1275,921574909,6.0,-70,0.019512518211909663
1276,921574909,7.0,-90,0.016885822392808336
1277,921574909,8.0,-110,0.015448009947354811
1278,921574909,13.0,50,0.05345282729534224
1279,1054146046,6.0,-30,0.01791593135145132
1280,1054146046,8.0,-30,0.01714011506319671
1281,1054146046,9.0,-50,0.01431730420725992
1282,1054146046,10.0,-70,0.010503380386041459
1283,1054146046,11.0,-90,0.011079209559548265
1284,1054146046,12.0,-110,0.012243455022707562
1285,1000742412,4.0,-30,0.016837836604923932
1286,1000742412,5.0,-50,0.015640832608424807
1287,1000742412,6.0,-70,0.014878363190378493
1288,1000742412,7.0,-90,0.014864220220335076
1289,1000742412,8.0,-110,0.015837359001899563
1290,1000742412,29.0,-30,0.03643024279712149
1291,1000742412,30.0,-50,0.028555146009457473
1292,1000742412,33.0,-50,0.03034000630655394
1293,1000742412,34.0,-70,0.024889133382840198
1294,1000742412,35.0,-90,0.02458815010388036
1295,1000742412,36.0,-90,0.023536324250432682
1296,1000742412,37.0,-110,0.022247421631949767
1297,1000742412,41.0,-110,0.019612469127486418
1298,1000742412,44.0,-110,0.021999516347171788
1299,1000742412,45.0,-110,0.022427199501022177
1300,1000742412,55.0,50,0.07817027919972246
1301,1055268377,6.0,-30,0.018774685419573483
1302,1055268377,7.0,-50,0.017198553158449374
1303,1055268377,8.0,-70,0.01632589743133052
1304,1055268377,9.0,-70,0.01684499590330559
1305,1055268377,10.0,-90,0.015374968797039491
1306,1055268377,12.0,-110,0.0157492623373929
1307,1055268377,19.0,70,0.03309187487641442
1308,645934635,5.0,-90,0.01059692925771211
1309,645934635,6.0,-70,0.011447903806873145
1310,645934635,7.0,-50,0.012432962558821991
1311,645934635,8.0,-30,0.01788754000319877
1312,898670132,4.0,-30,0.011367150508189282
1313,898670132,5.0,-50,0.009630803451448058
1314,898670132,7.0,-70,0.008322128574615369
1315,898670132,8.0,-90,0.007637773093778547
1316,898670132,9.0,-110,0.007299788279153294
1317,898670132,16.0,100,0.026918854103648644
1318,742014521,4.0,-30,0.015501185003373816
1319,742014521,5.0,-50,0.014271371415215233
1320,742014521,6.0,-70,0.013037709550090475
1321,742014521,13.0,60,0.0282506600101459
1322,742014521,14.0,70,0.036090900553662854
1323,867765823,4.0,-30,0.01842518560720765
1324,867765823,5.0,-50,0.01683404605571773
1325,867765823,6.0,-70,0.015238196856216718
1326,867765823,7.0,-90,0.014295077424504329
1327,867765823,8.0,-110,0.01258588607102154
1328,867765823,13.0,70,0.058797539102347036
1329,867765823,15.0,70,0.03545702915997509
1330,867765823,16.0,80,0.03969129998079921
1331,965574215,6.0,-30,0.01886073434948867
1332,965574215,7.0,-50,0.016156884755324046
1333,965574215,8.0,-70,0.014441343610002867
1334,965574215,9.0,-90,0.013236824847428543
1335,965574215,10.0,-110,0.01256765072688909
1336,965574215,20.0,40,0.040843567191069005
1337,965574215,21.0,42,0.04188662901988719
1338,740318831,4.0,-30,1.0728166725058885e-05
1339,740318831,5.0,-50,0.011055734837945072
1340,740318831,6.0,-70,0.009989860712093311
1341,740318831,13.0,70,0.0328781092753774
1342,701075085,4.0,-110,0.008193906199852996
1343,701075085,5.0,-90,0.009114571717133441
1344,701075085,6.0,-70,0.010271977629981964
1345,701075085,7.0,-50,0.06745201909263876
1346,701075085,8.0,-110,0.010059199995730229
1347,701075085,9.0,-90,0.008055936836994322
1348,701075085,10.0,-70,0.010666979853897944
1349,701075085,11.0,-50,0.012732917842198195
1350,701075085,12.0,-30,0.018165507898307977
1351,884596365,4.0,-30,0.016431979607691542
1352,884596365,5.0,-50,0.014104336279939258
1353,884596365,6.0,-70,0.013143747240386089
1354,884596365,7.0,-90,0.013904098153450102
1355,884596365,8.0,-110,0.012259282490723505
1356,884596365,15.0,60,0.03989425692273913
1357,922562221,4.0,-30,0.024954166814144575
1358,922562221,6.0,-30,0.027958676840105185
1359,922562221,8.0,-50,0.0216886470699626
1360,922562221,10.0,-70,0.01813344383413823
1361,922562221,11.0,-90,0.01677661928562646
1362,922562221,12.0,-110,0.016110493982330797
1363,922562221,19.0,70,0.03396241626101534
1364,901086894,5.0,-30,0.019981641506647666
1365,901086894,6.0,-50,0.018279875948721307
1366,901086894,7.0,-70,0.01665569709289034
1367,901086894,8.0,-90,0.015204693489078148
1368,901086894,9.0,-110,0.014071499710167681
1369,901086894,18.0,30,0.05181274357048105
1370,645451457,5.0,-110,0.021253141268751673
1371,645451457,6.0,-90,0.02273783474207739
1372,645451457,7.0,-70,0.02166441581874699
1373,645451457,8.0,-50,0.02766420290298263
1374,645451457,9.0,-30,0.03528854766955669
1375,912572106,4.0,-30,0.011355769181784192
1376,912572106,5.0,-50,0.010503671655760142
1377,912572106,6.0,-70,0.010273805616404383
1378,912572106,7.0,-90,0.009136989265102381
1379,912572106,8.0,-110,0.008606936555917556
1380,912572106,16.0,110,0.03280257840403613
1381,992009934,4.0,-30,0.015713457237958743
1382,992009934,5.0,-50,0.015574359064533402
1383,992009934,6.0,-70,0.012119148162314321
1384,992009934,7.0,-90,0.011407871069497106
1385,992009934,8.0,-110,0.009888448835180308
1386,992009934,15.0,70,0.033094430880982184
1387,904040156,4.0,-30,0.014968994250630231
1388,904040156,5.0,-50,0.011346789617513458
1389,904040156,6.0,-70,0.01035439225790997
1390,904040156,7.0,-90,0.008802889551622117
1391,904040156,8.0,-110,0.007977773692650056
1392,904040156,9.0,-110,0.008038148834142049
1393,904040156,11.0,-110,0.007927474205875038
1394,904040156,18.0,70,0.02346883052710606
1395,975392497,4.0,-30,0.018340771135305457
1396,975392497,5.0,-50,0.023200922120800136
1397,975392497,6.0,-70,0.018635820988843334
1398,975392497,7.0,-90,0.018417607476924464
1399,975392497,8.0,-110,0.016869894495809352
1400,975392497,17.0,130,0.03413082582583451
1401,975392497,18.0,140,0.03750475635633332
1402,975392497,19.0,150,0.03957916020898224
1403,899424012,5.0,-30,0.019165164552638232
1404,899424012,7.0,-30,0.00797235047352336
1405,899424012,8.0,-50,0.010467194078660971
1406,899424012,9.0,-70,0.010121174396647984
1407,899424012,10.0,-90,0.009878761290739118
1408,899424012,11.0,-110,0.010198430273039424
1409,899424012,23.0,150,0.029692153505423764
1410,971607823,5.0,-30,0.015119950707695125
1411,971607823,6.0,-50,0.01395712634003091
1412,971607823,7.0,-70,0.011909485696395649
1413,971607823,8.0,-90,5.837278200899673e-06
1414,971607823,9.0,-110,0.010666008030274393
1415,971607823,14.0,50,0.028413776165959782
1416,971607823,15.0,52,0.030106761366630812
1417,971607823,16.0,54,0.03176408734771728
1418,971607823,17.0,56,0.0361959118815363
1419,921759520,5.0,-30,0.028740748368951838
1420,921759520,6.0,-50,0.02064571153691584
1421,921759520,16.0,-70,0.016201153563402758
1422,921759520,17.0,-90,0.014048297516476477
1423,921759520,18.0,-110,0.013298115155099427
1424,921759520,23.0,50,0.041043941140494075
1425,921759520,24.0,52,0.040567834488771895
1426,921759520,25.0,54,0.05224052311233771
1427,921759520,26.0,56,0.05187828596307576
1428,921759520,27.0,58,0.05649966869869806
1429,921759520,28.0,60,0.05435361110797451
1430,921759520,29.0,62,0.05259296238517399
1431,882302773,4.0,-30,0.016204293498606838
1432,882302773,5.0,-50,0.01523337870560596
1433,882302773,6.0,-70,0.013279080931222565
1434,882302773,7.0,-90,0.012919455811553524
1435,882302773,8.0,-110,0.011088526540907659
1436,882302773,15.0,70,0.036157312232295645
1437,815980342,4.0,-30,0.022334622836797453
1438,815980342,5.0,-50,0.018616177327647542
1439,815980342,6.0,-70,0.01687814544042283
1440,815980342,7.0,-90,0.01509019594015732
1441,815980342,8.0,-110,0.014344367366483188
1442,815980342,16.0,80,0.05356953104977945
1443,987168573,5.0,-30,0.0219106964199777
1444,987168573,6.0,-50,0.01920184511388411
1445,987168573,7.0,-70,0.01774876585420386
1446,987168573,8.0,-90,0.015704604938862762
1447,987168573,9.0,-110,0.014309610223014942
1448,987168573,10.0,-110,0.014971998215392152
1449,987168573,11.0,-110,0.014511529628957718
1450,987168573,13.0,-110,0.013977402430966498
1451,987168573,25.0,40,0.04132612861248794
1452,987168573,26.0,42,0.04268069805287503
1453,987168573,27.0,44,0.05017286666386847
1454,987168573,28.0,46,0.04586869094800147
1455,987168573,29.0,48,0.06013037206133635
1456,972447551,4.0,-30,0.021031667862414057
1457,972447551,5.0,-50,0.017105542752221665
1458,972447551,6.0,-70,0.017098285711373284
1459,972447551,7.0,-90,0.015561056964943483
1460,972447551,8.0,-110,0.014770094787504311
1461,972447551,13.0,50,0.03456699940130078
1462,972447551,14.0,52,0.033831524739380336
1463,972447551,15.0,54,0.04142915107967647
1464,972447551,16.0,56,0.04528321851203731
1465,882458442,4.0,-30,0.022190662283642887
1466,882458442,5.0,-50,0.018235155927637674
1467,882458442,6.0,-70,0.015155576282567213
1468,882458442,7.0,-90,0.01619714037616776
1469,882458442,8.0,-110,0.014815701295090671
1470,882458442,17.0,30,0.04038480910308594
1471,742023028,4.0,-30,0.01322558744134324
1472,742023028,5.0,-50,0.011407422427976448
1473,742023028,6.0,-70,0.010544680199511982
1474,742023028,15.0,70,0.029393878193915344
1475,948318130,5.0,-30,0.013372341639063166
1476,948318130,6.0,-50,0.012081008691748638
1477,948318130,7.0,-70,0.011921171151451342
1478,948318130,8.0,-90,0.01193258183478689
1479,948318130,9.0,-110,0.010969259590713881
1480,948318130,17.0,170,0.02662043507897533
1481,969301940,6.0,-30,0.03341146618787114
1482,969301940,7.0,-50,0.029927138457097775
1483,969301940,8.0,-70,0.02668348298498
1484,969301940,9.0,-90,0.02318312579760503
1485,969301940,10.0,-110,0.022592749663307998
1486,969301940,18.0,20,0.07177530621341689
1487,969301940,20.0,20,0.06438682263257343
1488,910864371,10.0,-30,0.01588576362024255
1489,910864371,11.0,-50,0.01734522537999499
1490,910864371,13.0,-50,0.017607231704032552
1491,910864371,14.0,-70,0.01637530927355679
1492,910864371,15.0,-90,0.015587513678270328
1493,910864371,16.0,-110,0.014317207287738021
1494,910864371,21.0,60,0.034292144460067765
