spec_id_label,Tree_first_cl_label,x,y
823231829,L2/3 IT VISp Rrad,1.79831265,-6.82201185
893406540,L2/3 IT VISp Rrad,1.79831265,-6.82201185
896877084,L2/3 IT VISp Rrad,1.79831265,-6.82201185
922597220,L2/3 IT VISp Rrad,1.79831265,-6.82201185
740373591,L2/3 IT VISp Rrad,1.79831265,-6.82201185
716853260,L2/3 IT VISp Rrad,1.79831265,-6.82201185
973383317,L2/3 IT VISp Rrad,1.79831265,-6.82201185
889271408,L2/3 IT VISp Rrad,1.79831265,-6.82201185
912275105,L2/3 IT VISp Rrad,1.79831265,-6.82201185
912918179,L2/3 IT VISp Rrad,1.79831265,-6.82201185
926866005,L2/3 IT VISp Rrad,1.79831265,-6.82201185
935046071,L2/3 IT VISp Rrad,1.79831265,-6.82201185
936001075,L2/3 IT VISp Rrad,1.79831265,-6.82201185
953065561,L2/3 IT VISp Rrad,1.79831265,-6.82201185
924610453,L2/3 IT VISp Rrad,1.79831265,-6.82201185
992441737,L2/3 IT VISp Rrad,1.79831265,-6.82201185
994015825,L2/3 IT VISp Rrad,1.79831265,-6.82201185
915479566,L2/3 IT VISp Rrad,1.79831265,-6.82201185
649505836,L2/3 IT VISp Rrad,1.79831265,-6.82201185
912301547,L2/3 IT VISp Rrad,1.79831265,-6.82201185
912953077,L2/3 IT VISp Rrad,1.79831265,-6.82201185
947344218,L2/3 IT VISp Rrad,1.79831265,-6.82201185
912256459,L2/3 IT VISp Rrad,1.79831265,-6.82201185
912889454,L2/3 IT VISp Rrad,1.79831265,-6.82201185
925242241,L2/3 IT VISp Rrad,1.79831265,-6.82201185
954066469,L2/3 IT VISp Rrad,1.79831265,-6.82201185
915442497,L2/3 IT VISp Adamts2,3.72502265,-5.30757955
912608626,L2/3 IT VISp Agmat,3.1455767,-8.167568
914250737,L2/3 IT VISp Agmat,3.1455767,-8.167568
705839974,L2/3 IT VISp Agmat,3.1455767,-8.167568
824923819,L2/3 IT VISp Agmat,3.1455767,-8.167568
824937690,L2/3 IT VISp Agmat,3.1455767,-8.167568
895740736,L2/3 IT VISp Agmat,3.1455767,-8.167568
986109363,L2/3 IT VISp Agmat,3.1455767,-8.167568
986279166,L2/3 IT VISp Agmat,3.1455767,-8.167568
717089521,L2/3 IT VISp Agmat,3.1455767,-8.167568
963190732,L2/3 IT VISp Agmat,3.1455767,-8.167568
693269523,L2/3 IT VISp Agmat,3.1455767,-8.167568
705302304,L2/3 IT VISp Agmat,3.1455767,-8.167568
869616485,L2/3 IT VISp Agmat,3.1455767,-8.167568
895609799,L2/3 IT VISp Agmat,3.1455767,-8.167568
963019667,L2/3 IT VISp Agmat,3.1455767,-8.167568
867765313,L2/3 IT VISp Agmat,3.1455767,-8.167568
898881170,L2/3 IT VISp Agmat,3.1455767,-8.167568
922613228,L2/3 IT VISp Agmat,3.1455767,-8.167568
962821095,L2/3 IT VISp Agmat,3.1455767,-8.167568
963063283,L2/3 IT VISp Agmat,3.1455767,-8.167568
986231328,L2/3 IT VISp Agmat,3.1455767,-8.167568
824909637,L2/3 IT VISp Agmat,3.1455767,-8.167568
816462408,L2/3 IT VISp Agmat,3.1455767,-8.167568
952669499,L2/3 IT VISp Agmat,3.1455767,-8.167568
919085315,L2/3 IT VISp Agmat,3.1455767,-8.167568
709442586,L2/3 IT VISp Agmat,3.1455767,-8.167568
962355052,L2/3 IT VISp Agmat,3.1455767,-8.167568
912868696,L2/3 IT VISp Agmat,3.1455767,-8.167568
920542161,L2/3 IT VISp Agmat,3.1455767,-8.167568
947496055,L2/3 IT VISp Agmat,3.1455767,-8.167568
950034792,L2/3 IT VISp Agmat,3.1455767,-8.167568
904862358,L2/3 IT VISp Agmat,3.1455767,-8.167568
717113701,L2/3 IT VISp Agmat,3.1455767,-8.167568
962261526,L2/3 IT VISp Agmat,3.1455767,-8.167568
994042809,L2/3 IT VISp Agmat,3.1455767,-8.167568
919699890,L2/3 IT VISp Agmat,3.1455767,-8.167568
717313398,L4 IT VISp Rspo1,-1.7910793,-3.7460554
792687812,L4 IT VISp Rspo1,-1.7910793,-3.7460554
949987663,L4 IT VISp Rspo1,-1.7910793,-3.7460554
950027726,L4 IT VISp Rspo1,-1.7910793,-3.7460554
951495679,L4 IT VISp Rspo1,-1.7910793,-3.7460554
954223042,L4 IT VISp Rspo1,-1.7910793,-3.7460554
956126263,L4 IT VISp Rspo1,-1.7910793,-3.7460554
956476417,L4 IT VISp Rspo1,-1.7910793,-3.7460554
639910703,L4 IT VISp Rspo1,-1.7910793,-3.7460554
640109906,L4 IT VISp Rspo1,-1.7910793,-3.7460554
640285026,L4 IT VISp Rspo1,-1.7910793,-3.7460554
672645198,L4 IT VISp Rspo1,-1.7910793,-3.7460554
679211312,L4 IT VISp Rspo1,-1.7910793,-3.7460554
643798256,L4 IT VISp Rspo1,-1.7910793,-3.7460554
643808289,L4 IT VISp Rspo1,-1.7910793,-3.7460554
672644038,L4 IT VISp Rspo1,-1.7910793,-3.7460554
680969310,L4 IT VISp Rspo1,-1.7910793,-3.7460554
735258437,L4 IT VISp Rspo1,-1.7910793,-3.7460554
824990654,L4 IT VISp Rspo1,-1.7910793,-3.7460554
825002523,L4 IT VISp Rspo1,-1.7910793,-3.7460554
849679419,L4 IT VISp Rspo1,-1.7910793,-3.7460554
889568825,L4 IT VISp Rspo1,-1.7910793,-3.7460554
896871575,L4 IT VISp Rspo1,-1.7910793,-3.7460554
962038938,L4 IT VISp Rspo1,-1.7910793,-3.7460554
976985059,L4 IT VISp Rspo1,-1.7910793,-3.7460554
638211495,L4 IT VISp Rspo1,-1.7910793,-3.7460554
638223032,L4 IT VISp Rspo1,-1.7910793,-3.7460554
638228854,L4 IT VISp Rspo1,-1.7910793,-3.7460554
639881020,L4 IT VISp Rspo1,-1.7910793,-3.7460554
640088868,L4 IT VISp Rspo1,-1.7910793,-3.7460554
679647266,L4 IT VISp Rspo1,-1.7910793,-3.7460554
717079828,L4 IT VISp Rspo1,-1.7910793,-3.7460554
638322521,L4 IT VISp Rspo1,-1.7910793,-3.7460554
638988062,L4 IT VISp Rspo1,-1.7910793,-3.7460554
642753179,L4 IT VISp Rspo1,-1.7910793,-3.7460554
643501648,L4 IT VISp Rspo1,-1.7910793,-3.7460554
643825527,L4 IT VISp Rspo1,-1.7910793,-3.7460554
880889599,L4 IT VISp Rspo1,-1.7910793,-3.7460554
891594369,L4 IT VISp Rspo1,-1.7910793,-3.7460554
896860760,L4 IT VISp Rspo1,-1.7910793,-3.7460554
954164743,L4 IT VISp Rspo1,-1.7910793,-3.7460554
956134345,L4 IT VISp Rspo1,-1.7910793,-3.7460554
639910566,L4 IT VISp Rspo1,-1.7910793,-3.7460554
643508561,L4 IT VISp Rspo1,-1.7910793,-3.7460554
716784611,L4 IT VISp Rspo1,-1.7910793,-3.7460554
762706824,L4 IT VISp Rspo1,-1.7910793,-3.7460554
778255191,L4 IT VISp Rspo1,-1.7910793,-3.7460554
849675474,L4 IT VISp Rspo1,-1.7910793,-3.7460554
948126701,L4 IT VISp Rspo1,-1.7910793,-3.7460554
950081436,L4 IT VISp Rspo1,-1.7910793,-3.7460554
799967729,L4 IT VISp Rspo1,-1.7910793,-3.7460554
640111874,L4 IT VISp Rspo1,-1.7910793,-3.7460554
950093160,L4 IT VISp Rspo1,-1.7910793,-3.7460554
640314301,L4 IT VISp Rspo1,-1.7910793,-3.7460554
882759763,L4 IT VISp Rspo1,-1.7910793,-3.7460554
948429967,L4 IT VISp Rspo1,-1.7910793,-3.7460554
951581517,L4 IT VISp Rspo1,-1.7910793,-3.7460554
645144344,L4 IT VISp Rspo1,-1.7910793,-3.7460554
948168600,L4 IT VISp Rspo1,-1.7910793,-3.7460554
679511332,L4 IT VISp Rspo1,-1.7910793,-3.7460554
643511500,L4 IT VISp Rspo1,-1.7910793,-3.7460554
680973517,L4 IT VISp Rspo1,-1.7910793,-3.7460554
954148478,L4 IT VISp Rspo1,-1.7910793,-3.7460554
640109779,L4 IT VISp Rspo1,-1.7910793,-3.7460554
640106757,L4 IT VISp Rspo1,-1.7910793,-3.7460554
645530172,L4 IT VISp Rspo1,-1.7910793,-3.7460554
628802839,L4 IT VISp Rspo1,-1.7910793,-3.7460554
680954928,L4 IT VISp Rspo1,-1.7910793,-3.7460554
848303383,L5 IT VISp Hsd11b1 Endou,-1.7980299,-0.08186342199999999
907170627,L5 IT VISp Hsd11b1 Endou,-1.7980299,-0.08186342199999999
947975387,L5 IT VISp Hsd11b1 Endou,-1.7980299,-0.08186342199999999
604527243,L5 IT VISp Hsd11b1 Endou,-1.7980299,-0.08186342199999999
681554845,L5 IT VISp Hsd11b1 Endou,-1.7980299,-0.08186342199999999
628561242,L5 IT VISp Hsd11b1 Endou,-1.7980299,-0.08186342199999999
646101314,L5 IT VISp Hsd11b1 Endou,-1.7980299,-0.08186342199999999
679183249,L5 IT VISp Hsd11b1 Endou,-1.7980299,-0.08186342199999999
679557513,L5 IT VISp Hsd11b1 Endou,-1.7980299,-0.08186342199999999
731877507,L5 IT VISp Hsd11b1 Endou,-1.7980299,-0.08186342199999999
764497776,L5 IT VISp Hsd11b1 Endou,-1.7980299,-0.08186342199999999
929542471,L5 IT VISp Hsd11b1 Endou,-1.7980299,-0.08186342199999999
940686616,L5 IT VISp Hsd11b1 Endou,-1.7980299,-0.08186342199999999
992402475,L5 IT VISp Hsd11b1 Endou,-1.7980299,-0.08186342199999999
652789704,L5 IT VISp Hsd11b1 Endou,-1.7980299,-0.08186342199999999
679010561,L5 IT VISp Hsd11b1 Endou,-1.7980299,-0.08186342199999999
901424290,L5 IT VISp Hsd11b1 Endou,-1.7980299,-0.08186342199999999
643003647,L5 IT VISp Hsd11b1 Endou,-1.7980299,-0.08186342199999999
743027332,L5 IT VISp Hsd11b1 Endou,-1.7980299,-0.08186342199999999
989501392,L5 IT VISp Hsd11b1 Endou,-1.7980299,-0.08186342199999999
847870428,L5 IT VISp Hsd11b1 Endou,-1.7980299,-0.08186342199999999
628633713,L5 IT VISp Hsd11b1 Endou,-1.7980299,-0.08186342199999999
764033223,L5 IT VISp Hsd11b1 Endou,-1.7980299,-0.08186342199999999
716596648,L5 IT VISp Hsd11b1 Endou,-1.7980299,-0.08186342199999999
992760205,L5 IT VISp Hsd11b1 Endou,-1.7980299,-0.08186342199999999
693261769,L5 IT VISp Hsd11b1 Endou,-1.7980299,-0.08186342199999999
628756464,L5 IT VISp Hsd11b1 Endou,-1.7980299,-0.08186342199999999
637385119,L5 IT VISp Hsd11b1 Endou,-1.7980299,-0.08186342199999999
645518718,L5 IT VISp Hsd11b1 Endou,-1.7980299,-0.08186342199999999
681937682,L5 IT VISp Hsd11b1 Endou,-1.7980299,-0.08186342199999999
764477652,L5 IT VISp Hsd11b1 Endou,-1.7980299,-0.08186342199999999
940759275,L5 IT VISp Hsd11b1 Endou,-1.7980299,-0.08186342199999999
901160774,L5 IT VISp Hsd11b1 Endou,-1.7980299,-0.08186342199999999
992738956,L5 IT VISp Hsd11b1 Endou,-1.7980299,-0.08186342199999999
764495103,L5 IT VISp Hsd11b1 Endou,-1.7980299,-0.08186342199999999
825365347,L5 IT VISp Hsd11b1 Endou,-1.7980299,-0.08186342199999999
882795087,L5 IT VISp Hsd11b1 Endou,-1.7980299,-0.08186342199999999
825354223,L5 IT VISp Hsd11b1 Endou,-1.7980299,-0.08186342199999999
764500477,L5 IT VISp Hsd11b1 Endou,-1.7980299,-0.08186342199999999
990342596,L5 IT VISp Hsd11b1 Endou,-1.7980299,-0.08186342199999999
952662618,L5 IT VISp Hsd11b1 Endou,-1.7980299,-0.08186342199999999
644857353,L5 IT VISp Hsd11b1 Endou,-1.7980299,-0.08186342199999999
612402470,L5 IT VISp Hsd11b1 Endou,-1.7980299,-0.08186342199999999
645443849,L5 IT VISp Hsd11b1 Endou,-1.7980299,-0.08186342199999999
652958648,L5 IT VISp Hsd11b1 Endou,-1.7980299,-0.08186342199999999
849668601,L5 IT VISp Hsd11b1 Endou,-1.7980299,-0.08186342199999999
965626099,L5 IT VISp Hsd11b1 Endou,-1.7980299,-0.08186342199999999
909586358,L5 IT VISp Hsd11b1 Endou,-1.7980299,-0.08186342199999999
945848661,L5 IT VISp Hsd11b1 Endou,-1.7980299,-0.08186342199999999
645354028,L5 IT VISp Hsd11b1 Endou,-1.7980299,-0.08186342199999999
645608113,L5 IT VISp Hsd11b1 Endou,-1.7980299,-0.08186342199999999
813005184,L5 IT VISp Hsd11b1 Endou,-1.7980299,-0.08186342199999999
645453746,L5 IT VISp Hsd11b1 Endou,-1.7980299,-0.08186342199999999
901103472,L5 IT VISp Hsd11b1 Endou,-1.7980299,-0.08186342199999999
652959315,L5 IT VISp Hsd11b1 Endou,-1.7980299,-0.08186342199999999
907155359,L5 IT VISp Hsd11b1 Endou,-1.7980299,-0.08186342199999999
818818876,L5 IT VISp Hsd11b1 Endou,-1.7980299,-0.08186342199999999
735205632,L5 IT VISp Hsd11b1 Endou,-1.7980299,-0.08186342199999999
898946846,L5 IT VISp Hsd11b1 Endou,-1.7980299,-0.08186342199999999
711564509,L5 IT VISp Hsd11b1 Endou,-1.7980299,-0.08186342199999999
940798014,L5 IT VISp Hsd11b1 Endou,-1.7980299,-0.08186342199999999
825389194,L5 IT VISp Hsd11b1 Endou,-1.7980299,-0.08186342199999999
693274467,L5 IT VISp Hsd11b1 Endou,-1.7980299,-0.08186342199999999
951722517,L5 IT VISp Hsd11b1 Endou,-1.7980299,-0.08186342199999999
694745882,L5 IT VISp Hsd11b1 Endou,-1.7980299,-0.08186342199999999
908721187,L5 IT VISp Hsd11b1 Endou,-1.7980299,-0.08186342199999999
992219189,L5 IT VISp Hsd11b1 Endou,-1.7980299,-0.08186342199999999
681939807,L5 IT VISp Hsd11b1 Endou,-1.7980299,-0.08186342199999999
825436260,L5 IT VISp Hsd11b1 Endou,-1.7980299,-0.08186342199999999
642790804,L5 IT VISp Hsd11b1 Endou,-1.7980299,-0.08186342199999999
623331789,L5 IT VISp Hsd11b1 Endou,-1.7980299,-0.08186342199999999
645449397,L5 IT VISp Hsd11b1 Endou,-1.7980299,-0.08186342199999999
948344824,L5 IT VISp Hsd11b1 Endou,-1.7980299,-0.08186342199999999
1000153691,L5 IT VISp Hsd11b1 Endou,-1.7980299,-0.08186342199999999
820149803,L5 IT VISp Hsd11b1 Endou,-1.7980299,-0.08186342199999999
963345172,L5 IT VISp Hsd11b1 Endou,-1.7980299,-0.08186342199999999
645551825,L5 IT VISp Hsd11b1 Endou,-1.7980299,-0.08186342199999999
907296441,L5 IT VISp Whrn Tox2,0.0881826275,-0.071693538
648093076,L5 IT VISp Whrn Tox2,0.0881826275,-0.071693538
644858243,L5 IT VISp Whrn Tox2,0.0881826275,-0.071693538
603337985,L5 IT VISp Whrn Tox2,0.0881826275,-0.071693538
853901772,L5 IT VISp Whrn Tox2,0.0881826275,-0.071693538
940649852,L5 IT VISp Whrn Tox2,0.0881826275,-0.071693538
679185666,L5 IT VISp Whrn Tox2,0.0881826275,-0.071693538
841871826,L5 IT VISp Whrn Tox2,0.0881826275,-0.071693538
651041745,L5 IT VISp Whrn Tox2,0.0881826275,-0.071693538
819950000,L5 IT VISp Whrn Tox2,0.0881826275,-0.071693538
982757189,L5 IT VISp Whrn Tox2,0.0881826275,-0.071693538
906510693,L5 IT VISp Batf3,1.7974479,1.15551945
945833568,L5 IT VISp Batf3,1.7974479,1.15551945
947109100,L5 IT VISp Batf3,1.7974479,1.15551945
645635525,L5 IT VISp Batf3,1.7974479,1.15551945
656948675,L5 IT VISp Batf3,1.7974479,1.15551945
679471718,L5 IT VISp Batf3,1.7974479,1.15551945
711573106,L5 IT VISp Batf3,1.7974479,1.15551945
638806925,L5 IT VISp Batf3,1.7974479,1.15551945
643506594,L5 IT VISp Batf3,1.7974479,1.15551945
644482280,L5 IT VISp Batf3,1.7974479,1.15551945
644864693,L5 IT VISp Batf3,1.7974479,1.15551945
673583983,L5 IT VISp Batf3,1.7974479,1.15551945
694830305,L5 IT VISp Batf3,1.7974479,1.15551945
902255361,L5 IT VISp Batf3,1.7974479,1.15551945
912903080,L5 IT VISp Batf3,1.7974479,1.15551945
947189559,L5 IT VISp Batf3,1.7974479,1.15551945
956141669,L5 IT VISp Batf3,1.7974479,1.15551945
963220125,L5 IT VISp Batf3,1.7974479,1.15551945
986186887,L5 IT VISp Batf3,1.7974479,1.15551945
652175435,L5 IT VISp Batf3,1.7974479,1.15551945
656947791,L5 IT VISp Batf3,1.7974479,1.15551945
673387671,L5 IT VISp Batf3,1.7974479,1.15551945
812999794,L5 IT VISp Batf3,1.7974479,1.15551945
824641983,L5 IT VISp Batf3,1.7974479,1.15551945
898658234,L5 IT VISp Batf3,1.7974479,1.15551945
907133224,L5 IT VISp Batf3,1.7974479,1.15551945
966795074,L5 IT VISp Batf3,1.7974479,1.15551945
982724976,L5 IT VISp Batf3,1.7974479,1.15551945
992408868,L5 IT VISp Batf3,1.7974479,1.15551945
643541667,L5 IT VISp Batf3,1.7974479,1.15551945
673643261,L5 IT VISp Batf3,1.7974479,1.15551945
830652329,L5 IT VISp Batf3,1.7974479,1.15551945
845540533,L5 IT VISp Batf3,1.7974479,1.15551945
906587880,L5 IT VISp Batf3,1.7974479,1.15551945
947286448,L5 IT VISp Batf3,1.7974479,1.15551945
901395424,L5 IT VISp Batf3,1.7974479,1.15551945
986275230,L5 IT VISp Batf3,1.7974479,1.15551945
992394456,L5 IT VISp Batf3,1.7974479,1.15551945
992390889,L5 IT VISp Batf3,1.7974479,1.15551945
603902877,L5 IT VISp Batf3,1.7974479,1.15551945
657192687,L5 IT VISp Batf3,1.7974479,1.15551945
743115891,L5 IT VISp Batf3,1.7974479,1.15551945
882839228,L5 IT VISp Batf3,1.7974479,1.15551945
969964106,L5 IT VISp Batf3,1.7974479,1.15551945
986231454,L5 IT VISp Batf3,1.7974479,1.15551945
819747729,L5 IT VISp Batf3,1.7974479,1.15551945
990350690,L5 IT VISp Batf3,1.7974479,1.15551945
639827216,L5 IT VISp Batf3,1.7974479,1.15551945
969959114,L5 IT VISp Batf3,1.7974479,1.15551945
834161225,L5 IT VISp Batf3,1.7974479,1.15551945
906532711,L5 IT VISp Col6a1 Fezf2,1.8257408,2.40826485
645834123,L5 IT VISp Col6a1 Fezf2,1.8257408,2.40826485
893401406,L5 IT VISp Col6a1 Fezf2,1.8257408,2.40826485
913765840,L5 IT VISp Col6a1 Fezf2,1.8257408,2.40826485
850968263,L5 IT VISp Col6a1 Fezf2,1.8257408,2.40826485
899452696,L5 IT VISp Col6a1 Fezf2,1.8257408,2.40826485
899502033,L5 IT VISp Col6a1 Fezf2,1.8257408,2.40826485
679270434,L5 IT VISp Col6a1 Fezf2,1.8257408,2.40826485
694841940,L5 IT VISp Col6a1 Fezf2,1.8257408,2.40826485
645529777,L5 IT VISp Col27a1,2.17801865,7.6704378
919784692,L5 IT VISp Col27a1,2.17801865,7.6704378
957296740,L5 IT VISp Col27a1,2.17801865,7.6704378
957337542,L5 IT VISp Col27a1,2.17801865,7.6704378
966819173,L5 IT VISp Col27a1,2.17801865,7.6704378
971586225,L5 IT VISp Col27a1,2.17801865,7.6704378
971647853,L5 IT VISp Col27a1,2.17801865,7.6704378
898701038,L5 IT VISp Col27a1,2.17801865,7.6704378
957039327,L5 IT VISp Col27a1,2.17801865,7.6704378
961238333,L5 IT VISp Col27a1,2.17801865,7.6704378
895548208,L5 IT VISp Col27a1,2.17801865,7.6704378
972419157,L6 IT VISp Penk Col27a1,0.28354577999999997,10.9276705
1000741385,L6 IT VISp Penk Col27a1,0.28354577999999997,10.9276705
701075085,L6 IT VISp Penk Col27a1,0.28354577999999997,10.9276705
970683578,L6 IT VISp Penk Col27a1,0.28354577999999997,10.9276705
971607823,L6 IT VISp Penk Col27a1,0.28354577999999997,10.9276705
891558275,L6 IT VISp Penk Col27a1,0.28354577999999997,10.9276705
916490671,L6 IT VISp Penk Col27a1,0.28354577999999997,10.9276705
917657507,L6 IT VISp Penk Col27a1,0.28354577999999997,10.9276705
948366592,L6 IT VISp Penk Col27a1,0.28354577999999997,10.9276705
962105846,L6 IT VISp Penk Col27a1,0.28354577999999997,10.9276705
963009885,L6 IT VISp Penk Col27a1,0.28354577999999997,10.9276705
971708843,L6 IT VISp Penk Col27a1,0.28354577999999997,10.9276705
847887193,L6 IT VISp Penk Col27a1,0.28354577999999997,10.9276705
919109645,L6 IT VISp Penk Col27a1,0.28354577999999997,10.9276705
965535967,L6 IT VISp Penk Col27a1,0.28354577999999997,10.9276705
972461174,L6 IT VISp Penk Col27a1,0.28354577999999997,10.9276705
882733530,L6 IT VISp Penk Col27a1,0.28354577999999997,10.9276705
990590730,L6 IT VISp Penk Col27a1,0.28354577999999997,10.9276705
898929277,L6 IT VISp Penk Col27a1,0.28354577999999997,10.9276705
963322913,L6 IT VISp Penk Col27a1,0.28354577999999997,10.9276705
895557666,L6 IT VISp Penk Col27a1,0.28354577999999997,10.9276705
964931038,L6 IT VISp Penk Col27a1,0.28354577999999997,10.9276705
794963377,L6 IT VISp Penk Col27a1,0.28354577999999997,10.9276705
919979790,L6 IT VISp Penk Col27a1,0.28354577999999997,10.9276705
697506892,L6 IT VISp Penk Col27a1,0.28354577999999997,10.9276705
901093205,L6 IT VISp Penk Col27a1,0.28354577999999997,10.9276705
646836355,L6 IT VISp Penk Col27a1,0.28354577999999997,10.9276705
907465109,L6 IT VISp Penk Col27a1,0.28354577999999997,10.9276705
636784746,L6 IT VISp Penk Col27a1,0.28354577999999997,10.9276705
697521266,L6 IT VISp Penk Col27a1,0.28354577999999997,10.9276705
896053888,L6 IT VISp Penk Col27a1,0.28354577999999997,10.9276705
889648857,L6 IT VISp Penk Col27a1,0.28354577999999997,10.9276705
972549288,L6 IT VISp Penk Col27a1,0.28354577999999997,10.9276705
717076419,L6 IT VISp Penk Col27a1,0.28354577999999997,10.9276705
915572484,L6 IT VISp Penk Fst,-1.38155955,12.03390525
742023028,L6 IT VISp Penk Fst,-1.38155955,12.03390525
911964754,L6 IT VISp Penk Fst,-1.38155955,12.03390525
882198617,L6 IT VISp Penk Fst,-1.38155955,12.03390525
913773906,L6 IT VISp Penk Fst,-1.38155955,12.03390525
698700813,L6 IT VISp Col18a1,-1.421628,13.797767
900985661,L6 IT VISp Col18a1,-1.421628,13.797767
910864371,L6 IT VISp Col18a1,-1.421628,13.797767
934725928,L6 IT VISp Col18a1,-1.421628,13.797767
963267074,L6 IT VISp Col18a1,-1.421628,13.797767
965574215,L6 IT VISp Col18a1,-1.421628,13.797767
640002660,L6 IT VISp Col18a1,-1.421628,13.797767
648115263,L6 IT VISp Col18a1,-1.421628,13.797767
820095539,L6 IT VISp Col18a1,-1.421628,13.797767
880817724,L6 IT VISp Col18a1,-1.421628,13.797767
882458442,L6 IT VISp Col18a1,-1.421628,13.797767
896619350,L6 IT VISp Col18a1,-1.421628,13.797767
896897092,L6 IT VISp Col18a1,-1.421628,13.797767
901060224,L6 IT VISp Col18a1,-1.421628,13.797767
906568427,L6 IT VISp Col18a1,-1.421628,13.797767
912085494,L6 IT VISp Col18a1,-1.421628,13.797767
912329296,L6 IT VISp Col18a1,-1.421628,13.797767
913794676,L6 IT VISp Col18a1,-1.421628,13.797767
921637459,L6 IT VISp Col18a1,-1.421628,13.797767
950363664,L6 IT VISp Col18a1,-1.421628,13.797767
966772916,L6 IT VISp Col18a1,-1.421628,13.797767
990240020,L6 IT VISp Col18a1,-1.421628,13.797767
990331949,L6 IT VISp Col18a1,-1.421628,13.797767
992441763,L6 IT VISp Col18a1,-1.421628,13.797767
645934635,L6 IT VISp Col18a1,-1.421628,13.797767
742014521,L6 IT VISp Col18a1,-1.421628,13.797767
742019567,L6 IT VISp Col18a1,-1.421628,13.797767
908675487,L6 IT VISp Col18a1,-1.421628,13.797767
917588572,L6 IT VISp Col18a1,-1.421628,13.797767
921574909,L6 IT VISp Col18a1,-1.421628,13.797767
947139142,L6 IT VISp Col18a1,-1.421628,13.797767
990606480,L6 IT VISp Col18a1,-1.421628,13.797767
1055268377,L6 IT VISp Col18a1,-1.421628,13.797767
763994181,L6 IT VISp Col18a1,-1.421628,13.797767
841873725,L6 IT VISp Col18a1,-1.421628,13.797767
899424012,L6 IT VISp Col18a1,-1.421628,13.797767
901334338,L6 IT VISp Col18a1,-1.421628,13.797767
904059133,L6 IT VISp Col18a1,-1.421628,13.797767
915441937,L6 IT VISp Col18a1,-1.421628,13.797767
922679209,L6 IT VISp Col18a1,-1.421628,13.797767
926754976,L6 IT VISp Col18a1,-1.421628,13.797767
948318130,L6 IT VISp Col18a1,-1.421628,13.797767
964894772,L6 IT VISp Col18a1,-1.421628,13.797767
965577581,L6 IT VISp Col18a1,-1.421628,13.797767
965605105,L6 IT VISp Col18a1,-1.421628,13.797767
966819294,L6 IT VISp Col18a1,-1.421628,13.797767
992009934,L6 IT VISp Col18a1,-1.421628,13.797767
1038771988,L6 IT VISp Col18a1,-1.421628,13.797767
644832461,L6 IT VISp Col18a1,-1.421628,13.797767
743754524,L6 IT VISp Col18a1,-1.421628,13.797767
742940722,L6 IT VISp Col18a1,-1.421628,13.797767
965542873,L6 IT VISp Col18a1,-1.421628,13.797767
644920260,L6 IT VISp Col18a1,-1.421628,13.797767
989409283,L6 IT VISp Col18a1,-1.421628,13.797767
697538916,L6 IT VISp Col18a1,-1.421628,13.797767
990538130,L6 IT VISp Col18a1,-1.421628,13.797767
893366298,L6 IT VISp Col18a1,-1.421628,13.797767
977013731,L6 IT VISp Col18a1,-1.421628,13.797767
907191349,L6 IT VISp Col18a1,-1.421628,13.797767
899505310,L6 IT VISp Col18a1,-1.421628,13.797767
992769223,L6 IT VISp Col18a1,-1.421628,13.797767
912571573,L6 IT VISp Col18a1,-1.421628,13.797767
1000742412,L6 IT VISp Car3,-10.114802000000001,10.0805135
989502887,L6 IT VISp Car3,-10.114802000000001,10.0805135
1000110992,L6 IT VISp Car3,-10.114802000000001,10.0805135
1000125506,L6 IT VISp Car3,-10.114802000000001,10.0805135
1054106864,L6 IT VISp Car3,-10.114802000000001,10.0805135
1054139238,L6 IT VISp Car3,-10.114802000000001,10.0805135
914275457,L6 IT VISp Car3,-10.114802000000001,10.0805135
973792505,L6 IT VISp Car3,-10.114802000000001,10.0805135
989164849,L6 IT VISp Car3,-10.114802000000001,10.0805135
989479628,L6 IT VISp Car3,-10.114802000000001,10.0805135
1044355522,L6 IT VISp Car3,-10.114802000000001,10.0805135
1054721489,L6 IT VISp Car3,-10.114802000000001,10.0805135
973832650,L6 IT VISp Car3,-10.114802000000001,10.0805135
975392497,L6 IT VISp Car3,-10.114802000000001,10.0805135
975477315,L6 IT VISp Car3,-10.114802000000001,10.0805135
1000131771,L6 IT VISp Car3,-10.114802000000001,10.0805135
1000612469,L6 IT VISp Car3,-10.114802000000001,10.0805135
1000625161,L6 IT VISp Car3,-10.114802000000001,10.0805135
973771485,L6 IT VISp Car3,-10.114802000000001,10.0805135
975325599,L6 IT VISp Car3,-10.114802000000001,10.0805135
1000756535,L6 IT VISp Car3,-10.114802000000001,10.0805135
1054146046,L6 IT VISp Car3,-10.114802000000001,10.0805135
950265290,L5 ET VISp Chrna6,11.004996,11.9815705
951537534,L5 ET VISp Chrna6,11.004996,11.9815705
828886063,L5 ET VISp Chrna6,11.004996,11.9815705
829302487,L5 ET VISp Chrna6,11.004996,11.9815705
829318500,L5 ET VISp Chrna6,11.004996,11.9815705
896110766,L5 ET VISp Chrna6,11.004996,11.9815705
898529637,L5 ET VISp Chrna6,11.004996,11.9815705
901151599,L5 ET VISp Chrna6,11.004996,11.9815705
902278249,L5 ET VISp Chrna6,11.004996,11.9815705
973384481,L5 ET VISp Chrna6,11.004996,11.9815705
989163765,L5 ET VISp Chrna6,11.004996,11.9815705
645834778,L5 ET VISp Chrna6,11.004996,11.9815705
826765287,L5 ET VISp Chrna6,11.004996,11.9815705
826782115,L5 ET VISp Chrna6,11.004996,11.9815705
827638657,L5 ET VISp Chrna6,11.004996,11.9815705
827772373,L5 ET VISp Chrna6,11.004996,11.9815705
828879764,L5 ET VISp Chrna6,11.004996,11.9815705
702023186,L5 ET VISp Chrna6,11.004996,11.9815705
826830025,L5 ET VISp Chrna6,11.004996,11.9815705
827595695,L5 ET VISp Chrna6,11.004996,11.9815705
827655895,L5 ET VISp Chrna6,11.004996,11.9815705
828842878,L5 ET VISp Chrna6,11.004996,11.9815705
828879817,L5 ET VISp Chrna6,11.004996,11.9815705
828894369,L5 ET VISp Chrna6,11.004996,11.9815705
829296573,L5 ET VISp Chrna6,11.004996,11.9815705
829305793,L5 ET VISp Chrna6,11.004996,11.9815705
845555925,L5 ET VISp Chrna6,11.004996,11.9815705
963325924,L5 ET VISp Chrna6,11.004996,11.9815705
826750185,L5 ET VISp Chrna6,11.004996,11.9815705
826780116,L5 ET VISp Chrna6,11.004996,11.9815705
828880827,L5 ET VISp Chrna6,11.004996,11.9815705
828885535,L5 ET VISp Chrna6,11.004996,11.9815705
829298408,L5 ET VISp Chrna6,11.004996,11.9815705
829305835,L5 ET VISp Chrna6,11.004996,11.9815705
939633886,L5 ET VISp Chrna6,11.004996,11.9815705
951720102,L5 ET VISp Chrna6,11.004996,11.9815705
992406414,L5 ET VISp Chrna6,11.004996,11.9815705
1040463370,L5 ET VISp Chrna6,11.004996,11.9815705
1044635068,L5 ET VISp Chrna6,11.004996,11.9815705
913716620,L5 ET VISp Chrna6,11.004996,11.9815705
603229579,L5 ET VISp Lgr5,4.7048252,10.431045000000001
644548713,L5 ET VISp Lgr5,4.7048252,10.431045000000001
645451268,L5 ET VISp Lgr5,4.7048252,10.431045000000001
695424422,L5 ET VISp Lgr5,4.7048252,10.431045000000001
929527191,L5 ET VISp Lgr5,4.7048252,10.431045000000001
645955689,L5 ET VISp Lgr5,4.7048252,10.431045000000001
642999751,L5 ET VISp Lgr5,4.7048252,10.431045000000001
645373650,L5 ET VISp Lgr5,4.7048252,10.431045000000001
645443249,L5 ET VISp Lgr5,4.7048252,10.431045000000001
826798072,L5 ET VISp Lgr5,4.7048252,10.431045000000001
906545713,L5 ET VISp Lgr5,4.7048252,10.431045000000001
827944175,L5 ET VISp Lgr5,4.7048252,10.431045000000001
828890584,L5 ET VISp Lgr5,4.7048252,10.431045000000001
899462020,L5 ET VISp Lgr5,4.7048252,10.431045000000001
975429194,L5 ET VISp Lgr5,4.7048252,10.431045000000001
853892758,L5 ET VISp Lgr5,4.7048252,10.431045000000001
970723621,L5 ET VISp Lgr5,4.7048252,10.431045000000001
652544407,L5 ET VISp Lgr5,4.7048252,10.431045000000001
895580896,L5 ET VISp Lgr5,4.7048252,10.431045000000001
995575732,L5 ET VISp Lgr5,4.7048252,10.431045000000001
880871943,L5 ET VISp Lgr5,4.7048252,10.431045000000001
895740352,L5 ET VISp Lgr5,4.7048252,10.431045000000001
826909667,L5 ET VISp Lgr5,4.7048252,10.431045000000001
681912683,L5 ET VISp Lgr5,4.7048252,10.431045000000001
987121219,L5 ET VISp Lgr5,4.7048252,10.431045000000001
907087713,L5 ET VISp C1ql2 Ptgfr,5.770586,10.010533
652960852,L5 ET VISp C1ql2 Ptgfr,5.770586,10.010533
841875079,L5 ET VISp C1ql2 Ptgfr,5.770586,10.010533
926803573,L5 ET VISp C1ql2 Ptgfr,5.770586,10.010533
947363567,L5 ET VISp C1ql2 Ptgfr,5.770586,10.010533
948376025,L5 ET VISp C1ql2 Ptgfr,5.770586,10.010533
898553217,L5 ET VISp C1ql2 Ptgfr,5.770586,10.010533
901403196,L5 ET VISp C1ql2 Ptgfr,5.770586,10.010533
908669318,L5 ET VISp C1ql2 Ptgfr,5.770586,10.010533
990219668,L5 ET VISp C1ql2 Ptgfr,5.770586,10.010533
990231113,L5 ET VISp C1ql2 Ptgfr,5.770586,10.010533
681636493,L5 ET VISp C1ql2 Ptgfr,5.770586,10.010533
818825921,L5 ET VISp C1ql2 Ptgfr,5.770586,10.010533
880784944,L5 ET VISp C1ql2 Ptgfr,5.770586,10.010533
880847320,L5 ET VISp C1ql2 Ptgfr,5.770586,10.010533
898949412,L5 ET VISp C1ql2 Ptgfr,5.770586,10.010533
904050612,L5 ET VISp C1ql2 Ptgfr,5.770586,10.010533
906597203,L5 ET VISp C1ql2 Ptgfr,5.770586,10.010533
898947776,L5 ET VISp C1ql2 Ptgfr,5.770586,10.010533
906581896,L5 ET VISp C1ql2 Ptgfr,5.770586,10.010533
908688687,L5 ET VISp C1ql2 Ptgfr,5.770586,10.010533
937854542,L5 ET VISp C1ql2 Ptgfr,5.770586,10.010533
945758130,L5 ET VISp C1ql2 Ptgfr,5.770586,10.010533
950300190,L5 ET VISp C1ql2 Ptgfr,5.770586,10.010533
965821175,L5 ET VISp C1ql2 Ptgfr,5.770586,10.010533
992195946,L5 ET VISp C1ql2 Ptgfr,5.770586,10.010533
992205711,L5 ET VISp C1ql2 Ptgfr,5.770586,10.010533
992219017,L5 ET VISp C1ql2 Ptgfr,5.770586,10.010533
992769264,L5 ET VISp C1ql2 Ptgfr,5.770586,10.010533
880772136,L5 ET VISp C1ql2 Ptgfr,5.770586,10.010533
826842508,L5 ET VISp C1ql2 Ptgfr,5.770586,10.010533
940783281,L5 ET VISp C1ql2 Ptgfr,5.770586,10.010533
990238702,L5 ET VISp C1ql2 Ptgfr,5.770586,10.010533
637383404,L5 ET VISp C1ql2 Ptgfr,5.770586,10.010533
902266075,L5 ET VISp C1ql2 Ptgfr,5.770586,10.010533
799954058,L5 ET VISp C1ql2 Ptgfr,5.770586,10.010533
603511210,L5 ET VISp C1ql2 Cdh13,4.77908,11.975673
865208579,L5 ET VISp C1ql2 Cdh13,4.77908,11.975673
907125584,L5 ET VISp C1ql2 Cdh13,4.77908,11.975673
908543551,L5 ET VISp C1ql2 Cdh13,4.77908,11.975673
944750626,L5 ET VISp C1ql2 Cdh13,4.77908,11.975673
992393816,L5 ET VISp C1ql2 Cdh13,4.77908,11.975673
644836206,L5 ET VISp C1ql2 Cdh13,4.77908,11.975673
742734652,L5 ET VISp C1ql2 Cdh13,4.77908,11.975673
823024502,L5 ET VISp C1ql2 Cdh13,4.77908,11.975673
899674024,L5 ET VISp C1ql2 Cdh13,4.77908,11.975673
950255593,L5 ET VISp C1ql2 Cdh13,4.77908,11.975673
970085557,L5 ET VISp C1ql2 Cdh13,4.77908,11.975673
992396042,L5 ET VISp C1ql2 Cdh13,4.77908,11.975673
866083691,L5 ET VISp C1ql2 Cdh13,4.77908,11.975673
901346711,L5 ET VISp C1ql2 Cdh13,4.77908,11.975673
908537533,L5 ET VISp C1ql2 Cdh13,4.77908,11.975673
914389834,L5 ET VISp C1ql2 Cdh13,4.77908,11.975673
965113010,L5 ET VISp C1ql2 Cdh13,4.77908,11.975673
971561834,L5 ET VISp C1ql2 Cdh13,4.77908,11.975673
983472272,L5 ET VISp C1ql2 Cdh13,4.77908,11.975673
827969748,L5 ET VISp C1ql2 Cdh13,4.77908,11.975673
899683133,L5 ET VISp C1ql2 Cdh13,4.77908,11.975673
973501446,L5 ET VISp C1ql2 Cdh13,4.77908,11.975673
1034751127,L5 ET VISp C1ql2 Cdh13,4.77908,11.975673
867207304,L5 ET VISp C1ql2 Cdh13,4.77908,11.975673
915642833,L5 ET VISp C1ql2 Cdh13,4.77908,11.975673
916699724,L5 ET VISp C1ql2 Cdh13,4.77908,11.975673
965771919,L5 ET VISp C1ql2 Cdh13,4.77908,11.975673
991953962,L5 ET VISp C1ql2 Cdh13,4.77908,11.975673
865311811,L5 ET VISp C1ql2 Cdh13,4.77908,11.975673
880777888,L5 ET VISp C1ql2 Cdh13,4.77908,11.975673
898671597,L5 ET VISp C1ql2 Cdh13,4.77908,11.975673
945768358,L5 ET VISp C1ql2 Cdh13,4.77908,11.975673
901376365,L5 ET VISp C1ql2 Cdh13,4.77908,11.975673
908602736,L5 ET VISp C1ql2 Cdh13,4.77908,11.975673
992227058,L5 ET VISp C1ql2 Cdh13,4.77908,11.975673
975408498,L5 ET VISp C1ql2 Cdh13,4.77908,11.975673
895593803,L5 ET VISp C1ql2 Cdh13,4.77908,11.975673
991978907,L5 ET VISp C1ql2 Cdh13,4.77908,11.975673
998064533,L5 ET VISp C1ql2 Cdh13,4.77908,11.975673
899673509,L5 ET VISp C1ql2 Cdh13,4.77908,11.975673
916681208,L5 ET VISp C1ql2 Cdh13,4.77908,11.975673
823220235,L5 ET VISp C1ql2 Cdh13,4.77908,11.975673
965057941,L5 ET VISp C1ql2 Cdh13,4.77908,11.975673
978676960,L5 ET VISp C1ql2 Cdh13,4.77908,11.975673
898598276,L5 ET VISp C1ql2 Cdh13,4.77908,11.975673
916624146,L5 ET VISp C1ql2 Cdh13,4.77908,11.975673
915757680,L5 ET VISp C1ql2 Cdh13,4.77908,11.975673
989477803,L5 ET VISp C1ql2 Cdh13,4.77908,11.975673
960656026,L5 ET VISp C1ql2 Cdh13,4.77908,11.975673
841889888,L5 ET VISp C1ql2 Cdh13,4.77908,11.975673
867099146,L5 ET VISp C1ql2 Cdh13,4.77908,11.975673
989460363,L5 ET VISp C1ql2 Cdh13,4.77908,11.975673
901369771,L5 ET VISp C1ql2 Cdh13,4.77908,11.975673
681405248,L5 ET VISp C1ql2 Cdh13,4.77908,11.975673
743134436,L5 ET VISp C1ql2 Cdh13,4.77908,11.975673
908649467,L5 ET VISp C1ql2 Cdh13,4.77908,11.975673
880875384,L5 ET VISp C1ql2 Cdh13,4.77908,11.975673
994882296,L5 ET VISp C1ql2 Cdh13,4.77908,11.975673
895833764,L5 ET VISp C1ql2 Cdh13,4.77908,11.975673
820945099,L5 ET VISp Krt80,3.6149808500000002,13.06254425
880853797,L5 ET VISp Krt80,3.6149808500000002,13.06254425
898667347,L5 ET VISp Krt80,3.6149808500000002,13.06254425
908615401,L5 ET VISp Krt80,3.6149808500000002,13.06254425
940583276,L5 ET VISp Krt80,3.6149808500000002,13.06254425
965088550,L5 ET VISp Krt80,3.6149808500000002,13.06254425
965744709,L5 ET VISp Krt80,3.6149808500000002,13.06254425
637394306,L5 ET VISp Krt80,3.6149808500000002,13.06254425
643002356,L5 ET VISp Krt80,3.6149808500000002,13.06254425
645447975,L5 ET VISp Krt80,3.6149808500000002,13.06254425
645913812,L5 ET VISp Krt80,3.6149808500000002,13.06254425
716591562,L5 ET VISp Krt80,3.6149808500000002,13.06254425
642993450,L5 ET VISp Krt80,3.6149808500000002,13.06254425
645442972,L5 ET VISp Krt80,3.6149808500000002,13.06254425
833872706,L5 ET VISp Krt80,3.6149808500000002,13.06254425
841866603,L5 ET VISp Krt80,3.6149808500000002,13.06254425
845402780,L5 ET VISp Krt80,3.6149808500000002,13.06254425
896044181,L5 ET VISp Krt80,3.6149808500000002,13.06254425
904876570,L5 ET VISp Krt80,3.6149808500000002,13.06254425
926842115,L5 ET VISp Krt80,3.6149808500000002,13.06254425
929535184,L5 ET VISp Krt80,3.6149808500000002,13.06254425
948321114,L5 ET VISp Krt80,3.6149808500000002,13.06254425
957039728,L5 ET VISp Krt80,3.6149808500000002,13.06254425
975477551,L5 ET VISp Krt80,3.6149808500000002,13.06254425
813003041,L5 ET VISp Krt80,3.6149808500000002,13.06254425
827873742,L5 ET VISp Krt80,3.6149808500000002,13.06254425
882440699,L5 ET VISp Krt80,3.6149808500000002,13.06254425
882829701,L5 ET VISp Krt80,3.6149808500000002,13.06254425
896126139,L5 ET VISp Krt80,3.6149808500000002,13.06254425
897009330,L5 ET VISp Krt80,3.6149808500000002,13.06254425
972483962,L5 ET VISp Krt80,3.6149808500000002,13.06254425
978147006,L5 ET VISp Krt80,3.6149808500000002,13.06254425
989464819,L5 ET VISp Krt80,3.6149808500000002,13.06254425
642999662,L5 ET VISp Krt80,3.6149808500000002,13.06254425
841866643,L5 ET VISp Krt80,3.6149808500000002,13.06254425
978149378,L5 ET VISp Krt80,3.6149808500000002,13.06254425
978159020,L5 ET VISp Krt80,3.6149808500000002,13.06254425
982703343,L5 ET VISp Krt80,3.6149808500000002,13.06254425
990531168,L5 ET VISp Krt80,3.6149808500000002,13.06254425
914354735,L5 ET VISp Krt80,3.6149808500000002,13.06254425
914399613,L5 ET VISp Krt80,3.6149808500000002,13.06254425
945063428,L5 ET VISp Krt80,3.6149808500000002,13.06254425
948302732,L5 ET VISp Krt80,3.6149808500000002,13.06254425
963308801,L5 ET VISp Krt80,3.6149808500000002,13.06254425
965861424,L5 ET VISp Krt80,3.6149808500000002,13.06254425
972563450,L5 ET VISp Krt80,3.6149808500000002,13.06254425
984092499,L5 ET VISp Krt80,3.6149808500000002,13.06254425
992774965,L5 ET VISp Krt80,3.6149808500000002,13.06254425
952581459,L5 ET VISp Krt80,3.6149808500000002,13.06254425
908639803,L5 ET VISp Krt80,3.6149808500000002,13.06254425
899513194,L5 ET VISp Krt80,3.6149808500000002,13.06254425
951700309,L5 ET VISp Krt80,3.6149808500000002,13.06254425
828009310,L5 ET VISp Krt80,3.6149808500000002,13.06254425
947340690,L5 ET VISp Krt80,3.6149808500000002,13.06254425
867147516,L5 ET VISp Krt80,3.6149808500000002,13.06254425
898670093,L5 ET VISp Krt80,3.6149808500000002,13.06254425
992400811,L5 ET VISp Krt80,3.6149808500000002,13.06254425
948360440,L5 ET VISp Krt80,3.6149808500000002,13.06254425
951729703,L5 ET VISp Krt80,3.6149808500000002,13.06254425
645449840,L5 ET VISp Krt80,3.6149808500000002,13.06254425
681400617,L5 ET VISp Krt80,3.6149808500000002,13.06254425
973846017,L5 ET VISp Krt80,3.6149808500000002,13.06254425
644827374,L5 ET VISp Krt80,3.6149808500000002,13.06254425
908628525,L5 ET VISp Krt80,3.6149808500000002,13.06254425
841888315,L5 ET VISp Krt80,3.6149808500000002,13.06254425
898676236,L5 ET VISp Krt80,3.6149808500000002,13.06254425
945796367,L5 ET VISp Krt80,3.6149808500000002,13.06254425
973472798,L5 ET VISp Krt80,3.6149808500000002,13.06254425
989134063,L5 ET VISp Krt80,3.6149808500000002,13.06254425
896692280,L5 ET VISp Krt80,3.6149808500000002,13.06254425
796858996,L5 ET VISp Krt80,3.6149808500000002,13.06254425
1055390869,L5 NP VISp Trhr Cpne7,16.985298,10.449871
646177634,L5 NP VISp Trhr Cpne7,16.985298,10.449871
698668188,L5 NP VISp Trhr Cpne7,16.985298,10.449871
970080520,L5 NP VISp Trhr Met,16.1099685,9.3875745
698237160,L5 NP VISp Trhr Met,16.1099685,9.3875745
698658322,L5 NP VISp Trhr Met,16.1099685,9.3875745
698676093,L5 NP VISp Trhr Met,16.1099685,9.3875745
698675821,L5 NP VISp Trhr Met,16.1099685,9.3875745
701074357,L5 NP VISp Trhr Met,16.1099685,9.3875745
712145820,L5 NP VISp Trhr Met,16.1099685,9.3875745
958619600,L5 NP VISp Trhr Met,16.1099685,9.3875745
959190247,L5 NP VISp Trhr Met,16.1099685,9.3875745
961096044,L5 NP VISp Trhr Met,16.1099685,9.3875745
961104301,L5 NP VISp Trhr Met,16.1099685,9.3875745
961109466,L5 NP VISp Trhr Met,16.1099685,9.3875745
961118012,L5 NP VISp Trhr Met,16.1099685,9.3875745
961226203,L5 NP VISp Trhr Met,16.1099685,9.3875745
961238285,L5 NP VISp Trhr Met,16.1099685,9.3875745
961242231,L5 NP VISp Trhr Met,16.1099685,9.3875745
1041329016,L5 NP VISp Trhr Met,16.1099685,9.3875745
1055393423,L5 NP VISp Trhr Met,16.1099685,9.3875745
645379626,L5 NP VISp Trhr Met,16.1099685,9.3875745
696958105,L5 NP VISp Trhr Met,16.1099685,9.3875745
701074400,L5 NP VISp Trhr Met,16.1099685,9.3875745
645902724,L5 NP VISp Trhr Met,16.1099685,9.3875745
1040452915,L5 NP VISp Trhr Met,16.1099685,9.3875745
712153315,L5 NP VISp Trhr Met,16.1099685,9.3875745
899512791,L5 NP VISp Trhr Met,16.1099685,9.3875745
983936858,L5 NP VISp Trhr Met,16.1099685,9.3875745
958953064,L5 NP VISp Trhr Met,16.1099685,9.3875745
961114647,L5 NP VISp Trhr Met,16.1099685,9.3875745
961131679,L5 NP VISp Trhr Met,16.1099685,9.3875745
961241673,L5 NP VISp Trhr Met,16.1099685,9.3875745
1043798071,L5 NP VISp Trhr Met,16.1099685,9.3875745
961230415,L5 NP VISp Trhr Met,16.1099685,9.3875745
888338468,L6 CT VISp Krt80 Sla,11.1784915,1.78075785
903831367,L6 CT VISp Krt80 Sla,11.1784915,1.78075785
904023215,L6 CT VISp Krt80 Sla,11.1784915,1.78075785
904690163,L6 CT VISp Krt80 Sla,11.1784915,1.78075785
967385130,L6 CT VISp Krt80 Sla,11.1784915,1.78075785
716309237,L6 CT VISp Krt80 Sla,11.1784915,1.78075785
985869192,L6 CT VISp Krt80 Sla,11.1784915,1.78075785
665201523,L6 CT VISp Krt80 Sla,11.1784915,1.78075785
730820711,L6 CT VISp Krt80 Sla,11.1784915,1.78075785
961846146,L6 CT VISp Krt80 Sla,11.1784915,1.78075785
732003615,L6 CT VISp Krt80 Sla,11.1784915,1.78075785
863465258,L6 CT VISp Krt80 Sla,11.1784915,1.78075785
902369477,L6 CT VISp Krt80 Sla,11.1784915,1.78075785
903853784,L6 CT VISp Krt80 Sla,11.1784915,1.78075785
847898754,L6 CT VISp Krt80 Sla,11.1784915,1.78075785
863460740,L6 CT VISp Krt80 Sla,11.1784915,1.78075785
864004996,L6 CT VISp Krt80 Sla,11.1784915,1.78075785
910432073,L6 CT VISp Krt80 Sla,11.1784915,1.78075785
912573042,L6 CT VISp Krt80 Sla,11.1784915,1.78075785
912686733,L6 CT VISp Krt80 Sla,11.1784915,1.78075785
914250949,L6 CT VISp Krt80 Sla,11.1784915,1.78075785
863478540,L6 CT VISp Krt80 Sla,11.1784915,1.78075785
914234018,L6 CT VISp Krt80 Sla,11.1784915,1.78075785
910287886,L6 CT VISp Krt80 Sla,11.1784915,1.78075785
821606754,L6 CT VISp Krt80 Sla,11.1784915,1.78075785
850969484,L6 CT VISp Nxph2 Wls,11.624832,3.20871195
851650794,L6 CT VISp Nxph2 Wls,11.624832,3.20871195
646854566,L6 CT VISp Nxph2 Wls,11.624832,3.20871195
867244389,L6 CT VISp Nxph2 Wls,11.624832,3.20871195
902000094,L6 CT VISp Nxph2 Wls,11.624832,3.20871195
908855729,L6 CT VISp Nxph2 Wls,11.624832,3.20871195
941719587,L6 CT VISp Nxph2 Wls,11.624832,3.20871195
1044021521,L6 CT VISp Nxph2 Wls,11.624832,3.20871195
904731534,L6 CT VISp Nxph2 Wls,11.624832,3.20871195
912063608,L6 CT VISp Nxph2 Wls,11.624832,3.20871195
904943101,L6 CT VISp Nxph2 Wls,11.624832,3.20871195
736491141,L6 CT VISp Nxph2 Wls,11.624832,3.20871195
653195521,L6 CT VISp Ctxn3 Brinp3,13.176216,3.8483719499999998
902340506,L6 CT VISp Ctxn3 Brinp3,13.176216,3.8483719499999998
927575762,L6 CT VISp Ctxn3 Brinp3,13.176216,3.8483719499999998
811374333,L6 CT VISp Ctxn3 Brinp3,13.176216,3.8483719499999998
853618984,L6 CT VISp Ctxn3 Brinp3,13.176216,3.8483719499999998
907357811,L6 CT VISp Ctxn3 Brinp3,13.176216,3.8483719499999998
966690589,L6 CT VISp Ctxn3 Brinp3,13.176216,3.8483719499999998
904943158,L6 CT VISp Ctxn3 Brinp3,13.176216,3.8483719499999998
883688278,L6 CT VISp Ctxn3 Brinp3,13.176216,3.8483719499999998
904945911,L6 CT VISp Ctxn3 Brinp3,13.176216,3.8483719499999998
932678629,L6 CT VISp Ctxn3 Brinp3,13.176216,3.8483719499999998
863404974,L6 CT VISp Ctxn3 Brinp3,13.176216,3.8483719499999998
901975435,L6 CT VISp Ctxn3 Brinp3,13.176216,3.8483719499999998
904601405,L6 CT VISp Ctxn3 Brinp3,13.176216,3.8483719499999998
853471899,L6 CT VISp Ctxn3 Brinp3,13.176216,3.8483719499999998
863993115,L6 CT VISp Ctxn3 Brinp3,13.176216,3.8483719499999998
904625947,L6 CT VISp Ctxn3 Brinp3,13.176216,3.8483719499999998
904808278,L6 CT VISp Ctxn3 Brinp3,13.176216,3.8483719499999998
904918317,L6 CT VISp Ctxn3 Brinp3,13.176216,3.8483719499999998
907389002,L6 CT VISp Ctxn3 Brinp3,13.176216,3.8483719499999998
916537758,L6 CT VISp Ctxn3 Brinp3,13.176216,3.8483719499999998
942395372,L6 CT VISp Ctxn3 Brinp3,13.176216,3.8483719499999998
724539260,L6 CT VISp Ctxn3 Brinp3,13.176216,3.8483719499999998
834094967,L6 CT VISp Ctxn3 Brinp3,13.176216,3.8483719499999998
843414426,L6 CT VISp Ctxn3 Brinp3,13.176216,3.8483719499999998
904108338,L6 CT VISp Ctxn3 Brinp3,13.176216,3.8483719499999998
904659932,L6 CT VISp Ctxn3 Brinp3,13.176216,3.8483719499999998
929491574,L6 CT VISp Ctxn3 Brinp3,13.176216,3.8483719499999998
935214823,L6 CT VISp Ctxn3 Brinp3,13.176216,3.8483719499999998
884801248,L6 CT VISp Ctxn3 Brinp3,13.176216,3.8483719499999998
902112940,L6 CT VISp Ctxn3 Brinp3,13.176216,3.8483719499999998
903842638,L6 CT VISp Ctxn3 Brinp3,13.176216,3.8483719499999998
907385405,L6 CT VISp Ctxn3 Brinp3,13.176216,3.8483719499999998
935203809,L6 CT VISp Ctxn3 Brinp3,13.176216,3.8483719499999998
937706533,L6 CT VISp Ctxn3 Brinp3,13.176216,3.8483719499999998
941635300,L6 CT VISp Ctxn3 Brinp3,13.176216,3.8483719499999998
942307202,L6 CT VISp Ctxn3 Brinp3,13.176216,3.8483719499999998
985868742,L6 CT VISp Ctxn3 Brinp3,13.176216,3.8483719499999998
990527437,L6 CT VISp Ctxn3 Brinp3,13.176216,3.8483719499999998
853713858,L6 CT VISp Ctxn3 Brinp3,13.176216,3.8483719499999998
863535837,L6 CT VISp Ctxn3 Brinp3,13.176216,3.8483719499999998
904709898,L6 CT VISp Ctxn3 Brinp3,13.176216,3.8483719499999998
932730547,L6 CT VISp Ctxn3 Brinp3,13.176216,3.8483719499999998
863440707,L6 CT VISp Ctxn3 Brinp3,13.176216,3.8483719499999998
972492789,L6 CT VISp Ctxn3 Brinp3,13.176216,3.8483719499999998
764498318,L6 CT VISp Ctxn3 Brinp3,13.176216,3.8483719499999998
907336873,L6 CT VISp Ctxn3 Brinp3,13.176216,3.8483719499999998
965795941,L6 CT VISp Ctxn3 Brinp3,13.176216,3.8483719499999998
904819001,L6 CT VISp Ctxn3 Brinp3,13.176216,3.8483719499999998
985832380,L6 CT VISp Ctxn3 Brinp3,13.176216,3.8483719499999998
902029302,L6 CT VISp Ctxn3 Brinp3,13.176216,3.8483719499999998
927797864,L6 CT VISp Ctxn3 Brinp3,13.176216,3.8483719499999998
902323416,L6 CT VISp Ctxn3 Brinp3,13.176216,3.8483719499999998
971575743,L6 CT VISp Ctxn3 Brinp3,13.176216,3.8483719499999998
913701146,L6 CT VISp Ctxn3 Brinp3,13.176216,3.8483719499999998
910354863,L6 CT VISp Ctxn3 Brinp3,13.176216,3.8483719499999998
966592282,L6 CT VISp Ctxn3 Brinp3,13.176216,3.8483719499999998
653196313,L6 CT VISp Ctxn3 Brinp3,13.176216,3.8483719499999998
647401222,L6 CT VISp Ctxn3 Brinp3,13.176216,3.8483719499999998
863418322,L6 CT VISp Ctxn3 Brinp3,13.176216,3.8483719499999998
972489317,L6 CT VISp Ctxn3 Brinp3,13.176216,3.8483719499999998
910892791,L6 CT VISp Ctxn3 Brinp3,13.176216,3.8483719499999998
902297243,L6 CT VISp Ctxn3 Brinp3,13.176216,3.8483719499999998
941552661,L6 CT VISp Ctxn3 Sla,12.240575,2.7798524
932678695,L6 CT VISp Ctxn3 Sla,12.240575,2.7798524
906706222,L6 CT VISp Ctxn3 Sla,12.240575,2.7798524
908894436,L6 CT VISp Ctxn3 Sla,12.240575,2.7798524
926930912,L6 CT VISp Ctxn3 Sla,12.240575,2.7798524
834055407,L6 CT VISp Ctxn3 Sla,12.240575,2.7798524
834088038,L6 CT VISp Ctxn3 Sla,12.240575,2.7798524
831254527,L6 CT VISp Ctxn3 Sla,12.240575,2.7798524
863431930,L6 CT VISp Ctxn3 Sla,12.240575,2.7798524
902105412,L6 CT VISp Ctxn3 Sla,12.240575,2.7798524
902043499,L6 CT VISp Ctxn3 Sla,12.240575,2.7798524
903807880,L6 CT VISp Ctxn3 Sla,12.240575,2.7798524
882752472,L6 CT VISp Ctxn3 Sla,12.240575,2.7798524
886474771,L6 CT VISp Ctxn3 Sla,12.240575,2.7798524
903864968,L6 CT VISp Ctxn3 Sla,12.240575,2.7798524
834071129,L6 CT VISp Ctxn3 Sla,12.240575,2.7798524
898558730,L6 CT VISp Ctxn3 Sla,12.240575,2.7798524
920016093,L6 CT VISp Ctxn3 Sla,12.240575,2.7798524
927810884,L6 CT VISp Ctxn3 Sla,12.240575,2.7798524
907460164,L6 CT VISp Ctxn3 Sla,12.240575,2.7798524
906739413,L6 CT VISp Ctxn3 Sla,12.240575,2.7798524
904725260,L6 CT VISp Ctxn3 Sla,12.240575,2.7798524
907417958,L6 CT VISp Ctxn3 Sla,12.240575,2.7798524
902284440,L6 CT VISp Ctxn3 Sla,12.240575,2.7798524
910287738,L6 CT VISp Ctxn3 Sla,12.240575,2.7798524
914230662,L6 CT VISp Ctxn3 Sla,12.240575,2.7798524
903814839,L6 CT VISp Ctxn3 Sla,12.240575,2.7798524
966610848,L6 CT VISp Ctxn3 Sla,12.240575,2.7798524
904626210,L6 CT VISp Ctxn3 Sla,12.240575,2.7798524
904948028,L6 CT VISp Ctxn3 Sla,12.240575,2.7798524
912117029,L6 CT VISp Ctxn3 Sla,12.240575,2.7798524
834060016,L6 CT VISp Ctxn3 Sla,12.240575,2.7798524
908894026,L6 CT VISp Ctxn3 Sla,12.240575,2.7798524
908858797,L6 CT VISp Ctxn3 Sla,12.240575,2.7798524
902380826,L6 CT VISp Ctxn3 Sla,12.240575,2.7798524
907485112,L6 CT VISp Ctxn3 Sla,12.240575,2.7798524
903951413,L6 CT VISp Ctxn3 Sla,12.240575,2.7798524
811387807,L6 CT VISp Ctxn3 Sla,12.240575,2.7798524
967338509,L6 CT VISp Ctxn3 Sla,12.240575,2.7798524
849667636,L6 CT VISp Ctxn3 Sla,12.240575,2.7798524
834908547,L6 CT VISp Ctxn3 Sla,12.240575,2.7798524
920615063,L6 CT VISp Ctxn3 Sla,12.240575,2.7798524
929406559,L6 CT VISp Ctxn3 Sla,12.240575,2.7798524
929406809,L6 CT VISp Gpr139,14.010353,3.86351
965771797,L6 CT VISp Gpr139,14.010353,3.86351
864030679,L6 CT VISp Gpr139,14.010353,3.86351
913837549,L6 CT VISp Gpr139,14.010353,3.86351
907337101,L6 CT VISp Gpr139,14.010353,3.86351
831195067,L6 CT VISp Gpr139,14.010353,3.86351
742717602,L6 CT VISp Gpr139,14.010353,3.86351
1010970495,L6 CT VISp Gpr139,14.010353,3.86351
978652582,L6b Col8a1 Rprm,10.5658085,-4.3523715
1035105719,L6b Col8a1 Rprm,10.5658085,-4.3523715
989382305,L6b Col8a1 Rprm,10.5658085,-4.3523715
1036061965,L6b Col8a1 Rprm,10.5658085,-4.3523715
907353172,L6b Col8a1 Rprm,10.5658085,-4.3523715
1006181229,L6b Col8a1 Rprm,10.5658085,-4.3523715
984034203,L6b Col8a1 Rprm,10.5658085,-4.3523715
1010687072,L6b Col8a1 Rprm,10.5658085,-4.3523715
970079895,L6b Col8a1 Rprm,10.5658085,-4.3523715
977029946,L6b Col8a1 Rprm,10.5658085,-4.3523715
1039273993,L6b Col8a1 Rprm,10.5658085,-4.3523715
1034933710,L6b Col8a1 Rprm,10.5658085,-4.3523715
1039862978,L6b Col8a1 Rprm,10.5658085,-4.3523715
893354404,L6b VISp Mup5,12.00964,-6.1579657
982582806,L6b VISp Mup5,12.00964,-6.1579657
983928133,L6b VISp Mup5,12.00964,-6.1579657
1036070294,L6b VISp Mup5,12.00964,-6.1579657
701075123,L6b VISp Mup5,12.00964,-6.1579657
1006178551,L6b VISp Mup5,12.00964,-6.1579657
1035989877,L6b VISp Mup5,12.00964,-6.1579657
1036055775,L6b VISp Mup5,12.00964,-6.1579657
1039564816,L6b VISp Mup5,12.00964,-6.1579657
764497316,L6b VISp Mup5,12.00964,-6.1579657
984104403,L6b VISp Mup5,12.00964,-6.1579657
1036259470,L6b VISp Mup5,12.00964,-6.1579657
912340803,L6b VISp Mup5,12.00964,-6.1579657
914265453,L6b VISp Mup5,12.00964,-6.1579657
914432180,L6b VISp Mup5,12.00964,-6.1579657
982658324,L6b VISp Mup5,12.00964,-6.1579657
1035458483,L6b VISp Mup5,12.00964,-6.1579657
1038805463,L6b VISp Mup5,12.00964,-6.1579657
610440978,L6b VISp Mup5,12.00964,-6.1579657
978677202,L6b VISp Mup5,12.00964,-6.1579657
1010976652,L6b VISp Mup5,12.00964,-6.1579657
650331035,L6b VISp Mup5,12.00964,-6.1579657
1010665186,L6b VISp Mup5,12.00964,-6.1579657
1036070797,L6b VISp Mup5,12.00964,-6.1579657
650346437,L6b VISp Mup5,12.00964,-6.1579657
989393925,L6b VISp Mup5,12.00964,-6.1579657
1006384552,L6b VISp Col8a1 Rxfp1,11.413656,-5.19764775
1010996263,L6b VISp Col8a1 Rxfp1,11.413656,-5.19764775
929962825,L6b VISp Col8a1 Rxfp1,11.413656,-5.19764775
1010692386,L6b VISp Col8a1 Rxfp1,11.413656,-5.19764775
978669806,L6b VISp Col8a1 Rxfp1,11.413656,-5.19764775
863483123,L6b VISp Col8a1 Rxfp1,11.413656,-5.19764775
1010965806,L6b VISp Col8a1 Rxfp1,11.413656,-5.19764775
1039550499,L6b VISp Col8a1 Rxfp1,11.413656,-5.19764775
978607419,L6b VISp Col8a1 Rxfp1,11.413656,-5.19764775
978138552,L6b P2ry12,10.816589,-6.5425634
1006389773,L6b P2ry12,10.816589,-6.5425634
610400799,L6b P2ry12,10.816589,-6.5425634
839584863,L6b P2ry12,10.816589,-6.5425634
970090146,L6b P2ry12,10.816589,-6.5425634
989351643,L6b P2ry12,10.816589,-6.5425634
1010970692,L6b P2ry12,10.816589,-6.5425634
984104151,L6b P2ry12,10.816589,-6.5425634
1036043483,L6b P2ry12,10.816589,-6.5425634
1039503078,L6b P2ry12,10.816589,-6.5425634
983850521,L6b P2ry12,10.816589,-6.5425634
1006163964,L6b P2ry12,10.816589,-6.5425634
1036212166,L6b P2ry12,10.816589,-6.5425634
1010978844,L6b P2ry12,10.816589,-6.5425634
1010989582,L6b P2ry12,10.816589,-6.5425634
1043809804,L6b P2ry12,10.816589,-6.5425634
1006380866,L6b P2ry12,10.816589,-6.5425634
988957754,L6b P2ry12,10.816589,-6.5425634
983975050,L6b VISp Crh,11.6197185,-6.6937685
1010677295,L6b VISp Crh,11.6197185,-6.6937685
717094565,L6b VISp Crh,11.6197185,-6.6937685
988945595,L6b VISp Crh,11.6197185,-6.6937685
1035970888,L6b VISp Crh,11.6197185,-6.6937685
1034926679,L6b VISp Crh,11.6197185,-6.6937685
1034933680,L6b VISp Crh,11.6197185,-6.6937685
733620016,L6b VISp Crh,11.6197185,-6.6937685
982558622,L6b VISp Crh,11.6197185,-6.6937685
982589904,L6b VISp Crh,11.6197185,-6.6937685
970084701,L6b VISp Crh,11.6197185,-6.6937685
984004103,L6b VISp Crh,11.6197185,-6.6937685
716853454,L6 CT VISp Ctxn3 Brinp3,13.176216,3.8483719499999998
904941454,L6 CT VISp Ctxn3 Sla,12.240575,2.7798524
904955725,L6 CT VISp Ctxn3 Sla,12.240575,2.7798524
935194956,L6 CT VISp Ctxn3 Brinp3,13.176216,3.8483719499999998
646553705,L6 CT VISp Ctxn3 Brinp3,13.176216,3.8483719499999998
728498232,L6 CT VISp Ctxn3 Brinp3,13.176216,3.8483719499999998
834039060,L6 CT VISp Ctxn3 Brinp3,13.176216,3.8483719499999998
851700690,L6 CT VISp Ctxn3 Sla,12.240575,2.7798524
891469307,L6 CT VISp Ctxn3 Brinp3,13.176216,3.8483719499999998
767362340,L6 CT VISp Ctxn3 Brinp3,13.176216,3.8483719499999998
912589594,L6 CT VISp Ctxn3 Brinp3,13.176216,3.8483719499999998
763943332,L6 CT VISp Ctxn3 Brinp3,13.176216,3.8483719499999998
811341605,L6 CT VISp Ctxn3 Brinp3,13.176216,3.8483719499999998
811375643,L6 CT VISp Ctxn3 Sla,12.240575,2.7798524
902140767,L6 CT VISp Ctxn3 Brinp3,13.176216,3.8483719499999998
902352680,L6 CT VISp Ctxn3 Sla,12.240575,2.7798524
904886485,L6 CT VISp Ctxn3 Brinp3,13.176216,3.8483719499999998
912322706,L6 CT VISp Ctxn3 Brinp3,13.176216,3.8483719499999998
937732972,L6 CT VISp Ctxn3 Sla,12.240575,2.7798524
902067954,L6 CT VISp Ctxn3 Sla,12.240575,2.7798524
902349213,L6 CT VISp Ctxn3 Brinp3,13.176216,3.8483719499999998
864012426,L6 CT VISp Ctxn3 Brinp3,13.176216,3.8483719499999998
834891776,L6 CT VISp Ctxn3 Brinp3,13.176216,3.8483719499999998
834083607,L6 CT VISp Ctxn3 Brinp3,13.176216,3.8483719499999998
646828468,L6 CT VISp Ctxn3 Brinp3,13.176216,3.8483719499999998
987063752,L6 CT VISp Ctxn3 Sla,12.240575,2.7798524
920826071,L6 CT VISp Ctxn3 Sla,12.240575,2.7798524
927927945,L6 CT VISp Ctxn3 Sla,12.240575,2.7798524
904893806,L6 CT VISp Ctxn3 Sla,12.240575,2.7798524
920594987,L6 CT VISp Ctxn3 Brinp3,13.176216,3.8483719499999998
966658997,L6 CT VISp Ctxn3 Sla,12.240575,2.7798524
882711263,L6 CT VISp Ctxn3 Brinp3,13.176216,3.8483719499999998
902158010,L6 CT VISp Ctxn3 Brinp3,13.176216,3.8483719499999998
904942307,L6 CT VISp Ctxn3 Sla,12.240575,2.7798524
941579967,L6 CT VISp Ctxn3 Sla,12.240575,2.7798524
907432789,L6 CT VISp Ctxn3 Sla,12.240575,2.7798524
908644527,L5 ET VISp C1ql2 Cdh13,4.77908,11.975673
915690724,L5 ET VISp C1ql2 Cdh13,4.77908,11.975673
951696740,L5 ET VISp C1ql2 Cdh13,4.77908,11.975673
993993470,L5 ET VISp Krt80,3.6149808500000002,13.06254425
742521771,L5 ET VISp C1ql2 Cdh13,4.77908,11.975673
742538397,L5 ET VISp C1ql2 Cdh13,4.77908,11.975673
898485751,L5 ET VISp Krt80,3.6149808500000002,13.06254425
908682883,L5 ET VISp Krt80,3.6149808500000002,13.06254425
926761275,L5 ET VISp Krt80,3.6149808500000002,13.06254425
947396671,L5 ET VISp C1ql2 Cdh13,4.77908,11.975673
957104091,L5 ET VISp C1ql2 Cdh13,4.77908,11.975673
990236615,L5 ET VISp C1ql2 Cdh13,4.77908,11.975673
994889056,L5 ET VISp Krt80,3.6149808500000002,13.06254425
681897314,L5 ET VISp Krt80,3.6149808500000002,13.06254425
912589058,L5 ET VISp Krt80,3.6149808500000002,13.06254425
947162577,L5 ET VISp C1ql2 Cdh13,4.77908,11.975673
973388326,L5 ET VISp C1ql2 Cdh13,4.77908,11.975673
990282326,L5 ET VISp Krt80,3.6149808500000002,13.06254425
995574011,L5 ET VISp Krt80,3.6149808500000002,13.06254425
950322658,L5 ET VISp C1ql2 Cdh13,4.77908,11.975673
972517935,L5 ET VISp Krt80,3.6149808500000002,13.06254425
978652336,L5 ET VISp Krt80,3.6149808500000002,13.06254425
742596680,L5 ET VISp Krt80,3.6149808500000002,13.06254425
951683418,L5 ET VISp Krt80,3.6149808500000002,13.06254425
957120771,L5 ET VISp Krt80,3.6149808500000002,13.06254425
965719385,L5 ET VISp C1ql2 Cdh13,4.77908,11.975673
973374623,L5 ET VISp Krt80,3.6149808500000002,13.06254425
989467159,L5 ET VISp C1ql2 Cdh13,4.77908,11.975673
991968323,L5 ET VISp C1ql2 Cdh13,4.77908,11.975673
647764362,L5 ET VISp Krt80,3.6149808500000002,13.06254425
982745652,L5 ET VISp C1ql2 Cdh13,4.77908,11.975673
901433799,L5 ET VISp C1ql2 Cdh13,4.77908,11.975673
695440507,L5 ET VISp Krt80,3.6149808500000002,13.06254425
915788289,L5 ET VISp C1ql2 Cdh13,4.77908,11.975673
972461300,L5 ET VISp C1ql2 Cdh13,4.77908,11.975673
972560174,L5 ET VISp Krt80,3.6149808500000002,13.06254425
901086894,L6 IT VISp Penk Fst,-1.38155955,12.03390525
921710929,L6 IT VISp Col23a1 Adamts2,-1.80549325,12.148518
962004183,L6 IT VISp Penk Fst,-1.38155955,12.03390525
990548306,L6 IT VISp Penk Fst,-1.38155955,12.03390525
740410280,L6 IT VISp Penk Fst,-1.38155955,12.03390525
908948756,L6 IT VISp Col23a1 Adamts2,-1.80549325,12.148518
837673842,L6 IT VISp Col23a1 Adamts2,-1.80549325,12.148518
884596365,L6 IT VISp Penk Fst,-1.38155955,12.03390525
969238479,L6 IT VISp Col23a1 Adamts2,-1.80549325,12.148518
972537876,L6 IT VISp Penk Fst,-1.38155955,12.03390525
645451222,L6 IT VISp Col23a1 Adamts2,-1.80549325,12.148518
935795108,L6 IT VISp Penk Fst,-1.38155955,12.03390525
741213831,L6 IT VISp Col23a1 Adamts2,-1.80549325,12.148518
963093741,L6 IT VISp Col23a1 Adamts2,-1.80549325,12.148518
922562221,L6 IT VISp Col23a1 Adamts2,-1.80549325,12.148518
915515705,L6 IT VISp Col23a1 Adamts2,-1.80549325,12.148518
661513942,L6 IT VISp Col23a1 Adamts2,-1.80549325,12.148518
896701648,L6 IT VISp Penk Fst,-1.38155955,12.03390525
841882659,L6 IT VISp Penk Fst,-1.38155955,12.03390525
740318831,L6 IT VISp Col23a1 Adamts2,-1.80549325,12.148518
922742835,L6 IT VISp Penk Fst,-1.38155955,12.03390525
908565354,L5 IT VISp Hsd11b1 Endou,-1.7980299,-0.08186342199999999
939652621,L5 IT VISp Hsd11b1 Endou,-1.7980299,-0.08186342199999999
947183968,L5 IT VISp Whrn Tox2,0.0881826275,-0.071693538
962280275,L5 IT VISp Hsd11b1 Endou,-1.7980299,-0.08186342199999999
642763833,L5 IT VISp Whrn Tox2,0.0881826275,-0.071693538
645453779,L5 IT VISp Hsd11b1 Endou,-1.7980299,-0.08186342199999999
637380781,L5 IT VISp Hsd11b1 Endou,-1.7980299,-0.08186342199999999
637414095,L5 IT VISp Hsd11b1 Endou,-1.7980299,-0.08186342199999999
764494187,L5 IT VISp Hsd11b1 Endou,-1.7980299,-0.08186342199999999
940668952,L5 IT VISp Hsd11b1 Endou,-1.7980299,-0.08186342199999999
982741319,L5 IT VISp Hsd11b1 Endou,-1.7980299,-0.08186342199999999
652959487,L5 IT VISp Hsd11b1 Endou,-1.7980299,-0.08186342199999999
679471957,L5 IT VISp Hsd11b1 Endou,-1.7980299,-0.08186342199999999
645814831,L5 IT VISp Hsd11b1 Endou,-1.7980299,-0.08186342199999999
743122822,L5 IT VISp Hsd11b1 Endou,-1.7980299,-0.08186342199999999
824978806,L5 IT VISp Hsd11b1 Endou,-1.7980299,-0.08186342199999999
882256858,L5 IT VISp Hsd11b1 Endou,-1.7980299,-0.08186342199999999
952786723,L5 IT VISp Whrn Tox2,0.0881826275,-0.071693538
990599451,L5 IT VISp Hsd11b1 Endou,-1.7980299,-0.08186342199999999
656714583,L5 IT VISp Hsd11b1 Endou,-1.7980299,-0.08186342199999999
963306220,L5 IT VISp Hsd11b1 Endou,-1.7980299,-0.08186342199999999
893381309,L6b VISp Col8a1 Rxfp1,11.413656,-5.19764775
984027717,L6b VISp Mup5,12.00964,-6.1579657
986895113,L6b VISp Mup5,12.00964,-6.1579657
1034908713,L6b VISp Col8a1 Rxfp1,11.413656,-5.19764775
926555099,L6b VISp Mup5,12.00964,-6.1579657
850983752,L2/3 IT VISp Adamts2,3.72502265,-5.30757955
737997401,L2/3 IT VISp Agmat,3.1455767,-8.167568
954032889,L2/3 IT VISp Agmat,3.1455767,-8.167568
927833265,L2/3 IT VISp Agmat,3.1455767,-8.167568
867650384,L2/3 IT VISp Agmat,3.1455767,-8.167568
999853927,L2/3 IT VISp Agmat,3.1455767,-8.167568
678661149,L6 IT VISp Penk Col27a1,0.28354577999999997,10.9276705
965591192,L6 IT VISp Penk Col27a1,0.28354577999999997,10.9276705
972443999,L6 IT VISp Penk Col27a1,0.28354577999999997,10.9276705
636835010,L6 IT VISp Penk Fst,-1.38155955,12.03390525
639996724,L6 IT VISp Col23a1 Adamts2,-1.80549325,12.148518
929547484,L6 IT VISp Penk Col27a1,0.28354577999999997,10.9276705
972447764,L6 IT VISp Penk Fst,-1.38155955,12.03390525
987168573,L6 IT VISp Penk Fst,-1.38155955,12.03390525
990340884,L6 IT VISp Penk Col27a1,0.28354577999999997,10.9276705
697525735,L6 IT VISp Penk Col27a1,0.28354577999999997,10.9276705
716793760,L6 IT VISp Col23a1 Adamts2,-1.80549325,12.148518
893433491,L6 IT VISp Penk Col27a1,0.28354577999999997,10.9276705
896931841,L6 IT VISp Col23a1 Adamts2,-1.80549325,12.148518
910335214,L6 IT VISp Penk Col27a1,0.28354577999999997,10.9276705
912896677,L6 IT VISp Penk Col27a1,0.28354577999999997,10.9276705
918928552,L6 IT VISp Penk Col27a1,0.28354577999999997,10.9276705
921759520,L6 IT VISp Penk Col27a1,0.28354577999999997,10.9276705
990342517,L6 IT VISp Penk Col27a1,0.28354577999999997,10.9276705
990348610,L6 IT VISp Penk Col27a1,0.28354577999999997,10.9276705
741865175,L6 IT VISp Penk Col27a1,0.28354577999999997,10.9276705
765881445,L6 IT VISp Penk Fst,-1.38155955,12.03390525
867765823,L6 IT VISp Penk Col27a1,0.28354577999999997,10.9276705
913774081,L6 IT VISp Col23a1 Adamts2,-1.80549325,12.148518
990594834,L6 IT VISp Penk Col27a1,0.28354577999999997,10.9276705
882770947,L6 IT VISp Penk Col27a1,0.28354577999999997,10.9276705
916627946,L6 IT VISp Penk Fst,-1.38155955,12.03390525
966873774,L6 IT VISp Col23a1 Adamts2,-1.80549325,12.148518
820060969,L6 IT VISp Col23a1 Adamts2,-1.80549325,12.148518
969200089,L6 IT VISp Col23a1 Adamts2,-1.80549325,12.148518
880774141,L5 ET VISp C1ql2 Cdh13,4.77908,11.975673
926894447,L5 ET VISp C1ql2 Cdh13,4.77908,11.975673
948360577,L5 ET VISp C1ql2 Cdh13,4.77908,11.975673
830435948,L5 ET VISp C1ql2 Ptgfr,5.770586,10.010533
970073623,L5 ET VISp C1ql2 Cdh13,4.77908,11.975673
823083861,L5 ET VISp C1ql2 Cdh13,4.77908,11.975673
901412692,L5 ET VISp C1ql2 Ptgfr,5.770586,10.010533
906552358,L5 ET VISp C1ql2 Cdh13,4.77908,11.975673
912767246,L5 ET VISp C1ql2 Cdh13,4.77908,11.975673
992396717,L5 ET VISp C1ql2 Cdh13,4.77908,11.975673
1034747172,L5 ET VISp C1ql2 Ptgfr,5.770586,10.010533
826837153,L5 ET VISp C1ql2 Cdh13,4.77908,11.975673
940635765,L5 ET VISp C1ql2 Cdh13,4.77908,11.975673
994718096,L5 ET VISp C1ql2 Cdh13,4.77908,11.975673
827882326,L5 ET VISp C1ql2 Cdh13,4.77908,11.975673
866049737,L5 ET VISp C1ql2 Cdh13,4.77908,11.975673
915675559,L5 ET VISp C1ql2 Cdh13,4.77908,11.975673
644821657,L5 ET VISp C1ql2 Cdh13,4.77908,11.975673
796802673,L6 CT VISp Krt80 Sla,11.1784915,1.78075785
907388787,L6 CT VISp Ctxn3 Brinp3,13.176216,3.8483719499999998
644953743,L6 CT VISp Ctxn3 Sla,12.240575,2.7798524
927532600,L6 CT VISp Ctxn3 Sla,12.240575,2.7798524
646827381,L6 CT VISp Ctxn3 Sla,12.240575,2.7798524
964999658,L6 CT VISp Ctxn3 Sla,12.240575,2.7798524
841817193,L6 CT VISp Nxph2 Wls,11.624832,3.20871195
851692805,L6 CT VISp Ctxn3 Sla,12.240575,2.7798524
902021902,L6 CT VISp Ctxn3 Sla,12.240575,2.7798524
847876759,L2/3 IT VISp Adamts2,3.72502265,-5.30757955
910247459,L2/3 IT VISp Rrad,1.79831265,-6.82201185
910375338,L2/3 IT VISp Agmat,3.1455767,-8.167568
935671381,L2/3 IT VISp Adamts2,3.72502265,-5.30757955
950075297,L2/3 IT VISp Rrad,1.79831265,-6.82201185
962212550,L2/3 IT VISp Agmat,3.1455767,-8.167568
667328279,L2/3 IT VISp Rrad,1.79831265,-6.82201185
640006296,L2/3 IT VISp Agmat,3.1455767,-8.167568
661481525,L2/3 IT VISp Rrad,1.79831265,-6.82201185
680858122,L2/3 IT VISp Adamts2,3.72502265,-5.30757955
739840659,L2/3 IT VISp Adamts2,3.72502265,-5.30757955
951555639,L2/3 IT VISp Rrad,1.79831265,-6.82201185
969998828,L2/3 IT VISp Agmat,3.1455767,-8.167568
993540449,L2/3 IT VISp Agmat,3.1455767,-8.167568
993546249,L2/3 IT VISp Rrad,1.79831265,-6.82201185
706461666,L2/3 IT VISp Agmat,3.1455767,-8.167568
912289883,L2/3 IT VISp Agmat,3.1455767,-8.167568
912340608,L2/3 IT VISp Rrad,1.79831265,-6.82201185
668474280,L2/3 IT VISp Rrad,1.79831265,-6.82201185
964019012,L2/3 IT VISp Rrad,1.79831265,-6.82201185
898559010,L2/3 IT VISp Rrad,1.79831265,-6.82201185
904094833,L2/3 IT VISp Rrad,1.79831265,-6.82201185
904832267,L2/3 IT VISp Rrad,1.79831265,-6.82201185
914412754,L2/3 IT VISp Rrad,1.79831265,-6.82201185
924641774,L2/3 IT VISp Rrad,1.79831265,-6.82201185
929533489,L2/3 IT VISp Rrad,1.79831265,-6.82201185
950334912,L2/3 IT VISp Agmat,3.1455767,-8.167568
962991503,L2/3 IT VISp Rrad,1.79831265,-6.82201185
994011832,L2/3 IT VISp Agmat,3.1455767,-8.167568
919102928,L2/3 IT VISp Agmat,3.1455767,-8.167568
652532278,L5 IT VISp Batf3,1.7974479,1.15551945
895777329,L5 IT VISp Batf3,1.7974479,1.15551945
971582554,L5 IT VISp Whrn Tox2,0.0881826275,-0.071693538
681419547,L5 IT VISp Batf3,1.7974479,1.15551945
680574993,L5 IT VISp Batf3,1.7974479,1.15551945
847902873,L5 IT VISp Batf3,1.7974479,1.15551945
681931335,L5 IT VISp Batf3,1.7974479,1.15551945
887207252,L5 IT VISp Whrn Tox2,0.0881826275,-0.071693538
899711102,L5 IT VISp Whrn Tox2,0.0881826275,-0.071693538
1043949183,L5 IT VISp Whrn Tox2,0.0881826275,-0.071693538
989369441,L6b VISp Col8a1 Rxfp1,11.413656,-5.19764775
1035086628,L6b Col8a1 Rprm,10.5658085,-4.3523715
839587095,L6b VISp Col8a1 Rxfp1,11.413656,-5.19764775
970078299,L6b Col8a1 Rprm,10.5658085,-4.3523715
984056604,L6b VISp Col8a1 Rxfp1,11.413656,-5.19764775
897003522,L6 CT VISp Ctxn3 Brinp3,13.176216,3.8483719499999998
899444388,L6 CT VISp Krt80 Sla,11.1784915,1.78075785
903818367,L6 CT VISp Ctxn3 Sla,12.240575,2.7798524
904005886,L6 CT VISp Ctxn3 Brinp3,13.176216,3.8483719499999998
964872401,L6 CT VISp Nxph2 Wls,11.624832,3.20871195
699818438,L6 CT VISp Nxph2 Wls,11.624832,3.20871195
904709665,L6 CT VISp Krt80 Sla,11.1784915,1.78075785
908902400,L6 CT VISp Ctxn3 Sla,12.240575,2.7798524
932730437,L6 CT VISp Ctxn3 Sla,12.240575,2.7798524
935175357,L6 CT VISp Ctxn3 Sla,12.240575,2.7798524
972470759,L6 CT VISp Ctxn3 Sla,12.240575,2.7798524
985930816,L6 CT VISp Ctxn3 Brinp3,13.176216,3.8483719499999998
863438221,L6 CT VISp Ctxn3 Sla,12.240575,2.7798524
903801677,L6 CT VISp Ctxn3 Sla,12.240575,2.7798524
903868118,L6 CT VISp Ctxn3 Brinp3,13.176216,3.8483719499999998
904792055,L6 CT VISp Krt80 Sla,11.1784915,1.78075785
834919146,L6 CT VISp Ctxn3 Sla,12.240575,2.7798524
904094606,L6 CT VISp Ctxn3 Sla,12.240575,2.7798524
904689430,L6 CT VISp Krt80 Sla,11.1784915,1.78075785
908927809,L6 CT VISp Ctxn3 Brinp3,13.176216,3.8483719499999998
910310523,L6 CT VISp Ctxn3 Sla,12.240575,2.7798524
910472811,L6 CT VISp Krt80 Sla,11.1784915,1.78075785
919660405,L6 CT VISp Ctxn3 Sla,12.240575,2.7798524
919917343,L6 CT VISp Ctxn3 Sla,12.240575,2.7798524
926949214,L6 CT VISp Ctxn3 Brinp3,13.176216,3.8483719499999998
972429481,L6 CT VISp Ctxn3 Sla,12.240575,2.7798524
972470526,L6 CT VISp Ctxn3 Sla,12.240575,2.7798524
904683111,L6 CT VISp Krt80 Sla,11.1784915,1.78075785
863438397,L6 CT VISp Ctxn3 Brinp3,13.176216,3.8483719499999998
907381185,L6 CT VISp Krt80 Sla,11.1784915,1.78075785
851580834,L6 CT VISp Krt80 Sla,11.1784915,1.78075785
963049789,L6 CT VISp Nxph2 Wls,11.624832,3.20871195
907357664,L6 CT VISp Ctxn3 Sla,12.240575,2.7798524
841810440,L6 CT VISp Ctxn3 Brinp3,13.176216,3.8483719499999998
864068767,L6 CT VISp Ctxn3 Brinp3,13.176216,3.8483719499999998
903824576,L6 CT VISp Ctxn3 Brinp3,13.176216,3.8483719499999998
987089070,L6 CT VISp Ctxn3 Brinp3,13.176216,3.8483719499999998
934844641,L6 IT VISp Col23a1 Adamts2,-1.80549325,12.148518
966765795,L6 IT VISp Col18a1,-1.421628,13.797767
636851021,L6 IT VISp Penk Fst,-1.38155955,12.03390525
736499017,L6 IT VISp Col23a1 Adamts2,-1.80549325,12.148518
741206508,L6 IT VISp Col18a1,-1.421628,13.797767
853868880,L6 IT VISp Col18a1,-1.421628,13.797767
904899939,L6 IT VISp Col18a1,-1.421628,13.797767
912572106,L6 IT VISp Penk Fst,-1.38155955,12.03390525
965750161,L6 IT VISp Col18a1,-1.421628,13.797767
967739190,L6 IT VISp Col23a1 Adamts2,-1.80549325,12.148518
969301940,L6 IT VISp Penk Col27a1,0.28354577999999997,10.9276705
971517180,L6 IT VISp Col23a1 Adamts2,-1.80549325,12.148518
640026162,L6 IT VISp Penk Col27a1,0.28354577999999997,10.9276705
645451457,L6 IT VISp Col18a1,-1.421628,13.797767
716779804,L6 IT VISp Col18a1,-1.421628,13.797767
880784016,L6 IT VISp Col18a1,-1.421628,13.797767
882302773,L6 IT VISp Penk Col27a1,0.28354577999999997,10.9276705
917624301,L6 IT VISp Col23a1 Adamts2,-1.80549325,12.148518
919091442,L6 IT VISp Col23a1 Adamts2,-1.80549325,12.148518
926861604,L6 IT VISp Col23a1 Adamts2,-1.80549325,12.148518
740290698,L6 IT VISp Col23a1 Adamts2,-1.80549325,12.148518
740305711,L6 IT VISp Col18a1,-1.421628,13.797767
882275192,L6 IT VISp Col18a1,-1.421628,13.797767
904040156,L6 IT VISp Col18a1,-1.421628,13.797767
919979431,L6 IT VISp Col23a1 Adamts2,-1.80549325,12.148518
966849374,L6 IT VISp Col23a1 Adamts2,-1.80549325,12.148518
972447551,L6 IT VISp Col23a1 Adamts2,-1.80549325,12.148518
990347572,L6 IT VISp Col23a1 Adamts2,-1.80549325,12.148518
847862090,L5 ET VISp C1ql2 Ptgfr,5.770586,10.010533
898952816,L5 ET VISp C1ql2 Ptgfr,5.770586,10.010533
898962389,L5 ET VISp C1ql2 Ptgfr,5.770586,10.010533
906485870,L5 ET VISp Krt80,3.6149808500000002,13.06254425
907148849,L5 ET VISp C1ql2 Ptgfr,5.770586,10.010533
940603431,L5 ET VISp C1ql2 Cdh13,4.77908,11.975673
947390515,L5 ET VISp C1ql2 Ptgfr,5.770586,10.010533
948338231,L5 ET VISp Krt80,3.6149808500000002,13.06254425
992399256,L5 ET VISp C1ql2 Cdh13,4.77908,11.975673
603481505,L5 ET VISp C1ql2 Cdh13,4.77908,11.975673
604098167,L5 ET VISp C1ql2 Ptgfr,5.770586,10.010533
605493156,L5 ET VISp C1ql2 Ptgfr,5.770586,10.010533
648143167,L5 ET VISp Krt80,3.6149808500000002,13.06254425
645363692,L5 ET VISp C1ql2 Ptgfr,5.770586,10.010533
637380444,L5 ET VISp C1ql2 Cdh13,4.77908,11.975673
644581427,L5 ET VISp C1ql2 Ptgfr,5.770586,10.010533
645818223,L5 ET VISp C1ql2 Cdh13,4.77908,11.975673
841854478,L5 ET VISp C1ql2 Ptgfr,5.770586,10.010533
896111494,L5 ET VISp C1ql2 Ptgfr,5.770586,10.010533
896602326,L5 ET VISp C1ql2 Cdh13,4.77908,11.975673
898683305,L5 ET VISp C1ql2 Ptgfr,5.770586,10.010533
898953706,L5 ET VISp C1ql2 Ptgfr,5.770586,10.010533
899705429,L5 ET VISp C1ql2 Ptgfr,5.770586,10.010533
902311705,L5 ET VISp C1ql2 Ptgfr,5.770586,10.010533
904839273,L5 ET VISp Lgr5,4.7048252,10.431045000000001
908960987,L5 ET VISp C1ql2 Ptgfr,5.770586,10.010533
913695508,L5 ET VISp C1ql2 Cdh13,4.77908,11.975673
950284677,L5 ET VISp C1ql2 Ptgfr,5.770586,10.010533
950322566,L5 ET VISp C1ql2 Cdh13,4.77908,11.975673
961935353,L5 ET VISp C1ql2 Ptgfr,5.770586,10.010533
963287636,L5 ET VISp C1ql2 Cdh13,4.77908,11.975673
973486704,L5 ET VISp C1ql2 Ptgfr,5.770586,10.010533
973772579,L5 ET VISp C1ql2 Ptgfr,5.770586,10.010533
973778435,L5 ET VISp C1ql2 Ptgfr,5.770586,10.010533
975282560,L5 ET VISp Krt80,3.6149808500000002,13.06254425
975488447,L5 ET VISp C1ql2 Cdh13,4.77908,11.975673
982731503,L5 ET VISp C1ql2 Ptgfr,5.770586,10.010533
989128029,L5 ET VISp C1ql2 Cdh13,4.77908,11.975673
990213121,L5 ET VISp C1ql2 Ptgfr,5.770586,10.010533
990229295,L5 ET VISp C1ql2 Ptgfr,5.770586,10.010533
991975097,L5 ET VISp C1ql2 Cdh13,4.77908,11.975673
991980391,L5 ET VISp C1ql2 Cdh13,4.77908,11.975673
1035142577,L5 ET VISp C1ql2 Ptgfr,5.770586,10.010533
645444644,L5 ET VISp C1ql2 Ptgfr,5.770586,10.010533
645529985,L5 ET VISp C1ql2 Cdh13,4.77908,11.975673
645542364,L5 ET VISp C1ql2 Ptgfr,5.770586,10.010533
645807027,L5 ET VISp Krt80,3.6149808500000002,13.06254425
826840774,L5 ET VISp C1ql2 Ptgfr,5.770586,10.010533
826848163,L5 ET VISp C1ql2 Ptgfr,5.770586,10.010533
839337787,L5 ET VISp C1ql2 Cdh13,4.77908,11.975673
882449590,L5 ET VISp Lgr5,4.7048252,10.431045000000001
882763615,L5 ET VISp C1ql2 Ptgfr,5.770586,10.010533
896118739,L5 ET VISp C1ql2 Ptgfr,5.770586,10.010533
896124663,L5 ET VISp C1ql2 Ptgfr,5.770586,10.010533
898894447,L5 ET VISp C1ql2 Ptgfr,5.770586,10.010533
898939046,L5 ET VISp C1ql2 Ptgfr,5.770586,10.010533
907429679,L5 ET VISp C1ql2 Ptgfr,5.770586,10.010533
908632324,L5 ET VISp C1ql2 Cdh13,4.77908,11.975673
909547798,L5 ET VISp C1ql2 Ptgfr,5.770586,10.010533
912014913,L5 ET VISp C1ql2 Ptgfr,5.770586,10.010533
948312017,L5 ET VISp C1ql2 Ptgfr,5.770586,10.010533
970747135,L5 ET VISp Krt80,3.6149808500000002,13.06254425
971582405,L5 ET VISp C1ql2 Cdh13,4.77908,11.975673
972549205,L5 ET VISp C1ql2 Ptgfr,5.770586,10.010533
973440862,L5 ET VISp Krt80,3.6149808500000002,13.06254425
973478464,L5 ET VISp Krt80,3.6149808500000002,13.06254425
975449315,L5 ET VISp Lgr5,4.7048252,10.431045000000001
976964380,L5 ET VISp Lgr5,4.7048252,10.431045000000001
982732167,L5 ET VISp C1ql2 Ptgfr,5.770586,10.010533
983550630,L5 ET VISp C1ql2 Ptgfr,5.770586,10.010533
983638695,L5 ET VISp C1ql2 Ptgfr,5.770586,10.010533
987036222,L5 ET VISp C1ql2 Ptgfr,5.770586,10.010533
989153463,L5 ET VISp Krt80,3.6149808500000002,13.06254425
990258379,L5 ET VISp C1ql2 Ptgfr,5.770586,10.010533
990271469,L5 ET VISp C1ql2 Ptgfr,5.770586,10.010533
990599962,L5 ET VISp Krt80,3.6149808500000002,13.06254425
991966596,L5 ET VISp C1ql2 Ptgfr,5.770586,10.010533
992023765,L5 ET VISp C1ql2 Ptgfr,5.770586,10.010533
992220647,L5 ET VISp C1ql2 Ptgfr,5.770586,10.010533
992393250,L5 ET VISp C1ql2 Ptgfr,5.770586,10.010533
992782216,L5 ET VISp Lgr5,4.7048252,10.431045000000001
1000780329,L5 ET VISp Krt80,3.6149808500000002,13.06254425
645444689,L5 ET VISp Krt80,3.6149808500000002,13.06254425
651055533,L5 ET VISp C1ql2 Ptgfr,5.770586,10.010533
681639459,L5 ET VISp C1ql2 Cdh13,4.77908,11.975673
898967483,L5 ET VISp C1ql2 Ptgfr,5.770586,10.010533
916473265,L5 ET VISp C1ql2 Ptgfr,5.770586,10.010533
926926652,L5 ET VISp C1ql2 Ptgfr,5.770586,10.010533
932130950,L5 ET VISp C1ql2 Cdh13,4.77908,11.975673
948405847,L5 ET VISp C1ql2 Ptgfr,5.770586,10.010533
970810491,L5 ET VISp C1ql2 Ptgfr,5.770586,10.010533
971702340,L5 ET VISp Lgr5,4.7048252,10.431045000000001
972458284,L5 ET VISp C1ql2 Cdh13,4.77908,11.975673
973488284,L5 ET VISp C1ql2 Ptgfr,5.770586,10.010533
982738610,L5 ET VISp C1ql2 Ptgfr,5.770586,10.010533
989522310,L5 ET VISp Lgr5,4.7048252,10.431045000000001
990350059,L5 ET VISp Krt80,3.6149808500000002,13.06254425
990354179,L5 ET VISp C1ql2 Cdh13,4.77908,11.975673
990557098,L5 ET VISp C1ql2 Ptgfr,5.770586,10.010533
992205657,L5 ET VISp C1ql2 Ptgfr,5.770586,10.010533
992393180,L5 ET VISp C1ql2 Cdh13,4.77908,11.975673
992412609,L5 ET VISp C1ql2 Cdh13,4.77908,11.975673
992790109,L5 ET VISp C1ql2 Ptgfr,5.770586,10.010533
823218199,L5 ET VISp C1ql2 Ptgfr,5.770586,10.010533
823260493,L5 ET VISp C1ql2 Cdh13,4.77908,11.975673
823268448,L5 ET VISp C1ql2 Cdh13,4.77908,11.975673
826840735,L5 ET VISp C1ql2 Ptgfr,5.770586,10.010533
827867891,L5 ET VISp C1ql2 Cdh13,4.77908,11.975673
827903615,L5 ET VISp C1ql2 Ptgfr,5.770586,10.010533
827968165,L5 ET VISp C1ql2 Ptgfr,5.770586,10.010533
880784997,L5 ET VISp C1ql2 Ptgfr,5.770586,10.010533
898967534,L5 ET VISp C1ql2 Ptgfr,5.770586,10.010533
899473601,L5 ET VISp Lgr5,4.7048252,10.431045000000001
901440363,L5 ET VISp C1ql2 Ptgfr,5.770586,10.010533
901445982,L5 ET VISp C1ql2 Ptgfr,5.770586,10.010533
906552550,L5 ET VISp C1ql2 Ptgfr,5.770586,10.010533
909564578,L5 ET VISp C1ql2 Ptgfr,5.770586,10.010533
937880943,L5 ET VISp C1ql2 Ptgfr,5.770586,10.010533
939539000,L5 ET VISp C1ql2 Ptgfr,5.770586,10.010533
940778879,L5 ET VISp C1ql2 Ptgfr,5.770586,10.010533
940794414,L5 ET VISp Lgr5,4.7048252,10.431045000000001
948277237,L5 ET VISp C1ql2 Ptgfr,5.770586,10.010533
950243428,L5 ET VISp C1ql2 Ptgfr,5.770586,10.010533
950272456,L5 ET VISp C1ql2 Ptgfr,5.770586,10.010533
961235271,L5 ET VISp C1ql2 Ptgfr,5.770586,10.010533
962087670,L5 ET VISp C1ql2 Ptgfr,5.770586,10.010533
963283581,L5 ET VISp Krt80,3.6149808500000002,13.06254425
965052351,L5 ET VISp Lgr5,4.7048252,10.431045000000001
965072268,L5 ET VISp Krt80,3.6149808500000002,13.06254425
970683827,L5 ET VISp Lgr5,4.7048252,10.431045000000001
970760401,L5 ET VISp C1ql2 Ptgfr,5.770586,10.010533
972557075,L5 ET VISp C1ql2 Ptgfr,5.770586,10.010533
982728140,L5 ET VISp Lgr5,4.7048252,10.431045000000001
987172681,L5 ET VISp Krt80,3.6149808500000002,13.06254425
989131618,L5 ET VISp C1ql2 Cdh13,4.77908,11.975673
989385812,L5 ET VISp Krt80,3.6149808500000002,13.06254425
990225226,L5 ET VISp C1ql2 Ptgfr,5.770586,10.010533
990607167,L5 ET VISp C1ql2 Cdh13,4.77908,11.975673
992021164,L5 ET VISp Krt80,3.6149808500000002,13.06254425
992749267,L5 ET VISp C1ql2 Ptgfr,5.770586,10.010533
994887261,L5 ET VISp Lgr5,4.7048252,10.431045000000001
995565521,L5 ET VISp C1ql2 Ptgfr,5.770586,10.010533
1043785128,L5 ET VISp C1ql2 Ptgfr,5.770586,10.010533
916620597,L5 ET VISp Krt80,3.6149808500000002,13.06254425
637848035,L6b P2ry12,10.816589,-6.5425634
1038773445,L6b P2ry12,10.816589,-6.5425634
727134547,L6b VISp Crh,11.6197185,-6.6937685
982542941,L6b VISp Crh,11.6197185,-6.6937685
834030537,L6 CT VISp Ctxn3 Brinp3,13.176216,3.8483719499999998
853581206,L6 CT VISp Ctxn3 Brinp3,13.176216,3.8483719499999998
902332313,L6 CT VISp Ctxn3 Brinp3,13.176216,3.8483719499999998
966473885,L6 CT VISp Ctxn3 Sla,12.240575,2.7798524
967310207,L6 CT VISp Krt80 Sla,11.1784915,1.78075785
978571024,L6 CT VISp Ctxn3 Brinp3,13.176216,3.8483719499999998
653197964,L6 CT VISp Ctxn3 Brinp3,13.176216,3.8483719499999998
644953476,L6 CT VISp Ctxn3 Brinp3,13.176216,3.8483719499999998
653193740,L6 CT VISp Ctxn3 Brinp3,13.176216,3.8483719499999998
831228486,L6 CT VISp Ctxn3 Brinp3,13.176216,3.8483719499999998
863450651,L6 CT VISp Ctxn3 Sla,12.240575,2.7798524
902357532,L6 CT VISp Ctxn3 Brinp3,13.176216,3.8483719499999998
908858936,L6 CT VISp Ctxn3 Brinp3,13.176216,3.8483719499999998
965091329,L6 CT VISp Ctxn3 Sla,12.240575,2.7798524
965598664,L6 CT VISp Ctxn3 Brinp3,13.176216,3.8483719499999998
973498848,L6 CT VISp Ctxn3 Brinp3,13.176216,3.8483719499999998
985832231,L6 CT VISp Ctxn3 Sla,12.240575,2.7798524
986867466,L6 CT VISp Krt80 Sla,11.1784915,1.78075785
646545810,L6 CT VISp Ctxn3 Brinp3,13.176216,3.8483719499999998
667490896,L6 CT VISp Ctxn3 Brinp3,13.176216,3.8483719499999998
693266006,L6 CT VISp Ctxn3 Brinp3,13.176216,3.8483719499999998
811347913,L6 CT VISp Gpr139,14.010353,3.86351
841788339,L6 CT VISp Ctxn3 Brinp3,13.176216,3.8483719499999998
851542876,L6 CT VISp Ctxn3 Brinp3,13.176216,3.8483719499999998
851580386,L6 CT VISp Ctxn3 Brinp3,13.176216,3.8483719499999998
851632776,L6 CT VISp Ctxn3 Brinp3,13.176216,3.8483719499999998
851733264,L6 CT VISp Ctxn3 Brinp3,13.176216,3.8483719499999998
853511959,L6 CT VISp Ctxn3 Brinp3,13.176216,3.8483719499999998
853739259,L6 CT VISp Ctxn3 Brinp3,13.176216,3.8483719499999998
853783953,L6 CT VISp Ctxn3 Brinp3,13.176216,3.8483719499999998
863515305,L6 CT VISp Krt80 Sla,11.1784915,1.78075785
889486893,L6 CT VISp Ctxn3 Brinp3,13.176216,3.8483719499999998
893371082,L6 CT VISp Ctxn3 Brinp3,13.176216,3.8483719499999998
902074217,L6 CT VISp Ctxn3 Brinp3,13.176216,3.8483719499999998
902284580,L6 CT VISp Ctxn3 Brinp3,13.176216,3.8483719499999998
903890643,L6 CT VISp Ctxn3 Brinp3,13.176216,3.8483719499999998
904036565,L6 CT VISp Ctxn3 Brinp3,13.176216,3.8483719499999998
904051017,L6 CT VISp Ctxn3 Brinp3,13.176216,3.8483719499999998
904683452,L6 CT VISp Ctxn3 Brinp3,13.176216,3.8483719499999998
904935208,L6 CT VISp Ctxn3 Brinp3,13.176216,3.8483719499999998
913819943,L6 CT VISp Ctxn3 Brinp3,13.176216,3.8483719499999998
917596020,L6 CT VISp Ctxn3 Brinp3,13.176216,3.8483719499999998
918953508,L6 CT VISp Ctxn3 Brinp3,13.176216,3.8483719499999998
961908189,L6 CT VISp Krt80 Sla,11.1784915,1.78075785
964887215,L6 CT VISp Ctxn3 Brinp3,13.176216,3.8483719499999998
965609536,L6 CT VISp Ctxn3 Brinp3,13.176216,3.8483719499999998
983916754,L6 CT VISp Ctxn3 Brinp3,13.176216,3.8483719499999998
986853824,L6 CT VISp Ctxn3 Brinp3,13.176216,3.8483719499999998
646565496,L6 CT VISp Ctxn3 Brinp3,13.176216,3.8483719499999998
853692765,L6 CT VISp Gpr139,14.010353,3.86351
902311826,L6 CT VISp Ctxn3 Brinp3,13.176216,3.8483719499999998
904796843,L6 CT VISp Ctxn3 Brinp3,13.176216,3.8483719499999998
907319241,L6 CT VISp Ctxn3 Brinp3,13.176216,3.8483719499999998
907462719,L6 CT VISp Ctxn3 Brinp3,13.176216,3.8483719499999998
930057008,L6 CT VISp Ctxn3 Brinp3,13.176216,3.8483719499999998
931814669,L6 CT VISp Ctxn3 Brinp3,13.176216,3.8483719499999998
931941575,L6 CT VISp Ctxn3 Sla,12.240575,2.7798524
990518594,L6 CT VISp Ctxn3 Brinp3,13.176216,3.8483719499999998
811355609,L6 CT VISp Krt80 Sla,11.1784915,1.78075785
853738976,L6 CT VISp Gpr139,14.010353,3.86351
864012243,L6 CT VISp Ctxn3 Brinp3,13.176216,3.8483719499999998
901983596,L6 CT VISp Ctxn3 Sla,12.240575,2.7798524
904653320,L6 CT VISp Ctxn3 Brinp3,13.176216,3.8483719499999998
920549874,L6 CT VISp Ctxn3 Sla,12.240575,2.7798524
920880594,L6 CT VISp Ctxn3 Sla,12.240575,2.7798524
929416648,L6 CT VISp Ctxn3 Brinp3,13.176216,3.8483719499999998
942421907,L6 CT VISp Ctxn3 Brinp3,13.176216,3.8483719499999998
985908331,L6 CT VISp Ctxn3 Brinp3,13.176216,3.8483719499999998
988932172,L6 CT VISp Krt80 Sla,11.1784915,1.78075785
990352026,L6 CT VISp Ctxn3 Brinp3,13.176216,3.8483719499999998
646849289,L6 CT VISp Ctxn3 Brinp3,13.176216,3.8483719499999998
646574007,L6 CT VISp Ctxn3 Sla,12.240575,2.7798524
977051346,L6b VISp Mup5,12.00964,-6.1579657
978638200,L6b VISp Crh,11.6197185,-6.6937685
978652004,L6b VISp Crh,11.6197185,-6.6937685
988975250,L6b VISp Mup5,12.00964,-6.1579657
916582970,L6b VISp Crh,11.6197185,-6.6937685
1010667236,L6b P2ry12,10.816589,-6.5425634
601628311,L5 IT VISp Col6a1 Fezf2,1.8257408,2.40826485
899378174,L5 IT VISp Batf3,1.7974479,1.15551945
976957750,L5 IT VISp Col6a1 Fezf2,1.8257408,2.40826485
644818070,L5 IT VISp Batf3,1.7974479,1.15551945
645435058,L5 IT VISp Col6a1 Fezf2,1.8257408,2.40826485
644592469,L5 IT VISp Batf3,1.7974479,1.15551945
645648565,L5 IT VISp Batf3,1.7974479,1.15551945
695406854,L5 IT VISp Batf3,1.7974479,1.15551945
847880487,L5 IT VISp Batf3,1.7974479,1.15551945
891911493,L5 IT VISp Col6a1 Fezf2,1.8257408,2.40826485
895878023,L5 IT VISp Batf3,1.7974479,1.15551945
947281123,L5 IT VISp Batf3,1.7974479,1.15551945
983319917,L5 IT VISp Col6a1 Fezf2,1.8257408,2.40826485
880895865,L5 IT VISp Hsd11b1 Endou,-1.7980299,-0.08186342199999999
645536677,L5 IT VISp Hsd11b1 Endou,-1.7980299,-0.08186342199999999
971546167,L5 ET VISp Chrna6,11.004996,11.9815705
895562607,L5 ET VISp Chrna6,11.004996,11.9815705
947504249,L5 ET VISp Lgr5,4.7048252,10.431045000000001
679499842,L4 IT VISp Rspo1,-1.7910793,-3.7460554
717306549,L5 IT VISp Hsd11b1 Endou,-1.7980299,-0.08186342199999999
880884775,L5 IT VISp Hsd11b1 Endou,-1.7980299,-0.08186342199999999
882206710,L4 IT VISp Rspo1,-1.7910793,-3.7460554
939537835,L4 IT VISp Rspo1,-1.7910793,-3.7460554
953996283,L4 IT VISp Rspo1,-1.7910793,-3.7460554
956433844,L5 IT VISp Hsd11b1 Endou,-1.7980299,-0.08186342199999999
623328910,L5 IT VISp Hsd11b1 Endou,-1.7980299,-0.08186342199999999
628545731,L5 IT VISp Hsd11b1 Endou,-1.7980299,-0.08186342199999999
642777215,L4 IT VISp Rspo1,-1.7910793,-3.7460554
643510812,L4 IT VISp Rspo1,-1.7910793,-3.7460554
698726330,L4 IT VISp Rspo1,-1.7910793,-3.7460554
699810540,L4 IT VISp Rspo1,-1.7910793,-3.7460554
717085044,L4 IT VISp Rspo1,-1.7910793,-3.7460554
612410245,L5 IT VISp Hsd11b1 Endou,-1.7980299,-0.08186342199999999
638813221,L4 IT VISp Rspo1,-1.7910793,-3.7460554
638831018,L5 IT VISp Hsd11b1 Endou,-1.7980299,-0.08186342199999999
639360153,L5 IT VISp Hsd11b1 Endou,-1.7980299,-0.08186342199999999
645364320,L5 IT VISp Hsd11b1 Endou,-1.7980299,-0.08186342199999999
645379753,L5 IT VISp Hsd11b1 Endou,-1.7980299,-0.08186342199999999
693265542,L5 IT VISp Hsd11b1 Endou,-1.7980299,-0.08186342199999999
701160557,L4 IT VISp Rspo1,-1.7910793,-3.7460554
764056194,L5 IT VISp Hsd11b1 Endou,-1.7980299,-0.08186342199999999
824972626,L4 IT VISp Rspo1,-1.7910793,-3.7460554
895674035,L4 IT VISp Rspo1,-1.7910793,-3.7460554
956571115,L2/3 IT VISp Agmat,3.1455767,-8.167568
969580983,L4 IT VISp Rspo1,-1.7910793,-3.7460554
970740639,L5 IT VISp Col27a1,2.17801865,7.6704378
645368074,L4 IT VISp Rspo1,-1.7910793,-3.7460554
645453340,L5 IT VISp Hsd11b1 Endou,-1.7980299,-0.08186342199999999
681907807,L4 IT VISp Rspo1,-1.7910793,-3.7460554
639242112,L5 IT VISp Hsd11b1 Endou,-1.7980299,-0.08186342199999999
644964595,L5 IT VISp Batf3,1.7974479,1.15551945
645380099,L5 IT VISp Hsd11b1 Endou,-1.7980299,-0.08186342199999999
645547517,L4 IT VISp Rspo1,-1.7910793,-3.7460554
648315812,L5 IT VISp Hsd11b1 Endou,-1.7980299,-0.08186342199999999
828727287,L5 IT VISp Hsd11b1 Endou,-1.7980299,-0.08186342199999999
839285831,L5 IT VISp Hsd11b1 Endou,-1.7980299,-0.08186342199999999
882322637,L4 IT VISp Rspo1,-1.7910793,-3.7460554
893450158,L4 IT VISp Rspo1,-1.7910793,-3.7460554
898608019,L5 IT VISp Col27a1,2.17801865,7.6704378
899481714,L5 IT VISp Col27a1,2.17801865,7.6704378
963225872,L4 IT VISp Rspo1,-1.7910793,-3.7460554
978162264,L4 IT VISp Rspo1,-1.7910793,-3.7460554
1044350923,L4 IT VISp Rspo1,-1.7910793,-3.7460554
644933664,L2/3 IT VISp Agmat,3.1455767,-8.167568
764482368,L5 IT VISp Hsd11b1 Endou,-1.7980299,-0.08186342199999999
820009113,L4 IT VISp Rspo1,-1.7910793,-3.7460554
825430061,L4 IT VISp Rspo1,-1.7910793,-3.7460554
899583778,L2/3 IT VISp Agmat,3.1455767,-8.167568
950154720,L5 IT VISp Hsd11b1 Endou,-1.7980299,-0.08186342199999999
973777288,L5 IT VISp Hsd11b1 Endou,-1.7980299,-0.08186342199999999
763970766,L5 IT VISp Hsd11b1 Endou,-1.7980299,-0.08186342199999999
764475368,L4 IT VISp Rspo1,-1.7910793,-3.7460554
764492424,L5 IT VISp Hsd11b1 Endou,-1.7980299,-0.08186342199999999
898889738,L4 IT VISp Rspo1,-1.7910793,-3.7460554
901364185,L6 IT VISp Penk Col27a1,0.28354577999999997,10.9276705
948372246,L4 IT VISp Rspo1,-1.7910793,-3.7460554
951747950,L4 IT VISp Rspo1,-1.7910793,-3.7460554
956084807,L2/3 IT VISp Agmat,3.1455767,-8.167568
971557004,L5 IT VISp Hsd11b1 Endou,-1.7980299,-0.08186342199999999
975405575,L5 IT VISp Hsd11b1 Endou,-1.7980299,-0.08186342199999999
990354927,L6 IT VISp Penk Col27a1,0.28354577999999997,10.9276705
645369849,L4 IT VISp Rspo1,-1.7910793,-3.7460554
927489061,L6b Col8a1 Rprm,10.5658085,-4.3523715
977040125,L6b Col8a1 Rprm,10.5658085,-4.3523715
1039251161,L6 CT VISp Krt80 Sla,11.1784915,1.78075785
1038767044,L6 CT VISp Krt80 Sla,11.1784915,1.78075785
867742255,L6 IT VISp Car3,-10.114802000000001,10.0805135
645000232,L4 IT VISp Rspo1,-1.7910793,-3.7460554
656721795,L5 IT VISp Batf3,1.7974479,1.15551945
638978050,L4 IT VISp Rspo1,-1.7910793,-3.7460554
642998101,L5 ET VISp Krt80,3.6149808500000002,13.06254425
645348660,L5 IT VISp Hsd11b1 Endou,-1.7980299,-0.08186342199999999
992769339,L6 IT VISp Col18a1,-1.421628,13.797767
639374007,L4 IT VISp Rspo1,-1.7910793,-3.7460554
648035771,L4 IT VISp Rspo1,-1.7910793,-3.7460554
975282813,L5 IT VISp Hsd11b1 Endou,-1.7980299,-0.08186342199999999
898670132,L6 IT VISp Col18a1,-1.421628,13.797767
1054714226,L6 IT VISp Car3,-10.114802000000001,10.0805135
645458163,L5 ET VISp Krt80,3.6149808500000002,13.06254425
653200894,L6 CT VISp Ctxn3 Sla,12.240575,2.7798524
926770192,L5 ET VISp Lgr5,4.7048252,10.431045000000001
1036186120,L6b Col8a1 Rprm,10.5658085,-4.3523715
1039243792,L6b VISp Crh,11.6197185,-6.6937685
